# Blender 5.0.1
# www.blender.org
mtllib Gold.mtl
o Cube
v 0.605195 0.027739 -1.848655
v 0.577169 0.104607 -1.735944
v 0.694135 0.029546 -1.760288
v 0.827004 -0.532445 -2.020776
v 0.789543 -0.374527 -2.006399
v 0.880139 -0.376335 -1.919451
v 0.909631 -0.533818 -1.936399
v 0.694135 0.029546 1.734635
v 0.577169 0.104607 1.710290
v 0.605195 0.027739 1.823002
v 0.880139 -0.376335 1.893797
v 0.789543 -0.374527 1.980746
v 0.827004 -0.532445 1.995123
v 0.909631 -0.533818 1.910745
v -0.605195 0.027739 -1.848655
v -0.694135 0.029546 -1.760288
v -0.577169 0.104607 -1.735944
v -0.909631 -0.533818 -1.936399
v -0.880139 -0.376335 -1.919451
v -0.789543 -0.374527 -2.006399
v -0.827004 -0.532445 -2.020776
v -0.694135 0.029546 1.734635
v -0.605195 0.027739 1.823001
v -0.577169 0.104607 1.710290
v -0.909631 -0.533818 1.910745
v -0.827004 -0.532445 1.995123
v -0.789543 -0.374527 1.980746
v -0.880139 -0.376335 1.893797
v 0.826543 -0.540182 -2.019271
v 0.909334 -0.538808 -1.935428
v 0.821859 -0.621230 -1.920936
v 0.826543 -0.540182 1.993617
v 0.821859 -0.621230 1.895283
v 0.909334 -0.538808 1.909774
v -0.909334 -0.538808 -1.935428
v -0.826543 -0.540182 -2.019271
v -0.821859 -0.621230 -1.920936
v -0.909334 -0.538808 1.909774
v -0.821859 -0.621230 1.895283
v -0.826543 -0.540182 1.993618
v 0.382629 -0.012693 1.117985
v 0.380480 -0.012693 1.129657
v 0.376981 -0.012693 1.140514
v 0.372200 -0.012693 1.150494
v 0.366204 -0.012693 1.159533
v 0.359060 -0.012693 1.167570
v 0.350836 -0.012693 1.174542
v 0.341600 -0.012693 1.180387
v 0.331419 -0.012693 1.185041
v 0.320360 -0.012693 1.188444
v 0.308491 -0.012693 1.190531
v 0.295880 -0.012693 1.191240
v 0.283765 -0.012693 1.190503
v 0.272310 -0.012693 1.188343
v 0.261590 -0.012693 1.184839
v 0.251680 -0.012693 1.180067
v 0.242655 -0.012693 1.174105
v 0.234590 -0.012693 1.167030
v 0.227560 -0.012693 1.158921
v 0.221640 -0.012693 1.149854
v 0.216905 -0.012693 1.139906
v 0.213430 -0.012693 1.129157
v 0.211290 -0.012693 1.117682
v 0.210560 -0.012693 1.105560
v 0.211317 -0.012693 1.094182
v 0.213530 -0.012693 1.083328
v 0.217107 -0.012693 1.073087
v 0.221960 -0.012693 1.063547
v 0.227997 -0.012693 1.054797
v 0.235130 -0.012693 1.046925
v 0.243268 -0.012693 1.040021
v 0.252320 -0.012693 1.034173
v 0.262197 -0.012693 1.029471
v 0.272810 -0.012693 1.026002
v 0.284068 -0.012693 1.023855
v 0.295880 -0.012693 1.023120
v 0.308264 -0.012693 1.023828
v 0.319985 -0.012693 1.025902
v 0.330963 -0.012693 1.029268
v 0.341120 -0.012693 1.033853
v 0.350377 -0.012693 1.039584
v 0.358655 -0.012693 1.046385
v 0.365876 -0.012693 1.054184
v 0.371960 -0.012693 1.062907
v 0.376829 -0.012693 1.072479
v 0.380405 -0.012693 1.082828
v 0.382608 -0.012693 1.093880
v 0.383360 -0.012693 1.105560
v 0.243756 -0.012693 1.113864
v 0.245037 -0.012693 1.121648
v 0.247123 -0.012693 1.128876
v 0.249973 -0.012693 1.135507
v 0.253549 -0.012693 1.141503
v 0.257810 -0.012693 1.146825
v 0.262716 -0.012693 1.151435
v 0.268227 -0.012693 1.155293
v 0.274303 -0.012693 1.158362
v 0.280903 -0.012693 1.160602
v 0.287989 -0.012693 1.161974
v 0.295520 -0.012693 1.162440
v 0.303713 -0.012693 1.161995
v 0.311350 -0.012693 1.160678
v 0.318403 -0.012693 1.158519
v 0.324840 -0.012693 1.155547
v 0.330633 -0.012693 1.151789
v 0.335750 -0.012693 1.147275
v 0.340163 -0.012693 1.142034
v 0.343840 -0.012693 1.136093
v 0.346753 -0.012693 1.129483
v 0.348870 -0.012693 1.122232
v 0.350163 -0.012693 1.114368
v 0.350600 -0.012693 1.105920
v 0.350128 -0.012693 1.098278
v 0.348745 -0.012693 1.091045
v 0.346499 -0.012693 1.084270
v 0.343440 -0.012693 1.078000
v 0.339616 -0.012693 1.072286
v 0.335075 -0.012693 1.067175
v 0.329867 -0.012693 1.062717
v 0.324040 -0.012693 1.058960
v 0.317643 -0.012693 1.055953
v 0.310725 -0.012693 1.053745
v 0.303334 -0.012693 1.052384
v 0.295520 -0.012693 1.051920
v 0.288140 -0.012693 1.052384
v 0.281153 -0.012693 1.053743
v 0.274606 -0.012693 1.055948
v 0.268547 -0.012693 1.058947
v 0.263022 -0.012693 1.062691
v 0.258080 -0.012693 1.067130
v 0.253768 -0.012693 1.072214
v 0.250133 -0.012693 1.077893
v 0.247224 -0.012693 1.084118
v 0.245087 -0.012693 1.090837
v 0.243770 -0.012693 1.098001
v 0.243320 -0.012693 1.105560
v 0.142160 -0.012693 1.188000
v 0.142160 -0.012693 0.942480
v 0.174200 -0.012693 0.942480
v 0.174200 -0.012693 1.188000
v 0.076951 -0.012693 0.996304
v 0.074482 -0.012693 0.995792
v 0.072134 -0.012693 0.994967
v 0.069933 -0.012693 0.993854
v 0.067902 -0.012693 0.992475
v 0.066065 -0.012693 0.990855
v 0.064445 -0.012693 0.989018
v 0.063067 -0.012693 0.986987
v 0.061953 -0.012693 0.984786
v 0.061128 -0.012693 0.982439
v 0.060616 -0.012693 0.979969
v 0.060440 -0.012693 0.977400
v 0.060616 -0.012693 0.974832
v 0.061128 -0.012693 0.972362
v 0.061953 -0.012693 0.970015
v 0.063067 -0.012693 0.967813
v 0.064445 -0.012693 0.965782
v 0.066065 -0.012693 0.963945
v 0.067902 -0.012693 0.962325
v 0.069933 -0.012693 0.960947
v 0.072134 -0.012693 0.959833
v 0.074482 -0.012693 0.959009
v 0.076951 -0.012693 0.958496
v 0.079520 -0.012693 0.958320
v 0.082089 -0.012693 0.958496
v 0.084558 -0.012693 0.959008
v 0.086906 -0.012693 0.959833
v 0.089107 -0.012693 0.960947
v 0.091138 -0.012693 0.962325
v 0.092975 -0.012693 0.963945
v 0.094595 -0.012693 0.965782
v 0.095973 -0.012693 0.967813
v 0.097087 -0.012693 0.970015
v 0.097912 -0.012693 0.972362
v 0.098424 -0.012693 0.974832
v 0.098600 -0.012693 0.977400
v 0.098424 -0.012693 0.979969
v 0.097912 -0.012693 0.982439
v 0.097087 -0.012693 0.984786
v 0.095973 -0.012693 0.986987
v 0.094595 -0.012693 0.989018
v 0.092975 -0.012693 0.990855
v 0.091138 -0.012693 0.992475
v 0.089107 -0.012693 0.993854
v 0.086906 -0.012693 0.994967
v 0.084558 -0.012693 0.995792
v 0.082089 -0.012693 0.996304
v 0.079520 -0.012693 0.996480
v 0.063320 -0.012693 1.188000
v 0.063320 -0.012693 1.026360
v 0.095360 -0.012693 1.026360
v 0.095360 -0.012693 1.188000
v -0.009040 -0.012693 1.188000
v -0.133960 -0.012693 1.066680
v -0.133960 -0.012693 1.188000
v -0.169240 -0.012693 1.188000
v -0.169240 -0.012693 0.942480
v -0.133960 -0.012693 0.942480
v -0.133960 -0.012693 1.054800
v -0.030640 -0.012693 0.942480
v 0.013280 -0.012693 0.942480
v -0.093640 -0.012693 1.058760
v 0.039560 -0.012693 1.188000
v -0.403600 -0.012693 1.188000
v -0.403600 -0.012693 0.942480
v -0.368320 -0.012693 0.942480
v -0.368320 -0.012693 1.188000
v 0.195760 -0.012693 0.078426
v 0.205167 -0.012693 0.071268
v 0.213924 -0.012693 0.063883
v 0.222013 -0.012693 0.056307
v 0.229418 -0.012693 0.048575
v 0.236120 -0.012693 0.040725
v 0.242102 -0.012693 0.032792
v 0.247347 -0.012693 0.024813
v 0.251836 -0.012693 0.016824
v 0.255553 -0.012693 0.008862
v 0.258480 -0.012693 0.000961
v 0.260600 -0.012693 -0.006840
v 0.257828 -0.012693 -0.005273
v 0.254923 -0.012693 -0.003817
v 0.251904 -0.012693 -0.002475
v 0.248787 -0.012693 -0.001253
v 0.245590 -0.012693 -0.000157
v 0.242330 -0.012693 0.000810
v 0.239025 -0.012693 0.001642
v 0.235693 -0.012693 0.002333
v 0.232351 -0.012693 0.002880
v 0.229017 -0.012693 0.003277
v 0.225707 -0.012693 0.003518
v 0.222440 -0.012693 0.003600
v 0.212905 -0.012693 0.002954
v 0.203793 -0.012693 0.001068
v 0.195181 -0.012693 -0.001974
v 0.187147 -0.012693 -0.006093
v 0.179767 -0.012693 -0.011207
v 0.173120 -0.012693 -0.017235
v 0.167283 -0.012693 -0.024095
v 0.162333 -0.012693 -0.031707
v 0.158349 -0.012693 -0.039988
v 0.155407 -0.012693 -0.048858
v 0.153585 -0.012693 -0.058236
v 0.152960 -0.012693 -0.068040
v 0.153567 -0.012693 -0.077109
v 0.155357 -0.012693 -0.086052
v 0.158281 -0.012693 -0.094742
v 0.162293 -0.012693 -0.103053
v 0.167345 -0.012693 -0.110860
v 0.173390 -0.012693 -0.118035
v 0.180380 -0.012693 -0.124453
v 0.188267 -0.012693 -0.129987
v 0.197004 -0.012693 -0.134511
v 0.206543 -0.012693 -0.137898
v 0.216838 -0.012693 -0.140024
v 0.227840 -0.012693 -0.140760
v 0.238906 -0.012693 -0.139979
v 0.249377 -0.012693 -0.137695
v 0.259183 -0.012693 -0.133993
v 0.268253 -0.012693 -0.128960
v 0.276519 -0.012693 -0.122682
v 0.283910 -0.012693 -0.115245
v 0.290356 -0.012693 -0.106736
v 0.295787 -0.012693 -0.097240
v 0.300133 -0.012693 -0.086844
v 0.303323 -0.012693 -0.075635
v 0.305289 -0.012693 -0.063698
v 0.305960 -0.012693 -0.051120
v 0.305119 -0.012693 -0.036121
v 0.302653 -0.012693 -0.020918
v 0.298648 -0.012693 -0.005653
v 0.293187 -0.012693 0.009533
v 0.286356 -0.012693 0.024500
v 0.278240 -0.012693 0.039105
v 0.268924 -0.012693 0.053208
v 0.258493 -0.012693 0.066667
v 0.247033 -0.012693 0.079341
v 0.234627 -0.012693 0.091088
v 0.221361 -0.012693 0.101769
v 0.207320 -0.012693 0.111240
v 0.185720 -0.012693 0.085320
v 0.232683 -0.012693 -0.029963
v 0.235500 -0.012693 -0.030217
v 0.238438 -0.012693 -0.030645
v 0.241480 -0.012693 -0.031253
v 0.244613 -0.012693 -0.032047
v 0.247820 -0.012693 -0.033030
v 0.251088 -0.012693 -0.034208
v 0.254400 -0.012693 -0.035587
v 0.257743 -0.012693 -0.037170
v 0.261100 -0.012693 -0.038963
v 0.264458 -0.012693 -0.040972
v 0.267800 -0.012693 -0.043200
v 0.268214 -0.012693 -0.045288
v 0.268558 -0.012693 -0.047242
v 0.268841 -0.012693 -0.049078
v 0.269067 -0.012693 -0.050813
v 0.269243 -0.012693 -0.052464
v 0.269375 -0.012693 -0.054045
v 0.269470 -0.012693 -0.055574
v 0.269533 -0.012693 -0.057067
v 0.269572 -0.012693 -0.058539
v 0.269592 -0.012693 -0.060008
v 0.269599 -0.012693 -0.061490
v 0.269600 -0.012693 -0.063000
v 0.269226 -0.012693 -0.068863
v 0.268135 -0.012693 -0.074530
v 0.266377 -0.012693 -0.079943
v 0.264000 -0.012693 -0.085040
v 0.261053 -0.012693 -0.089763
v 0.257585 -0.012693 -0.094050
v 0.253644 -0.012693 -0.097843
v 0.249280 -0.012693 -0.101080
v 0.244541 -0.012693 -0.103703
v 0.239475 -0.012693 -0.105650
v 0.234132 -0.012693 -0.106863
v 0.228560 -0.012693 -0.107280
v 0.222851 -0.012693 -0.106948
v 0.217448 -0.012693 -0.105975
v 0.212388 -0.012693 -0.104394
v 0.207707 -0.012693 -0.102240
v 0.203440 -0.012693 -0.099546
v 0.199625 -0.012693 -0.096345
v 0.196297 -0.012693 -0.092672
v 0.193493 -0.012693 -0.088560
v 0.191249 -0.012693 -0.084043
v 0.189602 -0.012693 -0.079155
v 0.188586 -0.012693 -0.073929
v 0.188240 -0.012693 -0.068400
v 0.188622 -0.012693 -0.063180
v 0.189733 -0.012693 -0.058172
v 0.191525 -0.012693 -0.053421
v 0.193947 -0.012693 -0.048973
v 0.196948 -0.012693 -0.044876
v 0.200480 -0.012693 -0.041175
v 0.204492 -0.012693 -0.037916
v 0.208933 -0.012693 -0.035147
v 0.213755 -0.012693 -0.032912
v 0.218907 -0.012693 -0.031258
v 0.224338 -0.012693 -0.030232
v 0.230000 -0.012693 -0.029880
v 0.015760 -0.012693 0.078426
v 0.025167 -0.012693 0.071268
v 0.033924 -0.012693 0.063883
v 0.042013 -0.012693 0.056307
v 0.049418 -0.012693 0.048575
v 0.056120 -0.012693 0.040725
v 0.062102 -0.012693 0.032792
v 0.067347 -0.012693 0.024813
v 0.071836 -0.012693 0.016824
v 0.075553 -0.012693 0.008862
v 0.078480 -0.012693 0.000961
v 0.080600 -0.012693 -0.006840
v 0.077828 -0.012693 -0.005273
v 0.074923 -0.012693 -0.003817
v 0.071904 -0.012693 -0.002475
v 0.068787 -0.012693 -0.001253
v 0.065590 -0.012693 -0.000157
v 0.062330 -0.012693 0.000810
v 0.059025 -0.012693 0.001642
v 0.055693 -0.012693 0.002333
v 0.052351 -0.012693 0.002880
v 0.049017 -0.012693 0.003277
v 0.045707 -0.012693 0.003518
v 0.042440 -0.012693 0.003600
v 0.032905 -0.012693 0.002954
v 0.023793 -0.012693 0.001068
v 0.015181 -0.012693 -0.001974
v 0.007147 -0.012693 -0.006093
v -0.000233 -0.012693 -0.011207
v -0.006880 -0.012693 -0.017235
v -0.012717 -0.012693 -0.024095
v -0.017667 -0.012693 -0.031707
v -0.021651 -0.012693 -0.039988
v -0.024593 -0.012693 -0.048858
v -0.026415 -0.012693 -0.058236
v -0.027040 -0.012693 -0.068040
v -0.026433 -0.012693 -0.077109
v -0.024643 -0.012693 -0.086052
v -0.021719 -0.012693 -0.094742
v -0.017707 -0.012693 -0.103053
v -0.012655 -0.012693 -0.110860
v -0.006610 -0.012693 -0.118035
v 0.000380 -0.012693 -0.124453
v 0.008267 -0.012693 -0.129987
v 0.017004 -0.012693 -0.134511
v 0.026543 -0.012693 -0.137898
v 0.036838 -0.012693 -0.140024
v 0.047840 -0.012693 -0.140760
v 0.058906 -0.012693 -0.139979
v 0.069377 -0.012693 -0.137695
v 0.079183 -0.012693 -0.133993
v 0.088253 -0.012693 -0.128960
v 0.096519 -0.012693 -0.122682
v 0.103910 -0.012693 -0.115245
v 0.110356 -0.012693 -0.106736
v 0.115787 -0.012693 -0.097240
v 0.120133 -0.012693 -0.086844
v 0.123323 -0.012693 -0.075635
v 0.125289 -0.012693 -0.063698
v 0.125960 -0.012693 -0.051120
v 0.125119 -0.012693 -0.036121
v 0.122653 -0.012693 -0.020918
v 0.118648 -0.012693 -0.005653
v 0.113187 -0.012693 0.009533
v 0.106356 -0.012693 0.024500
v 0.098240 -0.012693 0.039105
v 0.088924 -0.012693 0.053208
v 0.078493 -0.012693 0.066667
v 0.067033 -0.012693 0.079341
v 0.054627 -0.012693 0.091088
v 0.041361 -0.012693 0.101769
v 0.027320 -0.012693 0.111240
v 0.005720 -0.012693 0.085320
v 0.052683 -0.012693 -0.029963
v 0.055500 -0.012693 -0.030217
v 0.058438 -0.012693 -0.030645
v 0.061480 -0.012693 -0.031253
v 0.064613 -0.012693 -0.032047
v 0.067820 -0.012693 -0.033030
v 0.071088 -0.012693 -0.034208
v 0.074400 -0.012693 -0.035587
v 0.077743 -0.012693 -0.037170
v 0.081100 -0.012693 -0.038963
v 0.084458 -0.012693 -0.040972
v 0.087800 -0.012693 -0.043200
v 0.088214 -0.012693 -0.045288
v 0.088558 -0.012693 -0.047242
v 0.088841 -0.012693 -0.049078
v 0.089067 -0.012693 -0.050813
v 0.089243 -0.012693 -0.052464
v 0.089375 -0.012693 -0.054045
v 0.089470 -0.012693 -0.055574
v 0.089533 -0.012693 -0.057067
v 0.089572 -0.012693 -0.058539
v 0.089592 -0.012693 -0.060008
v 0.089599 -0.012693 -0.061490
v 0.089600 -0.012693 -0.063000
v 0.089226 -0.012693 -0.068863
v 0.088135 -0.012693 -0.074530
v 0.086377 -0.012693 -0.079943
v 0.084000 -0.012693 -0.085040
v 0.081053 -0.012693 -0.089763
v 0.077585 -0.012693 -0.094050
v 0.073644 -0.012693 -0.097843
v 0.069280 -0.012693 -0.101080
v 0.064541 -0.012693 -0.103703
v 0.059475 -0.012693 -0.105650
v 0.054132 -0.012693 -0.106863
v 0.048560 -0.012693 -0.107280
v 0.042851 -0.012693 -0.106948
v 0.037448 -0.012693 -0.105975
v 0.032388 -0.012693 -0.104394
v 0.027707 -0.012693 -0.102240
v 0.023440 -0.012693 -0.099546
v 0.019625 -0.012693 -0.096345
v 0.016297 -0.012693 -0.092672
v 0.013493 -0.012693 -0.088560
v 0.011249 -0.012693 -0.084043
v 0.009602 -0.012693 -0.079155
v 0.008586 -0.012693 -0.073929
v 0.008240 -0.012693 -0.068400
v 0.008622 -0.012693 -0.063180
v 0.009733 -0.012693 -0.058172
v 0.011525 -0.012693 -0.053421
v 0.013947 -0.012693 -0.048973
v 0.016948 -0.012693 -0.044876
v 0.020480 -0.012693 -0.041175
v 0.024492 -0.012693 -0.037916
v 0.028933 -0.012693 -0.035147
v 0.033755 -0.012693 -0.032912
v 0.038907 -0.012693 -0.031258
v 0.044338 -0.012693 -0.030232
v 0.050000 -0.012693 -0.029880
v -0.164240 -0.012693 0.078426
v -0.154833 -0.012693 0.071268
v -0.146076 -0.012693 0.063883
v -0.137987 -0.012693 0.056307
v -0.130582 -0.012693 0.048575
v -0.123880 -0.012693 0.040725
v -0.117898 -0.012693 0.032792
v -0.112653 -0.012693 0.024813
v -0.108164 -0.012693 0.016824
v -0.104447 -0.012693 0.008862
v -0.101520 -0.012693 0.000961
v -0.099400 -0.012693 -0.006840
v -0.102172 -0.012693 -0.005273
v -0.105077 -0.012693 -0.003817
v -0.108096 -0.012693 -0.002475
v -0.111213 -0.012693 -0.001253
v -0.114410 -0.012693 -0.000157
v -0.117670 -0.012693 0.000810
v -0.120975 -0.012693 0.001642
v -0.124307 -0.012693 0.002333
v -0.127649 -0.012693 0.002880
v -0.130983 -0.012693 0.003277
v -0.134293 -0.012693 0.003518
v -0.137560 -0.012693 0.003600
v -0.147095 -0.012693 0.002954
v -0.156207 -0.012693 0.001068
v -0.164819 -0.012693 -0.001974
v -0.172853 -0.012693 -0.006093
v -0.180233 -0.012693 -0.011207
v -0.186880 -0.012693 -0.017235
v -0.192717 -0.012693 -0.024095
v -0.197667 -0.012693 -0.031707
v -0.201651 -0.012693 -0.039988
v -0.204593 -0.012693 -0.048858
v -0.206415 -0.012693 -0.058236
v -0.207040 -0.012693 -0.068040
v -0.206433 -0.012693 -0.077109
v -0.204643 -0.012693 -0.086052
v -0.201719 -0.012693 -0.094742
v -0.197707 -0.012693 -0.103053
v -0.192655 -0.012693 -0.110860
v -0.186610 -0.012693 -0.118035
v -0.179620 -0.012693 -0.124453
v -0.171733 -0.012693 -0.129987
v -0.162996 -0.012693 -0.134511
v -0.153457 -0.012693 -0.137898
v -0.143162 -0.012693 -0.140024
v -0.132160 -0.012693 -0.140760
v -0.121094 -0.012693 -0.139979
v -0.110623 -0.012693 -0.137695
v -0.100817 -0.012693 -0.133993
v -0.091747 -0.012693 -0.128960
v -0.083481 -0.012693 -0.122682
v -0.076090 -0.012693 -0.115245
v -0.069644 -0.012693 -0.106736
v -0.064213 -0.012693 -0.097240
v -0.059867 -0.012693 -0.086844
v -0.056677 -0.012693 -0.075635
v -0.054711 -0.012693 -0.063698
v -0.054040 -0.012693 -0.051120
v -0.054881 -0.012693 -0.036121
v -0.057347 -0.012693 -0.020918
v -0.061352 -0.012693 -0.005653
v -0.066813 -0.012693 0.009533
v -0.073644 -0.012693 0.024500
v -0.081760 -0.012693 0.039105
v -0.091076 -0.012693 0.053208
v -0.101507 -0.012693 0.066667
v -0.112967 -0.012693 0.079341
v -0.125373 -0.012693 0.091088
v -0.138639 -0.012693 0.101769
v -0.152680 -0.012693 0.111240
v -0.174280 -0.012693 0.085320
v -0.127317 -0.012693 -0.029963
v -0.124500 -0.012693 -0.030217
v -0.121562 -0.012693 -0.030645
v -0.118520 -0.012693 -0.031253
v -0.115387 -0.012693 -0.032047
v -0.112180 -0.012693 -0.033030
v -0.108912 -0.012693 -0.034208
v -0.105600 -0.012693 -0.035587
v -0.102257 -0.012693 -0.037170
v -0.098900 -0.012693 -0.038963
v -0.095542 -0.012693 -0.040972
v -0.092200 -0.012693 -0.043200
v -0.091786 -0.012693 -0.045288
v -0.091442 -0.012693 -0.047242
v -0.091159 -0.012693 -0.049078
v -0.090933 -0.012693 -0.050813
v -0.090757 -0.012693 -0.052464
v -0.090625 -0.012693 -0.054045
v -0.090530 -0.012693 -0.055574
v -0.090467 -0.012693 -0.057067
v -0.090428 -0.012693 -0.058539
v -0.090408 -0.012693 -0.060008
v -0.090401 -0.012693 -0.061490
v -0.090400 -0.012693 -0.063000
v -0.090774 -0.012693 -0.068863
v -0.091865 -0.012693 -0.074530
v -0.093623 -0.012693 -0.079943
v -0.096000 -0.012693 -0.085040
v -0.098947 -0.012693 -0.089763
v -0.102415 -0.012693 -0.094050
v -0.106356 -0.012693 -0.097843
v -0.110720 -0.012693 -0.101080
v -0.115459 -0.012693 -0.103703
v -0.120525 -0.012693 -0.105650
v -0.125868 -0.012693 -0.106863
v -0.131440 -0.012693 -0.107280
v -0.137149 -0.012693 -0.106948
v -0.142552 -0.012693 -0.105975
v -0.147612 -0.012693 -0.104394
v -0.152293 -0.012693 -0.102240
v -0.156560 -0.012693 -0.099546
v -0.160375 -0.012693 -0.096345
v -0.163703 -0.012693 -0.092672
v -0.166507 -0.012693 -0.088560
v -0.168751 -0.012693 -0.084043
v -0.170398 -0.012693 -0.079155
v -0.171414 -0.012693 -0.073929
v -0.171760 -0.012693 -0.068400
v -0.171378 -0.012693 -0.063180
v -0.170267 -0.012693 -0.058172
v -0.168475 -0.012693 -0.053421
v -0.166053 -0.012693 -0.048973
v -0.163052 -0.012693 -0.044876
v -0.159520 -0.012693 -0.041175
v -0.155508 -0.012693 -0.037916
v -0.151067 -0.012693 -0.035147
v -0.146245 -0.012693 -0.032912
v -0.141093 -0.012693 -0.031258
v -0.135662 -0.012693 -0.030232
v -0.130000 -0.012693 -0.029880
v -0.344240 -0.012693 0.078426
v -0.334833 -0.012693 0.071268
v -0.326076 -0.012693 0.063883
v -0.317987 -0.012693 0.056307
v -0.310582 -0.012693 0.048575
v -0.303880 -0.012693 0.040725
v -0.297898 -0.012693 0.032792
v -0.292653 -0.012693 0.024813
v -0.288164 -0.012693 0.016824
v -0.284447 -0.012693 0.008862
v -0.281520 -0.012693 0.000961
v -0.279400 -0.012693 -0.006840
v -0.282172 -0.012693 -0.005273
v -0.285077 -0.012693 -0.003817
v -0.288096 -0.012693 -0.002475
v -0.291213 -0.012693 -0.001253
v -0.294410 -0.012693 -0.000157
v -0.297670 -0.012693 0.000810
v -0.300975 -0.012693 0.001642
v -0.304307 -0.012693 0.002333
v -0.307649 -0.012693 0.002880
v -0.310983 -0.012693 0.003277
v -0.314293 -0.012693 0.003518
v -0.317560 -0.012693 0.003600
v -0.327095 -0.012693 0.002954
v -0.336207 -0.012693 0.001068
v -0.344819 -0.012693 -0.001974
v -0.352853 -0.012693 -0.006093
v -0.360233 -0.012693 -0.011207
v -0.366880 -0.012693 -0.017235
v -0.372717 -0.012693 -0.024095
v -0.377667 -0.012693 -0.031707
v -0.381651 -0.012693 -0.039988
v -0.384593 -0.012693 -0.048858
v -0.386415 -0.012693 -0.058236
v -0.387040 -0.012693 -0.068040
v -0.386433 -0.012693 -0.077109
v -0.384643 -0.012693 -0.086052
v -0.381719 -0.012693 -0.094742
v -0.377707 -0.012693 -0.103053
v -0.372655 -0.012693 -0.110860
v -0.366610 -0.012693 -0.118035
v -0.359620 -0.012693 -0.124453
v -0.351733 -0.012693 -0.129987
v -0.342996 -0.012693 -0.134511
v -0.333457 -0.012693 -0.137898
v -0.323162 -0.012693 -0.140024
v -0.312160 -0.012693 -0.140760
v -0.301094 -0.012693 -0.139979
v -0.290623 -0.012693 -0.137695
v -0.280817 -0.012693 -0.133993
v -0.271747 -0.012693 -0.128960
v -0.263481 -0.012693 -0.122682
v -0.256090 -0.012693 -0.115245
v -0.249644 -0.012693 -0.106736
v -0.244213 -0.012693 -0.097240
v -0.239867 -0.012693 -0.086844
v -0.236677 -0.012693 -0.075635
v -0.234711 -0.012693 -0.063698
v -0.234040 -0.012693 -0.051120
v -0.234881 -0.012693 -0.036121
v -0.237347 -0.012693 -0.020918
v -0.241353 -0.012693 -0.005653
v -0.246813 -0.012693 0.009533
v -0.253644 -0.012693 0.024500
v -0.261760 -0.012693 0.039105
v -0.271076 -0.012693 0.053208
v -0.281507 -0.012693 0.066667
v -0.292968 -0.012693 0.079341
v -0.305373 -0.012693 0.091088
v -0.318639 -0.012693 0.101769
v -0.332680 -0.012693 0.111240
v -0.354280 -0.012693 0.085320
v -0.307318 -0.012693 -0.029963
v -0.304500 -0.012693 -0.030217
v -0.301563 -0.012693 -0.030645
v -0.298520 -0.012693 -0.031253
v -0.295388 -0.012693 -0.032047
v -0.292180 -0.012693 -0.033030
v -0.288913 -0.012693 -0.034208
v -0.285600 -0.012693 -0.035587
v -0.282258 -0.012693 -0.037170
v -0.278900 -0.012693 -0.038963
v -0.275542 -0.012693 -0.040972
v -0.272200 -0.012693 -0.043200
v -0.271787 -0.012693 -0.045288
v -0.271442 -0.012693 -0.047242
v -0.271159 -0.012693 -0.049078
v -0.270933 -0.012693 -0.050813
v -0.270757 -0.012693 -0.052464
v -0.270625 -0.012693 -0.054045
v -0.270530 -0.012693 -0.055574
v -0.270467 -0.012693 -0.057067
v -0.270428 -0.012693 -0.058539
v -0.270408 -0.012693 -0.060008
v -0.270401 -0.012693 -0.061490
v -0.270400 -0.012693 -0.063000
v -0.270774 -0.012693 -0.068863
v -0.271865 -0.012693 -0.074530
v -0.273623 -0.012693 -0.079943
v -0.276000 -0.012693 -0.085040
v -0.278947 -0.012693 -0.089763
v -0.282415 -0.012693 -0.094050
v -0.286356 -0.012693 -0.097843
v -0.290720 -0.012693 -0.101080
v -0.295459 -0.012693 -0.103703
v -0.300525 -0.012693 -0.105650
v -0.305868 -0.012693 -0.106863
v -0.311440 -0.012693 -0.107280
v -0.317149 -0.012693 -0.106948
v -0.322552 -0.012693 -0.105975
v -0.327612 -0.012693 -0.104394
v -0.332293 -0.012693 -0.102240
v -0.336560 -0.012693 -0.099546
v -0.340375 -0.012693 -0.096345
v -0.343703 -0.012693 -0.092672
v -0.346507 -0.012693 -0.088560
v -0.348751 -0.012693 -0.084043
v -0.350398 -0.012693 -0.079155
v -0.351414 -0.012693 -0.073929
v -0.351760 -0.012693 -0.068400
v -0.351378 -0.012693 -0.063180
v -0.350267 -0.012693 -0.058172
v -0.348475 -0.012693 -0.053421
v -0.346053 -0.012693 -0.048973
v -0.343052 -0.012693 -0.044876
v -0.339520 -0.012693 -0.041175
v -0.335508 -0.012693 -0.037916
v -0.331067 -0.012693 -0.035147
v -0.326245 -0.012693 -0.032912
v -0.321093 -0.012693 -0.031258
v -0.315662 -0.012693 -0.030232
v -0.310000 -0.012693 -0.029880
v 0.234500 -0.012693 -0.432000
v 0.222822 -0.012693 -0.432675
v 0.211937 -0.012693 -0.434667
v 0.201886 -0.012693 -0.437929
v 0.192713 -0.012693 -0.442413
v 0.184460 -0.012693 -0.448073
v 0.177170 -0.012693 -0.454860
v 0.170885 -0.012693 -0.462727
v 0.165647 -0.012693 -0.471627
v 0.161499 -0.012693 -0.481511
v 0.158483 -0.012693 -0.492333
v 0.156643 -0.012693 -0.504046
v 0.156020 -0.012693 -0.516600
v 0.156706 -0.012693 -0.528011
v 0.158718 -0.012693 -0.538797
v 0.161988 -0.012693 -0.548888
v 0.166447 -0.012693 -0.558213
v 0.172025 -0.012693 -0.566704
v 0.178655 -0.012693 -0.574290
v 0.186267 -0.012693 -0.580901
v 0.194793 -0.012693 -0.586467
v 0.204164 -0.012693 -0.590918
v 0.214312 -0.012693 -0.594184
v 0.225166 -0.012693 -0.596194
v 0.236660 -0.012693 -0.596880
v 0.239347 -0.012693 -0.596842
v 0.242017 -0.012693 -0.596725
v 0.244681 -0.012693 -0.596526
v 0.247353 -0.012693 -0.596240
v 0.250045 -0.012693 -0.595864
v 0.252770 -0.012693 -0.595395
v 0.255540 -0.012693 -0.594828
v 0.258367 -0.012693 -0.594160
v 0.261264 -0.012693 -0.593387
v 0.264243 -0.012693 -0.592505
v 0.267318 -0.012693 -0.591511
v 0.270500 -0.012693 -0.590400
v 0.270500 -0.012693 -0.677520
v 0.302540 -0.012693 -0.677520
v 0.302540 -0.012693 -0.432000
v 0.267849 -0.012693 -0.562988
v 0.265287 -0.012693 -0.563914
v 0.262794 -0.012693 -0.564739
v 0.260353 -0.012693 -0.565467
v 0.257948 -0.012693 -0.566100
v 0.255560 -0.012693 -0.566640
v 0.253172 -0.012693 -0.567091
v 0.250767 -0.012693 -0.567454
v 0.248326 -0.012693 -0.567731
v 0.245833 -0.012693 -0.567927
v 0.243270 -0.012693 -0.568042
v 0.240620 -0.012693 -0.568080
v 0.233096 -0.012693 -0.567621
v 0.226030 -0.012693 -0.566270
v 0.219459 -0.012693 -0.564064
v 0.213420 -0.012693 -0.561040
v 0.207951 -0.012693 -0.557236
v 0.203090 -0.012693 -0.552690
v 0.198874 -0.012693 -0.547439
v 0.195340 -0.012693 -0.541520
v 0.192526 -0.012693 -0.534971
v 0.190470 -0.012693 -0.527830
v 0.189209 -0.012693 -0.520134
v 0.188780 -0.012693 -0.511920
v 0.189042 -0.012693 -0.504526
v 0.189858 -0.012693 -0.497500
v 0.191272 -0.012693 -0.490894
v 0.193327 -0.012693 -0.484760
v 0.196066 -0.012693 -0.479151
v 0.199535 -0.012693 -0.474120
v 0.203776 -0.012693 -0.469719
v 0.208833 -0.012693 -0.466000
v 0.214751 -0.012693 -0.463016
v 0.221572 -0.012693 -0.460820
v 0.229340 -0.012693 -0.459464
v 0.238100 -0.012693 -0.459000
v 0.270500 -0.012693 -0.459000
v 0.270500 -0.012693 -0.561960
v 0.084740 -0.012693 -0.432000
v 0.084740 -0.012693 -0.677520
v 0.116780 -0.012693 -0.677520
v 0.116780 -0.012693 -0.432000
v 0.047649 -0.012693 -0.502016
v 0.045500 -0.012693 -0.490343
v 0.042001 -0.012693 -0.479486
v 0.037220 -0.012693 -0.469507
v 0.031224 -0.012693 -0.460467
v 0.024080 -0.012693 -0.452430
v 0.015856 -0.012693 -0.445458
v 0.006620 -0.012693 -0.439613
v -0.003561 -0.012693 -0.434959
v -0.014620 -0.012693 -0.431557
v -0.026489 -0.012693 -0.429470
v -0.039100 -0.012693 -0.428760
v -0.051215 -0.012693 -0.429497
v -0.062670 -0.012693 -0.431657
v -0.073390 -0.012693 -0.435161
v -0.083300 -0.012693 -0.439934
v -0.092325 -0.012693 -0.445896
v -0.100390 -0.012693 -0.452970
v -0.107420 -0.012693 -0.461080
v -0.113340 -0.012693 -0.470147
v -0.118075 -0.012693 -0.480094
v -0.121550 -0.012693 -0.490844
v -0.123690 -0.012693 -0.502318
v -0.124420 -0.012693 -0.514440
v -0.123663 -0.012693 -0.525818
v -0.121450 -0.012693 -0.536672
v -0.117873 -0.012693 -0.546913
v -0.113020 -0.012693 -0.556453
v -0.106983 -0.012693 -0.565204
v -0.099850 -0.012693 -0.573075
v -0.091713 -0.012693 -0.579979
v -0.082660 -0.012693 -0.585827
v -0.072783 -0.012693 -0.590530
v -0.062170 -0.012693 -0.593998
v -0.050913 -0.012693 -0.596145
v -0.039100 -0.012693 -0.596880
v -0.026716 -0.012693 -0.596172
v -0.014995 -0.012693 -0.594099
v -0.004017 -0.012693 -0.590732
v 0.006140 -0.012693 -0.586147
v 0.015397 -0.012693 -0.580417
v 0.023675 -0.012693 -0.573615
v 0.030896 -0.012693 -0.565816
v 0.036980 -0.012693 -0.557093
v 0.041849 -0.012693 -0.547521
v 0.045425 -0.012693 -0.537172
v 0.047628 -0.012693 -0.526120
v 0.048380 -0.012693 -0.514440
v -0.091224 -0.012693 -0.506137
v -0.089943 -0.012693 -0.498352
v -0.087858 -0.012693 -0.491124
v -0.085007 -0.012693 -0.484493
v -0.081431 -0.012693 -0.478497
v -0.077170 -0.012693 -0.473175
v -0.072264 -0.012693 -0.468565
v -0.066753 -0.012693 -0.464707
v -0.060678 -0.012693 -0.461638
v -0.054077 -0.012693 -0.459398
v -0.046991 -0.012693 -0.458026
v -0.039460 -0.012693 -0.457560
v -0.031268 -0.012693 -0.458005
v -0.023630 -0.012693 -0.459322
v -0.016578 -0.012693 -0.461481
v -0.010140 -0.012693 -0.464454
v -0.004348 -0.012693 -0.468211
v 0.000770 -0.012693 -0.472725
v 0.005182 -0.012693 -0.477967
v 0.008860 -0.012693 -0.483907
v 0.011772 -0.012693 -0.490517
v 0.013890 -0.012693 -0.497768
v 0.015182 -0.012693 -0.505632
v 0.015620 -0.012693 -0.514080
v 0.015148 -0.012693 -0.521722
v 0.013765 -0.012693 -0.528955
v 0.011519 -0.012693 -0.535731
v 0.008460 -0.012693 -0.542000
v 0.004636 -0.012693 -0.547714
v 0.000095 -0.012693 -0.552825
v -0.005113 -0.012693 -0.557283
v -0.010940 -0.012693 -0.561040
v -0.017337 -0.012693 -0.564047
v -0.024255 -0.012693 -0.566255
v -0.031646 -0.012693 -0.567616
v -0.039460 -0.012693 -0.568080
v -0.046840 -0.012693 -0.567616
v -0.053827 -0.012693 -0.566257
v -0.060374 -0.012693 -0.564053
v -0.066433 -0.012693 -0.561053
v -0.071958 -0.012693 -0.557309
v -0.076900 -0.012693 -0.552870
v -0.081212 -0.012693 -0.547786
v -0.084847 -0.012693 -0.542107
v -0.087756 -0.012693 -0.535883
v -0.089893 -0.012693 -0.529163
v -0.091210 -0.012693 -0.521999
v -0.091660 -0.012693 -0.514440
v -0.169570 -0.012693 -0.445498
v -0.177433 -0.012693 -0.442427
v -0.185136 -0.012693 -0.439695
v -0.192727 -0.012693 -0.437293
v -0.200252 -0.012693 -0.435212
v -0.207760 -0.012693 -0.433440
v -0.215298 -0.012693 -0.431968
v -0.222913 -0.012693 -0.430787
v -0.230654 -0.012693 -0.429885
v -0.238567 -0.012693 -0.429253
v -0.246700 -0.012693 -0.428882
v -0.255100 -0.012693 -0.428760
v -0.273477 -0.012693 -0.429836
v -0.290905 -0.012693 -0.432987
v -0.307261 -0.012693 -0.438098
v -0.322420 -0.012693 -0.445053
v -0.336259 -0.012693 -0.453739
v -0.348655 -0.012693 -0.464040
v -0.359483 -0.012693 -0.475841
v -0.368620 -0.012693 -0.489027
v -0.375942 -0.012693 -0.503483
v -0.381325 -0.012693 -0.519093
v -0.384646 -0.012693 -0.535744
v -0.385780 -0.012693 -0.553320
v -0.384618 -0.012693 -0.571028
v -0.381220 -0.012693 -0.587885
v -0.375723 -0.012693 -0.603760
v -0.368260 -0.012693 -0.618520
v -0.358968 -0.012693 -0.632036
v -0.347980 -0.012693 -0.644175
v -0.335433 -0.012693 -0.654807
v -0.321460 -0.012693 -0.663800
v -0.306198 -0.012693 -0.671023
v -0.289780 -0.012693 -0.676345
v -0.272343 -0.012693 -0.679635
v -0.254020 -0.012693 -0.680760
v -0.246984 -0.012693 -0.680659
v -0.240215 -0.012693 -0.680339
v -0.233618 -0.012693 -0.679776
v -0.227100 -0.012693 -0.678947
v -0.220567 -0.012693 -0.677828
v -0.213925 -0.012693 -0.676395
v -0.207081 -0.012693 -0.674625
v -0.199940 -0.012693 -0.672494
v -0.192409 -0.012693 -0.669977
v -0.184395 -0.012693 -0.667052
v -0.175803 -0.012693 -0.663694
v -0.166540 -0.012693 -0.659880
v -0.166540 -0.012693 -0.624240
v -0.173762 -0.012693 -0.628042
v -0.181023 -0.012693 -0.631527
v -0.188320 -0.012693 -0.634691
v -0.195647 -0.012693 -0.637533
v -0.202998 -0.012693 -0.640051
v -0.210370 -0.012693 -0.642240
v -0.217757 -0.012693 -0.644100
v -0.225153 -0.012693 -0.645627
v -0.232555 -0.012693 -0.646819
v -0.239957 -0.012693 -0.647673
v -0.247353 -0.012693 -0.648188
v -0.254740 -0.012693 -0.648360
v -0.267795 -0.012693 -0.647529
v -0.280253 -0.012693 -0.645100
v -0.292011 -0.012693 -0.641171
v -0.302967 -0.012693 -0.635840
v -0.313017 -0.012693 -0.629204
v -0.322060 -0.012693 -0.621360
v -0.329993 -0.012693 -0.612406
v -0.336713 -0.012693 -0.602440
v -0.342119 -0.012693 -0.591559
v -0.346107 -0.012693 -0.579860
v -0.348575 -0.012693 -0.567441
v -0.349420 -0.012693 -0.554400
v -0.348579 -0.012693 -0.541071
v -0.346110 -0.012693 -0.528493
v -0.342096 -0.012693 -0.516746
v -0.336620 -0.012693 -0.505907
v -0.329764 -0.012693 -0.496052
v -0.321610 -0.012693 -0.487260
v -0.312241 -0.012693 -0.479608
v -0.301740 -0.012693 -0.473173
v -0.290189 -0.012693 -0.468034
v -0.277670 -0.012693 -0.464267
v -0.264266 -0.012693 -0.461950
v -0.250060 -0.012693 -0.461160
v -0.245327 -0.012693 -0.461248
v -0.240663 -0.012693 -0.461505
v -0.236065 -0.012693 -0.461920
v -0.231527 -0.012693 -0.462480
v -0.227043 -0.012693 -0.463176
v -0.222610 -0.012693 -0.463995
v -0.218222 -0.012693 -0.464927
v -0.213873 -0.012693 -0.465960
v -0.209560 -0.012693 -0.467083
v -0.205277 -0.012693 -0.468285
v -0.201018 -0.012693 -0.469555
v -0.196780 -0.012693 -0.470880
v -0.196780 -0.012693 -0.521280
v -0.243940 -0.012693 -0.521280
v -0.243940 -0.012693 -0.552960
v -0.161500 -0.012693 -0.552960
v -0.161500 -0.012693 -0.448920
v 0.294440 -0.012693 -0.972000
v 0.282762 -0.012693 -0.972675
v 0.271877 -0.012693 -0.974667
v 0.261826 -0.012693 -0.977929
v 0.252653 -0.012693 -0.982414
v 0.244400 -0.012693 -0.988073
v 0.237110 -0.012693 -0.994860
v 0.230825 -0.012693 -1.002727
v 0.225587 -0.012693 -1.011627
v 0.221439 -0.012693 -1.021512
v 0.218423 -0.012693 -1.032334
v 0.216583 -0.012693 -1.044046
v 0.215960 -0.012693 -1.056600
v 0.216646 -0.012693 -1.068011
v 0.218658 -0.012693 -1.078797
v 0.221928 -0.012693 -1.088888
v 0.226387 -0.012693 -1.098214
v 0.231965 -0.012693 -1.106704
v 0.238595 -0.012693 -1.114290
v 0.246207 -0.012693 -1.120901
v 0.254733 -0.012693 -1.126467
v 0.264104 -0.012693 -1.130918
v 0.274252 -0.012693 -1.134184
v 0.285107 -0.012693 -1.136194
v 0.296600 -0.012693 -1.136880
v 0.299287 -0.012693 -1.136842
v 0.301957 -0.012693 -1.136725
v 0.304621 -0.012693 -1.136526
v 0.307293 -0.012693 -1.136240
v 0.309985 -0.012693 -1.135865
v 0.312710 -0.012693 -1.135395
v 0.315480 -0.012693 -1.134828
v 0.318307 -0.012693 -1.134160
v 0.321204 -0.012693 -1.133387
v 0.324183 -0.012693 -1.132505
v 0.327258 -0.012693 -1.131511
v 0.330440 -0.012693 -1.130400
v 0.330440 -0.012693 -1.217520
v 0.362480 -0.012693 -1.217520
v 0.362480 -0.012693 -0.972000
v 0.327790 -0.012693 -1.102988
v 0.325227 -0.012693 -1.103914
v 0.322734 -0.012693 -1.104739
v 0.320293 -0.012693 -1.105467
v 0.317888 -0.012693 -1.106100
v 0.315500 -0.012693 -1.106640
v 0.313112 -0.012693 -1.107091
v 0.310707 -0.012693 -1.107454
v 0.308266 -0.012693 -1.107731
v 0.305773 -0.012693 -1.107927
v 0.303210 -0.012693 -1.108042
v 0.300560 -0.012693 -1.108080
v 0.293036 -0.012693 -1.107621
v 0.285970 -0.012693 -1.106270
v 0.279399 -0.012693 -1.104064
v 0.273360 -0.012693 -1.101040
v 0.267891 -0.012693 -1.097237
v 0.263030 -0.012693 -1.092690
v 0.258814 -0.012693 -1.087439
v 0.255280 -0.012693 -1.081520
v 0.252466 -0.012693 -1.074971
v 0.250410 -0.012693 -1.067830
v 0.249149 -0.012693 -1.060134
v 0.248720 -0.012693 -1.051920
v 0.248982 -0.012693 -1.044526
v 0.249798 -0.012693 -1.037500
v 0.251212 -0.012693 -1.030894
v 0.253267 -0.012693 -1.024760
v 0.256007 -0.012693 -1.019151
v 0.259475 -0.012693 -1.014120
v 0.263716 -0.012693 -1.009719
v 0.268773 -0.012693 -1.006000
v 0.274691 -0.012693 -1.003016
v 0.281512 -0.012693 -1.000820
v 0.289280 -0.012693 -0.999464
v 0.298040 -0.012693 -0.999000
v 0.330440 -0.012693 -0.999000
v 0.330440 -0.012693 -1.101960
v 0.186429 -0.012693 -1.042016
v 0.184280 -0.012693 -1.030344
v 0.180781 -0.012693 -1.019487
v 0.176000 -0.012693 -1.009507
v 0.170004 -0.012693 -1.000467
v 0.162860 -0.012693 -0.992430
v 0.154636 -0.012693 -0.985458
v 0.145400 -0.012693 -0.979614
v 0.135219 -0.012693 -0.974959
v 0.124160 -0.012693 -0.971557
v 0.112291 -0.012693 -0.969470
v 0.099680 -0.012693 -0.968760
v 0.087565 -0.012693 -0.969497
v 0.076110 -0.012693 -0.971657
v 0.065390 -0.012693 -0.975161
v 0.055480 -0.012693 -0.979934
v 0.046455 -0.012693 -0.985896
v 0.038390 -0.012693 -0.992970
v 0.031360 -0.012693 -1.001080
v 0.025440 -0.012693 -1.010147
v 0.020705 -0.012693 -1.020094
v 0.017230 -0.012693 -1.030844
v 0.015090 -0.012693 -1.042318
v 0.014360 -0.012693 -1.054440
v 0.015117 -0.012693 -1.065818
v 0.017330 -0.012693 -1.076672
v 0.020907 -0.012693 -1.086913
v 0.025760 -0.012693 -1.096454
v 0.031797 -0.012693 -1.105204
v 0.038930 -0.012693 -1.113075
v 0.047067 -0.012693 -1.119979
v 0.056120 -0.012693 -1.125827
v 0.065997 -0.012693 -1.130530
v 0.076610 -0.012693 -1.133999
v 0.087867 -0.012693 -1.136145
v 0.099680 -0.012693 -1.136880
v 0.112064 -0.012693 -1.136173
v 0.123785 -0.012693 -1.134099
v 0.134763 -0.012693 -1.130732
v 0.144920 -0.012693 -1.126147
v 0.154177 -0.012693 -1.120417
v 0.162455 -0.012693 -1.113615
v 0.169676 -0.012693 -1.105816
v 0.175760 -0.012693 -1.097094
v 0.180629 -0.012693 -1.087521
v 0.184205 -0.012693 -1.077172
v 0.186408 -0.012693 -1.066121
v 0.187160 -0.012693 -1.054440
v 0.047556 -0.012693 -1.046137
v 0.048837 -0.012693 -1.038352
v 0.050922 -0.012693 -1.031125
v 0.053773 -0.012693 -1.024494
v 0.057349 -0.012693 -1.018498
v 0.061610 -0.012693 -1.013175
v 0.066516 -0.012693 -1.008566
v 0.072027 -0.012693 -1.004707
v 0.078102 -0.012693 -1.001638
v 0.084703 -0.012693 -0.999399
v 0.091789 -0.012693 -0.998026
v 0.099320 -0.012693 -0.997560
v 0.107512 -0.012693 -0.998006
v 0.115150 -0.012693 -0.999322
v 0.122203 -0.012693 -1.001481
v 0.128640 -0.012693 -1.004454
v 0.134433 -0.012693 -1.008211
v 0.139550 -0.012693 -1.012725
v 0.143963 -0.012693 -1.017967
v 0.147640 -0.012693 -1.023907
v 0.150552 -0.012693 -1.030517
v 0.152670 -0.012693 -1.037769
v 0.153963 -0.012693 -1.045633
v 0.154400 -0.012693 -1.054080
v 0.153928 -0.012693 -1.061722
v 0.152545 -0.012693 -1.068955
v 0.150299 -0.012693 -1.075731
v 0.147240 -0.012693 -1.082000
v 0.143416 -0.012693 -1.087715
v 0.138875 -0.012693 -1.092825
v 0.133667 -0.012693 -1.097283
v 0.127840 -0.012693 -1.101040
v 0.121443 -0.012693 -1.104047
v 0.114525 -0.012693 -1.106255
v 0.107134 -0.012693 -1.107616
v 0.099320 -0.012693 -1.108080
v 0.091940 -0.012693 -1.107616
v 0.084953 -0.012693 -1.106257
v 0.078406 -0.012693 -1.104053
v 0.072347 -0.012693 -1.101054
v 0.066822 -0.012693 -1.097309
v 0.061880 -0.012693 -1.092870
v 0.057568 -0.012693 -1.087786
v 0.053933 -0.012693 -1.082107
v 0.051024 -0.012693 -1.075883
v 0.048887 -0.012693 -1.069164
v 0.047570 -0.012693 -1.061999
v 0.047120 -0.012693 -1.054440
v -0.012291 -0.012693 -1.042016
v -0.014440 -0.012693 -1.030344
v -0.017939 -0.012693 -1.019487
v -0.022720 -0.012693 -1.009507
v -0.028716 -0.012693 -1.000467
v -0.035860 -0.012693 -0.992430
v -0.044084 -0.012693 -0.985458
v -0.053320 -0.012693 -0.979614
v -0.063501 -0.012693 -0.974959
v -0.074560 -0.012693 -0.971557
v -0.086429 -0.012693 -0.969470
v -0.099040 -0.012693 -0.968760
v -0.111155 -0.012693 -0.969497
v -0.122610 -0.012693 -0.971657
v -0.133330 -0.012693 -0.975161
v -0.143240 -0.012693 -0.979934
v -0.152265 -0.012693 -0.985896
v -0.160330 -0.012693 -0.992970
v -0.167360 -0.012693 -1.001080
v -0.173280 -0.012693 -1.010147
v -0.178015 -0.012693 -1.020094
v -0.181490 -0.012693 -1.030844
v -0.183630 -0.012693 -1.042318
v -0.184360 -0.012693 -1.054440
v -0.183603 -0.012693 -1.065818
v -0.181390 -0.012693 -1.076672
v -0.177813 -0.012693 -1.086913
v -0.172960 -0.012693 -1.096454
v -0.166923 -0.012693 -1.105204
v -0.159790 -0.012693 -1.113075
v -0.151653 -0.012693 -1.119979
v -0.142600 -0.012693 -1.125827
v -0.132723 -0.012693 -1.130530
v -0.122110 -0.012693 -1.133999
v -0.110853 -0.012693 -1.136145
v -0.099040 -0.012693 -1.136880
v -0.086656 -0.012693 -1.136173
v -0.074935 -0.012693 -1.134099
v -0.063957 -0.012693 -1.130732
v -0.053800 -0.012693 -1.126147
v -0.044543 -0.012693 -1.120417
v -0.036265 -0.012693 -1.113615
v -0.029044 -0.012693 -1.105816
v -0.022960 -0.012693 -1.097094
v -0.018091 -0.012693 -1.087521
v -0.014515 -0.012693 -1.077172
v -0.012312 -0.012693 -1.066121
v -0.011560 -0.012693 -1.054440
v -0.151164 -0.012693 -1.046137
v -0.149883 -0.012693 -1.038352
v -0.147798 -0.012693 -1.031125
v -0.144947 -0.012693 -1.024494
v -0.141371 -0.012693 -1.018498
v -0.137110 -0.012693 -1.013175
v -0.132204 -0.012693 -1.008566
v -0.126693 -0.012693 -1.004707
v -0.120618 -0.012693 -1.001638
v -0.114017 -0.012693 -0.999399
v -0.106931 -0.012693 -0.998026
v -0.099400 -0.012693 -0.997560
v -0.091208 -0.012693 -0.998006
v -0.083570 -0.012693 -0.999322
v -0.076518 -0.012693 -1.001481
v -0.070080 -0.012693 -1.004454
v -0.064288 -0.012693 -1.008211
v -0.059170 -0.012693 -1.012725
v -0.054758 -0.012693 -1.017967
v -0.051080 -0.012693 -1.023907
v -0.048168 -0.012693 -1.030517
v -0.046050 -0.012693 -1.037769
v -0.044758 -0.012693 -1.045633
v -0.044320 -0.012693 -1.054080
v -0.044792 -0.012693 -1.061722
v -0.046175 -0.012693 -1.068955
v -0.048421 -0.012693 -1.075731
v -0.051480 -0.012693 -1.082000
v -0.055304 -0.012693 -1.087715
v -0.059845 -0.012693 -1.092825
v -0.065053 -0.012693 -1.097283
v -0.070880 -0.012693 -1.101040
v -0.077277 -0.012693 -1.104047
v -0.084195 -0.012693 -1.106255
v -0.091586 -0.012693 -1.107616
v -0.099400 -0.012693 -1.108080
v -0.106780 -0.012693 -1.107616
v -0.113767 -0.012693 -1.106257
v -0.120314 -0.012693 -1.104053
v -0.126373 -0.012693 -1.101054
v -0.131898 -0.012693 -1.097309
v -0.136840 -0.012693 -1.092870
v -0.141152 -0.012693 -1.087786
v -0.144787 -0.012693 -1.082107
v -0.147696 -0.012693 -1.075883
v -0.149833 -0.012693 -1.069164
v -0.151150 -0.012693 -1.061999
v -0.151600 -0.012693 -1.054440
v -0.229510 -0.012693 -0.985499
v -0.237373 -0.012693 -0.982427
v -0.245076 -0.012693 -0.979695
v -0.252667 -0.012693 -0.977294
v -0.260192 -0.012693 -0.975212
v -0.267700 -0.012693 -0.973440
v -0.275238 -0.012693 -0.971969
v -0.282853 -0.012693 -0.970787
v -0.290594 -0.012693 -0.969885
v -0.298507 -0.012693 -0.969254
v -0.306640 -0.012693 -0.968882
v -0.315040 -0.012693 -0.968760
v -0.333417 -0.012693 -0.969836
v -0.350845 -0.012693 -0.972987
v -0.367201 -0.012693 -0.978098
v -0.382360 -0.012693 -0.985054
v -0.396199 -0.012693 -0.993739
v -0.408595 -0.012693 -1.004040
v -0.419423 -0.012693 -1.015841
v -0.428560 -0.012693 -1.029027
v -0.435882 -0.012693 -1.043483
v -0.441265 -0.012693 -1.059093
v -0.444586 -0.012693 -1.075744
v -0.445720 -0.012693 -1.093320
v -0.444558 -0.012693 -1.111028
v -0.441160 -0.012693 -1.127885
v -0.435663 -0.012693 -1.143760
v -0.428200 -0.012693 -1.158520
v -0.418908 -0.012693 -1.172036
v -0.407920 -0.012693 -1.184175
v -0.395373 -0.012693 -1.194807
v -0.381400 -0.012693 -1.203800
v -0.366138 -0.012693 -1.211023
v -0.349720 -0.012693 -1.216345
v -0.332283 -0.012693 -1.219635
v -0.313960 -0.012693 -1.220760
v -0.306924 -0.012693 -1.220659
v -0.300155 -0.012693 -1.220338
v -0.293558 -0.012693 -1.219776
v -0.287040 -0.012693 -1.218947
v -0.280507 -0.012693 -1.217828
v -0.273865 -0.012693 -1.216395
v -0.267021 -0.012693 -1.214625
v -0.259880 -0.012693 -1.212494
v -0.252349 -0.012693 -1.209977
v -0.244335 -0.012693 -1.207052
v -0.235743 -0.012693 -1.203694
v -0.226480 -0.012693 -1.199880
v -0.226480 -0.012693 -1.164240
v -0.233702 -0.012693 -1.168042
v -0.240963 -0.012693 -1.171527
v -0.248260 -0.012693 -1.174692
v -0.255587 -0.012693 -1.177534
v -0.262938 -0.012693 -1.180051
v -0.270310 -0.012693 -1.182240
v -0.277697 -0.012693 -1.184100
v -0.285093 -0.012693 -1.185627
v -0.292495 -0.012693 -1.186819
v -0.299897 -0.012693 -1.187674
v -0.307293 -0.012693 -1.188188
v -0.314680 -0.012693 -1.188360
v -0.327735 -0.012693 -1.187529
v -0.340193 -0.012693 -1.185100
v -0.351951 -0.012693 -1.181171
v -0.362907 -0.012693 -1.175840
v -0.372957 -0.012693 -1.169204
v -0.382000 -0.012693 -1.161360
v -0.389933 -0.012693 -1.152406
v -0.396653 -0.012693 -1.142440
v -0.402059 -0.012693 -1.131559
v -0.406047 -0.012693 -1.119860
v -0.408515 -0.012693 -1.107441
v -0.409360 -0.012693 -1.094400
v -0.408519 -0.012693 -1.081071
v -0.406050 -0.012693 -1.068493
v -0.402036 -0.012693 -1.056746
v -0.396560 -0.012693 -1.045907
v -0.389704 -0.012693 -1.036052
v -0.381550 -0.012693 -1.027260
v -0.372181 -0.012693 -1.019608
v -0.361680 -0.012693 -1.013173
v -0.350129 -0.012693 -1.008034
v -0.337610 -0.012693 -1.004267
v -0.324206 -0.012693 -1.001950
v -0.310000 -0.012693 -1.001160
v -0.305267 -0.012693 -1.001248
v -0.300603 -0.012693 -1.001505
v -0.296005 -0.012693 -1.001920
v -0.291467 -0.012693 -1.002480
v -0.286983 -0.012693 -1.003176
v -0.282550 -0.012693 -1.003995
v -0.278162 -0.012693 -1.004927
v -0.273813 -0.012693 -1.005960
v -0.269500 -0.012693 -1.007083
v -0.265217 -0.012693 -1.008285
v -0.260958 -0.012693 -1.009555
v -0.256720 -0.012693 -1.010880
v -0.256720 -0.012693 -1.061280
v -0.303880 -0.012693 -1.061280
v -0.303880 -0.012693 -1.092960
v -0.221440 -0.012693 -1.092960
v -0.221440 -0.012693 -0.988920
v -0.444586 0.104607 -1.075744
v -0.445720 0.104607 -1.093320
v -0.444558 0.104607 -1.111028
v -0.441160 0.104607 -1.127885
v -0.409360 0.104607 -1.094400
v -0.435663 0.104607 -1.143760
v -0.428200 0.104607 -1.158520
v -0.418908 0.104607 -1.172036
v -0.406050 0.104607 -1.068493
v -0.408515 0.104607 -1.107441
v -0.402059 0.104607 -1.131559
v -0.396560 0.104607 -1.045907
v -0.403600 0.104607 1.188000
v -0.402036 0.104607 -1.056746
v -0.406047 0.104607 -1.119860
v -0.403600 0.104607 0.942480
v -0.428560 0.104607 -1.029027
v -0.435882 0.104607 -1.043483
v -0.441265 0.104607 -1.059093
v -0.408519 0.104607 -1.081071
v -0.396653 0.104607 -1.142440
v -0.407920 0.104607 -1.184175
v -0.395373 0.104607 -1.194807
v -0.384646 0.104607 -0.535744
v -0.386433 0.104607 -0.077109
v -0.385780 0.104607 -0.553320
v -0.387040 0.104607 -0.068040
v -0.384643 0.104607 -0.086052
v -0.389933 0.104607 -1.152406
v -0.372655 0.104607 -0.110860
v -0.368620 0.104607 -0.489027
v -0.377707 0.104607 -0.103053
v -0.375942 0.104607 -0.503483
v -0.381719 0.104607 -0.094742
v -0.381325 0.104607 -0.519093
v -0.381550 0.104607 -1.027260
v -0.382000 0.104607 -1.161360
v -0.384593 0.104607 -0.048858
v -0.386415 0.104607 -0.058236
v -0.384618 0.104607 -0.571028
v -0.381220 0.104607 -0.587885
v -0.375723 0.104607 -0.603760
v -0.419423 0.104607 -1.015841
v -0.396199 0.104607 -0.993739
v -0.372181 0.104607 -1.019608
v -0.408595 0.104607 -1.004040
v -0.389704 0.104607 -1.036052
v -0.372957 0.104607 -1.169204
v -0.381400 0.104607 -1.203800
v -0.352853 0.104607 -0.006093
v -0.354280 0.104607 0.085320
v -0.360233 0.104607 -0.011207
v -0.366880 0.104607 -0.017235
v -0.351760 0.104607 -0.068400
v -0.351378 0.104607 -0.063180
v -0.351414 0.104607 -0.073929
v -0.349420 0.104607 -0.554400
v -0.350267 0.104607 -0.058172
v -0.350398 0.104607 -0.079155
v -0.359620 0.104607 -0.124453
v -0.348655 0.104607 -0.464040
v -0.366610 0.104607 -0.118035
v -0.359483 0.104607 -0.475841
v -0.367201 0.104607 -0.978098
v -0.350129 0.104607 -1.008034
v -0.362907 0.104607 -1.175840
v -0.366138 0.104607 -1.211023
v -0.351951 0.104607 -1.181171
v -0.349720 0.104607 -1.216345
v -0.346053 0.104607 -0.048973
v -0.346110 0.104607 -0.528493
v -0.343052 0.104607 -0.044876
v -0.346507 0.104607 -0.088560
v -0.342096 0.104607 -0.516746
v -0.346107 0.104607 -0.579860
v -0.340375 0.104607 -0.096345
v -0.335508 0.104607 -0.037916
v -0.334833 0.104607 0.071268
v -0.344819 0.104607 -0.001974
v -0.339520 0.104607 -0.041175
v -0.343703 0.104607 -0.092672
v -0.336620 0.104607 -0.505907
v -0.342119 0.104607 -0.591559
v -0.344240 0.104607 0.078426
v -0.348475 0.104607 -0.053421
v -0.348751 0.104607 -0.084043
v -0.336560 0.104607 -0.099546
v -0.351733 0.104607 -0.129987
v -0.342996 0.104607 -0.134511
v -0.336259 0.104607 -0.453739
v -0.348579 0.104607 -0.541071
v -0.348575 0.104607 -0.567441
v -0.368260 0.104607 -0.618520
v -0.336713 0.104607 -0.602440
v -0.358968 0.104607 -0.632036
v -0.335433 0.104607 -0.654807
v -0.350845 0.104607 -0.972987
v -0.337610 0.104607 -1.004267
v -0.340193 0.104607 -1.185100
v -0.368320 0.104607 0.942480
v -0.381651 0.104607 -0.039988
v -0.377667 0.104607 -0.031707
v -0.372717 0.104607 -0.024095
v -0.347980 0.104607 -0.644175
v -0.382360 0.104607 -0.985054
v -0.361680 0.104607 -1.013173
v -0.332283 0.104607 -1.219635
v -0.326245 0.104607 -0.032912
v -0.332293 0.104607 -0.102240
v -0.327735 0.104607 -1.187529
v -0.317560 0.104607 0.003600
v -0.315662 0.104607 -0.030232
v -0.314680 0.104607 -1.188360
v -0.313960 0.104607 -1.220760
v -0.314293 0.104607 0.003518
v -0.322552 0.104607 -0.105975
v -0.332680 0.104607 0.111240
v -0.327095 0.104607 0.002954
v -0.321093 0.104607 -0.031258
v -0.327612 0.104607 -0.104394
v -0.323162 0.104607 -0.140024
v -0.317149 0.104607 -0.106948
v -0.321610 0.104607 -0.487260
v -0.329993 0.104607 -0.612406
v -0.310983 0.104607 0.003277
v -0.310000 0.104607 -0.029880
v -0.312160 0.104607 -0.140760
v -0.311440 0.104607 -0.107280
v -0.307318 0.104607 -0.029963
v -0.310000 0.104607 -1.001160
v -0.307293 0.104607 -1.188188
v -0.306924 0.104607 -1.220659
v -0.307649 0.104607 0.002880
v -0.305267 0.104607 -1.001248
v -0.306640 0.104607 -0.968882
v -0.303880 0.104607 -1.092960
v -0.300975 0.104607 0.001642
v -0.304500 0.104607 -0.030217
v -0.301563 0.104607 -0.030645
v -0.305868 0.104607 -0.106863
v -0.301094 0.104607 -0.139979
v -0.303880 0.104607 -1.061280
v -0.304307 0.104607 0.002333
v -0.313017 0.104607 -0.629204
v -0.305373 0.104607 0.091088
v -0.326076 0.104607 0.063883
v -0.310582 0.104607 0.048575
v -0.303880 0.104607 0.040725
v -0.322420 0.104607 -0.445053
v -0.301740 0.104607 -0.473173
v -0.322060 0.104607 -0.621360
v -0.321460 0.104607 -0.663800
v -0.302967 0.104607 -0.635840
v -0.306198 0.104607 -0.671023
v -0.315040 0.104607 -0.968760
v -0.324206 0.104607 -1.001950
v -0.299897 0.104607 -1.187674
v -0.298507 0.104607 -0.969254
v -0.300603 0.104607 -1.001505
v -0.300155 0.104607 -1.220338
v -0.295388 0.104607 -0.032047
v -0.300525 0.104607 -0.105650
v -0.296005 0.104607 -1.001920
v -0.293558 0.104607 -1.219776
v -0.291467 0.104607 -1.002480
v -0.290594 0.104607 -0.969885
v -0.291213 0.104607 -0.001253
v -0.298520 0.104607 -0.031253
v -0.295459 0.104607 -0.103703
v -0.290623 0.104607 -0.137695
v -0.290772 0.104607 -0.969871
v -0.286356 0.104607 -0.097843
v -0.282853 0.104607 -0.970787
v -0.286983 0.104607 -1.003176
v -0.282550 0.104607 -1.003995
v -0.279400 0.104607 -0.006840
v -0.275542 0.104607 -0.040972
v -0.278900 0.104607 -0.038963
v -0.278947 0.104607 -0.089763
v -0.281520 0.104607 0.000961
v -0.288096 0.104607 -0.002475
v -0.285077 0.104607 -0.003817
v -0.282172 0.104607 -0.005273
v -0.285600 0.104607 -0.035587
v -0.282258 0.104607 -0.037170
v -0.282415 0.104607 -0.094050
v -0.275238 0.104607 -0.971969
v -0.278162 0.104607 -1.004927
v -0.285093 0.104607 -1.185627
v -0.280507 0.104607 -1.217828
v -0.297670 0.104607 0.000810
v -0.284447 0.104607 0.008862
v -0.294410 0.104607 -0.000157
v -0.292180 0.104607 -0.033030
v -0.288913 0.104607 -0.034208
v -0.290720 0.104607 -0.101080
v -0.280817 0.104607 -0.133993
v -0.277670 0.104607 -0.464267
v -0.290905 0.104607 -0.432987
v -0.292011 0.104607 -0.641171
v -0.289780 0.104607 -0.676345
v -0.280253 0.104607 -0.645100
v -0.292495 0.104607 -1.186819
v -0.287040 0.104607 -1.218947
v -0.317987 0.104607 0.056307
v -0.292968 0.104607 0.079341
v -0.281507 0.104607 0.066667
v -0.297898 0.104607 0.032792
v -0.292653 0.104607 0.024813
v -0.288164 0.104607 0.016824
v -0.307261 0.104607 -0.438098
v -0.290189 0.104607 -0.468034
v -0.277697 0.104607 -1.184100
v -0.318639 0.104607 0.101769
v -0.336207 0.104607 0.001068
v -0.331067 0.104607 -0.035147
v -0.333457 0.104607 -0.137898
v -0.312241 0.104607 -0.479608
v -0.329764 0.104607 -0.496052
v -0.333417 0.104607 -0.969836
v -0.273623 0.104607 -0.079943
v -0.271865 0.104607 -0.074530
v -0.270400 0.104607 -0.063000
v -0.270774 0.104607 -0.068863
v -0.271930 0.104607 -0.679660
v -0.272343 0.104607 -0.679635
v -0.267795 0.104607 -0.647529
v -0.267700 0.104607 -0.973440
v -0.273813 0.104607 -1.005960
v -0.256720 0.104607 -1.061280
v -0.254740 0.104607 -0.648360
v -0.254020 0.104607 -0.680760
v -0.256720 0.104607 -1.010880
v -0.260958 0.104607 -1.009555
v -0.245327 0.104607 -0.461248
v -0.246700 0.104607 -0.428882
v -0.250060 0.104607 -0.461160
v -0.247353 0.104607 -0.648188
v -0.246984 0.104607 -0.680659
v -0.255100 0.104607 -0.428760
v -0.252667 0.104607 -0.977294
v -0.245076 0.104607 -0.979695
v -0.255587 0.104607 -1.177534
v -0.244335 0.104607 -1.207052
v -0.262938 0.104607 -1.180051
v -0.252349 0.104607 -1.209977
v -0.273477 0.104607 -0.429836
v -0.264266 0.104607 -0.461950
v -0.269500 0.104607 -1.007083
v -0.260192 0.104607 -0.975212
v -0.265217 0.104607 -1.008285
v -0.270310 0.104607 -1.182240
v -0.259880 0.104607 -1.212494
v -0.243940 0.104607 -0.552960
v -0.240663 0.104607 -0.461505
v -0.243940 0.104607 -0.521280
v -0.238567 0.104607 -0.429253
v -0.236065 0.104607 -0.461920
v -0.239957 0.104607 -0.647673
v -0.240215 0.104607 -0.680339
v -0.231527 0.104607 -0.462480
v -0.230654 0.104607 -0.429885
v -0.226480 0.104607 -1.164240
v -0.227100 0.104607 -0.678947
v -0.232555 0.104607 -0.646819
v -0.233702 0.104607 -1.168042
v -0.226480 0.104607 -1.199880
v -0.227043 0.104607 -0.463176
v -0.233618 0.104607 -0.679776
v -0.240963 0.104607 -1.171527
v -0.225153 0.104607 -0.645627
v -0.220567 0.104607 -0.677828
v -0.207760 0.104607 -0.433440
v -0.213873 0.104607 -0.465960
v -0.217757 0.104607 -0.644100
v -0.213925 0.104607 -0.676395
v -0.222610 0.104607 -0.463995
v -0.222913 0.104607 -0.430787
v -0.215298 0.104607 -0.431968
v -0.218222 0.104607 -0.464927
v -0.205277 0.104607 -0.468285
v -0.209560 0.104607 -0.467083
v -0.200252 0.104607 -0.435212
v -0.210370 0.104607 -0.642240
v -0.199940 0.104607 -0.672494
v -0.207081 0.104607 -0.674625
v -0.237347 0.104607 -0.020918
v -0.201651 0.104607 -0.039988
v -0.234881 0.104607 -0.036121
v -0.204593 0.104607 -0.048858
v -0.234040 0.104607 -0.051120
v -0.206415 0.104607 -0.058236
v -0.207040 0.104607 -0.068040
v -0.234711 0.104607 -0.063698
v -0.206433 0.104607 -0.077109
v -0.236677 0.104607 -0.075635
v -0.204643 0.104607 -0.086052
v -0.239867 0.104607 -0.086844
v -0.201719 0.104607 -0.094742
v -0.202998 0.104607 -0.640051
v -0.221440 0.104607 -1.092960
v -0.272200 0.104607 -0.043200
v -0.271787 0.104607 -0.045288
v -0.271442 0.104607 -0.047242
v -0.271159 0.104607 -0.049078
v -0.270933 0.104607 -0.050813
v -0.270757 0.104607 -0.052464
v -0.270625 0.104607 -0.054045
v -0.270530 0.104607 -0.055574
v -0.270467 0.104607 -0.057067
v -0.270428 0.104607 -0.058539
v -0.270408 0.104607 -0.060008
v -0.270401 0.104607 -0.061490
v -0.244213 0.104607 -0.097240
v -0.237373 0.104607 -0.982427
v -0.229510 0.104607 -0.985499
v -0.221440 0.104607 -0.988920
v -0.221440 0.104607 -1.090620
v -0.248260 0.104607 -1.174692
v -0.235743 0.104607 -1.203694
v -0.185136 0.104607 -0.439695
v -0.196780 0.104607 -0.470880
v -0.195647 0.104607 -0.637533
v -0.184395 0.104607 -0.667052
v -0.177433 0.104607 -0.442427
v -0.188320 0.104607 -0.634691
v -0.175803 0.104607 -0.663694
v -0.171414 0.104607 -0.073929
v -0.171378 0.104607 -0.063180
v -0.171760 0.104607 -0.068400
v -0.168475 0.104607 -0.053421
v -0.170267 0.104607 -0.058172
v -0.170398 0.104607 -0.079155
v -0.166507 0.104607 -0.088560
v -0.163052 0.104607 -0.044876
v -0.163703 0.104607 -0.092672
v -0.164240 0.104607 0.078426
v -0.172853 0.104607 -0.006093
v -0.166053 0.104607 -0.048973
v -0.168751 0.104607 -0.084043
v -0.161500 0.104607 -0.552960
v -0.166540 0.104607 -0.624240
v -0.186880 0.104607 -0.017235
v -0.159520 0.104607 -0.041175
v -0.192717 0.104607 -0.024095
v -0.197667 0.104607 -0.031707
v -0.197707 0.104607 -0.103053
v -0.192655 0.104607 -0.110860
v -0.186610 0.104607 -0.118035
v -0.160375 0.104607 -0.096345
v -0.179620 0.104607 -0.124453
v -0.169570 0.104607 -0.445498
v -0.161500 0.104607 -0.448920
v -0.161500 0.104607 -0.550620
v -0.196780 0.104607 -0.521280
v -0.181023 0.104607 -0.631527
v -0.173762 0.104607 -0.628042
v -0.166540 0.104607 -0.659880
v -0.155508 0.104607 -0.037916
v -0.151164 0.104607 -1.046137
v -0.151600 0.104607 -1.054440
v -0.151067 0.104607 -0.035147
v -0.156560 0.104607 -0.099546
v -0.147798 0.104607 -1.031125
v -0.149833 0.104607 -1.069164
v -0.147612 0.104607 -0.104394
v -0.144947 0.104607 -1.024494
v -0.147696 0.104607 -1.075883
v -0.146076 0.104607 0.063883
v -0.156207 0.104607 0.001068
v -0.146245 0.104607 -0.032912
v -0.152293 0.104607 -0.102240
v -0.153457 0.104607 -0.137898
v -0.142552 0.104607 -0.105975
v -0.143162 0.104607 -0.140024
v -0.149883 0.104607 -1.038352
v -0.151150 0.104607 -1.061999
v -0.134293 0.104607 0.003518
v -0.132204 0.104607 -1.008566
v -0.137560 0.104607 0.003600
v -0.135662 0.104607 -0.030232
v -0.137110 0.104607 -1.013175
v -0.141152 0.104607 -1.087786
v -0.131440 0.104607 -0.107280
v -0.127649 0.104607 0.002880
v -0.130000 0.104607 -0.029880
v -0.130983 0.104607 0.003277
v -0.124500 0.104607 -0.030217
v -0.127317 0.104607 -0.029963
v -0.131898 0.104607 -1.097309
v -0.137149 0.104607 -0.106948
v -0.132160 0.104607 -0.140760
v -0.126693 0.104607 -1.004707
v -0.136840 0.104607 -1.092870
v -0.152680 0.104607 0.111240
v -0.138639 0.104607 0.101769
v -0.154833 0.104607 0.071268
v -0.125373 0.104607 0.091088
v -0.137987 0.104607 0.056307
v -0.130582 0.104607 0.048575
v -0.147095 0.104607 0.002954
v -0.141093 0.104607 -0.031258
v -0.143240 0.104607 -0.979934
v -0.152265 0.104607 -0.985896
v -0.141371 0.104607 -1.018498
v -0.144787 0.104607 -1.082107
v -0.151653 0.104607 -1.119979
v -0.142600 0.104607 -1.125827
v -0.126373 0.104607 -1.101054
v -0.132723 0.104607 -1.130530
v -0.174280 0.104607 0.085320
v -0.164819 0.104607 -0.001974
v -0.180233 0.104607 -0.011207
v -0.171733 0.104607 -0.129987
v -0.162996 0.104607 -0.134511
v -0.192727 0.104607 -0.437293
v -0.124420 0.104607 -0.514440
v -0.160330 0.104607 -0.992970
v -0.167360 0.104607 -1.001080
v -0.173280 0.104607 -1.010147
v -0.178015 0.104607 -1.020094
v -0.181490 0.104607 -1.030844
v -0.183630 0.104607 -1.042318
v -0.184360 0.104607 -1.054440
v -0.183603 0.104607 -1.065818
v -0.181390 0.104607 -1.076672
v -0.177813 0.104607 -1.086913
v -0.172960 0.104607 -1.096454
v -0.166923 0.104607 -1.105204
v -0.159790 0.104607 -1.113075
v -0.271076 0.104607 0.053208
v -0.261760 0.104607 0.039105
v -0.253644 0.104607 0.024500
v -0.246813 0.104607 0.009533
v -0.241353 0.104607 -0.005653
v -0.249644 0.104607 -0.106736
v -0.256090 0.104607 -0.115245
v -0.263481 0.104607 -0.122682
v -0.271747 0.104607 -0.128960
v -0.201018 0.104607 -0.469555
v -0.192409 0.104607 -0.669977
v -0.133330 0.104607 -0.975161
v -0.276000 0.104607 -0.085040
v -0.267021 0.104607 -1.214625
v -0.273865 0.104607 -1.216395
v -0.115387 0.104607 -0.032047
v -0.117670 0.104607 0.000810
v -0.121562 0.104607 -0.030645
v -0.114410 0.104607 -0.000157
v -0.118520 0.104607 -0.031253
v -0.120525 0.104607 -0.105650
v -0.114017 0.104607 -0.999399
v -0.122610 0.104607 -0.971657
v -0.120314 0.104607 -1.104053
v -0.122110 0.104607 -1.133999
v -0.113767 0.104607 -1.106257
v -0.110720 0.104607 -0.101080
v -0.106931 0.104607 -0.998026
v -0.111155 0.104607 -0.969497
v -0.110853 0.104607 -1.136145
v -0.106780 0.104607 -1.107616
v -0.099400 0.104607 -0.006840
v -0.101520 0.104607 0.000961
v -0.105077 0.104607 -0.003817
v -0.102172 0.104607 -0.005273
v -0.105600 0.104607 -0.035587
v -0.102257 0.104607 -0.037170
v -0.111213 0.104607 -0.001253
v -0.108096 0.104607 -0.002475
v -0.112180 0.104607 -0.033030
v -0.108912 0.104607 -0.034208
v -0.106356 0.104607 -0.097843
v -0.099400 0.104607 -0.997560
v -0.101507 0.104607 0.066667
v -0.123880 0.104607 0.040725
v -0.124307 0.104607 0.002333
v -0.108164 0.104607 0.016824
v -0.120975 0.104607 0.001642
v -0.104447 0.104607 0.008862
v -0.115459 0.104607 -0.103703
v -0.100817 0.104607 -0.133993
v -0.110623 0.104607 -0.137695
v -0.096000 0.104607 -0.085040
v -0.098947 0.104607 -0.089763
v -0.092200 0.104607 -0.043200
v -0.091786 0.104607 -0.045288
v -0.093623 0.104607 -0.079943
v -0.091442 0.104607 -0.047242
v -0.095542 0.104607 -0.040972
v -0.091159 0.104607 -0.049078
v -0.090933 0.104607 -0.050813
v -0.098900 0.104607 -0.038963
v -0.090757 0.104607 -0.052464
v -0.091865 0.104607 -0.074530
v -0.091224 0.104607 -0.506137
v -0.091660 0.104607 -0.514440
v -0.099040 0.104607 -0.968760
v -0.091208 0.104607 -0.998006
v -0.090400 0.104607 -0.063000
v -0.087858 0.104607 -0.491124
v -0.089893 0.104607 -0.529163
v -0.085007 0.104607 -0.484493
v -0.087756 0.104607 -0.535883
v -0.077170 0.104607 -0.473175
v -0.081212 0.104607 -0.547786
v -0.074560 0.104607 -0.971557
v -0.076518 0.104607 -1.001481
v -0.081431 0.104607 -0.478497
v -0.084847 0.104607 -0.542107
v -0.083570 0.104607 -0.999322
v -0.086429 0.104607 -0.969470
v -0.084195 0.104607 -1.106255
v -0.074935 0.104607 -1.134099
v -0.090774 0.104607 -0.068863
v -0.089943 0.104607 -0.498352
v -0.091210 0.104607 -0.521999
v -0.091586 0.104607 -1.107616
v -0.086656 0.104607 -1.136173
v -0.117898 0.104607 0.032792
v -0.091076 0.104607 0.053208
v -0.112653 0.104607 0.024813
v -0.081760 0.104607 0.039105
v -0.073644 0.104607 0.024500
v -0.090625 0.104607 -0.054045
v -0.090530 0.104607 -0.055574
v -0.090467 0.104607 -0.057067
v -0.090428 0.104607 -0.058539
v -0.090408 0.104607 -0.060008
v -0.090401 0.104607 -0.061490
v -0.102415 0.104607 -0.094050
v -0.076090 0.104607 -0.115245
v -0.083481 0.104607 -0.122682
v -0.091747 0.104607 -0.128960
v -0.100390 0.104607 -0.452970
v -0.107420 0.104607 -0.461080
v -0.113340 0.104607 -0.470147
v -0.118075 0.104607 -0.480094
v -0.121550 0.104607 -0.490844
v -0.123690 0.104607 -0.502318
v -0.123663 0.104607 -0.525818
v -0.121450 0.104607 -0.536672
v -0.117873 0.104607 -0.546913
v -0.113020 0.104607 -0.556453
v -0.106983 0.104607 -0.565204
v -0.099850 0.104607 -0.573075
v -0.076900 0.104607 -0.552870
v -0.091713 0.104607 -0.579979
v -0.099400 0.104607 -1.108080
v -0.099040 0.104607 -1.136880
v -0.066753 0.104607 -0.464707
v -0.071958 0.104607 -0.557309
v -0.064288 0.104607 -1.008211
v -0.070880 0.104607 -1.101040
v -0.059845 0.104607 -1.092825
v -0.073390 0.104607 -0.435161
v -0.060678 0.104607 -0.461638
v -0.066433 0.104607 -0.561053
v -0.072783 0.104607 -0.590530
v -0.060374 0.104607 -0.564053
v -0.062170 0.104607 -0.593998
v -0.059170 0.104607 -1.012725
v -0.065053 0.104607 -1.097283
v -0.046991 0.104607 -0.458026
v -0.051215 0.104607 -0.429497
v -0.050913 0.104607 -0.596145
v -0.046840 0.104607 -0.567616
v -0.048168 0.104607 -1.030517
v -0.053827 0.104607 -0.566257
v -0.051080 0.104607 -1.023907
v -0.051480 0.104607 -1.082000
v -0.046175 0.104607 -1.068955
v -0.044320 0.104607 -1.054080
v -0.044758 0.104607 -1.045633
v -0.044792 0.104607 -1.061722
v -0.039100 0.104607 -0.428760
v -0.039460 0.104607 -0.457560
v -0.039460 0.104607 -0.568080
v -0.039100 0.104607 -0.596880
v -0.046050 0.104607 -1.037769
v -0.048421 0.104607 -1.075731
v -0.062670 0.104607 -0.431657
v -0.054077 0.104607 -0.459398
v -0.070080 0.104607 -1.004454
v -0.063501 0.104607 -0.974959
v -0.053320 0.104607 -0.979614
v -0.044084 0.104607 -0.985458
v -0.035860 0.104607 -0.992430
v -0.054758 0.104607 -1.017967
v -0.055304 0.104607 -1.087715
v -0.036265 0.104607 -1.113615
v -0.044543 0.104607 -1.120417
v -0.053800 0.104607 -1.126147
v -0.031268 0.104607 -0.458005
v -0.026489 0.104607 -0.429470
v -0.023630 0.104607 -0.459322
v -0.014620 0.104607 -0.431557
v -0.016578 0.104607 -0.461481
v -0.024255 0.104607 -0.566255
v -0.014995 0.104607 -0.594099
v -0.005113 0.104607 -0.557283
v -0.004348 0.104607 -0.468211
v -0.010940 0.104607 -0.561040
v 0.005182 0.104607 -0.477967
v 0.004636 0.104607 -0.547714
v 0.009602 0.104607 -0.079155
v 0.009733 0.104607 -0.058172
v 0.008586 0.104607 -0.073929
v 0.008622 0.104607 -0.063180
v 0.008240 0.104607 -0.068400
v 0.008860 0.104607 -0.483907
v -0.010140 0.104607 -0.464454
v -0.003561 0.104607 -0.434959
v 0.006620 0.104607 -0.439613
v 0.000770 0.104607 -0.472725
v 0.000095 0.104607 -0.552825
v 0.006140 0.104607 -0.586147
v -0.024593 0.104607 -0.048858
v -0.026415 0.104607 -0.058236
v -0.027040 0.104607 -0.068040
v -0.026433 0.104607 -0.077109
v -0.024643 0.104607 -0.086052
v -0.021719 0.104607 -0.094742
v 0.011249 0.104607 -0.084043
v -0.017707 0.104607 -0.103053
v -0.017337 0.104607 -0.564047
v -0.004017 0.104607 -0.590732
v -0.066813 0.104607 0.009533
v -0.006880 0.104607 -0.017235
v -0.061352 0.104607 -0.005653
v -0.012717 0.104607 -0.024095
v -0.057347 0.104607 -0.020918
v -0.017667 0.104607 -0.031707
v -0.021651 0.104607 -0.039988
v -0.054881 0.104607 -0.036121
v -0.054040 0.104607 -0.051120
v -0.054711 0.104607 -0.063698
v -0.056677 0.104607 -0.075635
v -0.059867 0.104607 -0.086844
v -0.064213 0.104607 -0.097240
v -0.069644 0.104607 -0.106736
v -0.012655 0.104607 -0.110860
v -0.031646 0.104607 -0.567616
v -0.026716 0.104607 -0.596172
v -0.028716 0.104607 -1.000467
v -0.022720 0.104607 -1.009507
v -0.017939 0.104607 -1.019487
v -0.014440 0.104607 -1.030344
v -0.012291 0.104607 -1.042016
v -0.011560 0.104607 -1.054440
v -0.012312 0.104607 -1.066121
v -0.014515 0.104607 -1.077172
v -0.018091 0.104607 -1.087521
v -0.022960 0.104607 -1.097094
v -0.029044 0.104607 -1.105816
v -0.112967 0.104607 0.079341
v -0.006610 0.104607 -0.118035
v 0.000380 0.104607 -0.124453
v 0.008267 0.104607 -0.129987
v -0.121094 0.104607 -0.139979
v -0.083300 0.104607 -0.439934
v -0.092325 0.104607 -0.445896
v -0.072264 0.104607 -0.468565
v -0.082660 0.104607 -0.585827
v -0.077277 0.104607 -1.104047
v -0.063957 0.104607 -1.130732
v 0.013890 0.104607 -0.497768
v 0.011519 0.104607 -0.535731
v 0.015620 0.104607 -0.514080
v 0.015148 0.104607 -0.521722
v 0.015182 0.104607 -0.505632
v 0.013765 0.104607 -0.528955
v 0.016297 0.104607 -0.092672
v 0.019625 0.104607 -0.096345
v 0.013493 0.104607 -0.088560
v 0.027707 0.104607 -0.102240
v 0.036838 0.104607 -0.140024
v 0.047556 0.104607 -1.046137
v 0.047120 0.104607 -1.054440
v 0.053773 0.104607 -1.024494
v 0.050922 0.104607 -1.031125
v 0.048887 0.104607 -1.069164
v 0.048837 0.104607 -1.038352
v 0.047570 0.104607 -1.061999
v 0.023440 0.104607 -0.099546
v 0.017004 0.104607 -0.134511
v 0.026543 0.104607 -0.137898
v 0.037220 0.104607 -0.469507
v 0.011772 0.104607 -0.490517
v 0.042001 0.104607 -0.479486
v 0.045500 0.104607 -0.490343
v 0.047649 0.104607 -0.502016
v 0.048380 0.104607 -0.514440
v 0.047628 0.104607 -0.526120
v 0.045425 0.104607 -0.537172
v 0.041849 0.104607 -0.547521
v 0.025440 0.104607 -1.010147
v 0.020705 0.104607 -1.020094
v 0.017230 0.104607 -1.030844
v 0.015090 0.104607 -1.042318
v 0.014360 0.104607 -1.054440
v 0.015117 0.104607 -1.065818
v 0.017330 0.104607 -1.076672
v 0.020907 0.104607 -1.086913
v 0.051024 0.104607 -1.075883
v 0.025760 0.104607 -1.096454
v 0.061610 0.104607 -1.013175
v 0.057568 0.104607 -1.087786
v 0.053933 0.104607 -1.082107
v 0.066822 0.104607 -1.097309
v 0.072027 0.104607 -1.004707
v 0.055480 0.104607 -0.979934
v 0.066516 0.104607 -1.008566
v 0.061880 0.104607 -1.092870
v 0.056120 0.104607 -1.125827
v 0.072347 0.104607 -1.101054
v 0.065997 0.104607 -1.130530
v 0.084703 0.104607 -0.999399
v 0.076110 0.104607 -0.971657
v 0.078406 0.104607 -1.104053
v 0.076610 0.104607 -1.133999
v 0.084953 0.104607 -1.106257
v 0.087867 0.104607 -1.136145
v 0.087565 0.104607 -0.969497
v 0.091789 0.104607 -0.998026
v 0.099320 0.104607 -0.997560
v 0.091940 0.104607 -1.107616
v 0.084740 0.104607 -0.677520
v 0.065390 0.104607 -0.975161
v 0.078102 0.104607 -1.001638
v 0.107512 0.104607 -0.998006
v 0.099680 0.104607 -0.968760
v 0.112291 0.104607 -0.969470
v 0.115150 0.104607 -0.999322
v 0.107134 0.104607 -1.107616
v 0.112064 0.104607 -1.136173
v 0.124160 0.104607 -0.971557
v 0.116780 0.104607 -0.677520
v 0.122203 0.104607 -1.001481
v 0.121443 0.104607 -1.104047
v 0.114525 0.104607 -1.106255
v 0.123785 0.104607 -1.134099
v 0.134433 0.104607 -1.008211
v 0.133667 0.104607 -1.097283
v 0.143963 0.104607 -1.017967
v 0.147240 0.104607 -1.082000
v 0.147640 0.104607 -1.023907
v 0.143416 0.104607 -1.087715
v 0.128640 0.104607 -1.004454
v 0.135219 0.104607 -0.974959
v 0.145400 0.104607 -0.979614
v 0.139550 0.104607 -1.012725
v 0.138875 0.104607 -1.092825
v 0.127840 0.104607 -1.101040
v 0.144920 0.104607 -1.126147
v 0.134763 0.104607 -1.130732
v 0.084740 0.104607 -0.437523
v 0.084740 0.104607 -0.432000
v 0.099320 0.104607 -1.108080
v 0.099680 0.104607 -1.136880
v 0.116780 0.104607 -0.432000
v 0.015856 0.104607 -0.445458
v 0.024080 0.104607 -0.452430
v 0.031224 0.104607 -0.460467
v 0.037085 0.104607 -0.469303
v 0.030896 0.104607 -0.565816
v 0.023675 0.104607 -0.573615
v 0.015397 0.104607 -0.580417
v 0.046455 0.104607 -0.985896
v 0.038390 0.104607 -0.992970
v 0.031360 0.104607 -1.001080
v 0.057349 0.104607 -1.018498
v 0.031797 0.104607 -1.105204
v 0.038930 0.104607 -1.113075
v 0.047067 0.104607 -1.119979
v 0.153963 0.104607 -1.045633
v 0.152670 0.104607 -1.037769
v 0.152545 0.104607 -1.068955
v 0.156020 0.104607 -0.516600
v 0.158718 0.104607 -0.538797
v 0.156643 0.104607 -0.504046
v 0.156706 0.104607 -0.528011
v 0.154400 0.104607 -1.054080
v 0.153928 0.104607 -1.061722
v 0.166447 0.104607 -0.558213
v 0.178655 0.104607 -0.574290
v 0.172025 0.104607 -0.566704
v 0.158483 0.104607 -0.492333
v 0.159451 0.104607 -0.488861
v 0.161988 0.104607 -0.548888
v 0.176000 0.104607 -1.009507
v 0.150552 0.104607 -1.030517
v 0.180781 0.104607 -1.019487
v 0.184205 0.104607 -1.077172
v 0.150299 0.104607 -1.075731
v 0.180629 0.104607 -1.087521
v 0.215960 0.104607 -1.056600
v 0.187160 0.104607 -1.054440
v 0.186429 0.104607 -1.042016
v 0.216583 0.104607 -1.044046
v 0.218423 0.104607 -1.032334
v 0.184280 0.104607 -1.030344
v 0.216646 0.104607 -1.068011
v 0.186408 0.104607 -1.066121
v 0.249798 0.104607 -1.037500
v 0.249149 0.104607 -1.060134
v 0.251212 0.104607 -1.030894
v 0.250410 0.104607 -1.067830
v 0.248982 0.104607 -1.044526
v 0.248720 0.104607 -1.051920
v 0.221439 0.104607 -1.021512
v 0.218658 0.104607 -1.078797
v 0.221928 0.104607 -1.088888
v 0.252466 0.104607 -1.074971
v 0.186267 0.104607 -0.580901
v 0.252653 0.104607 -0.982414
v 0.154636 0.104607 -0.985458
v 0.244400 0.104607 -0.988073
v 0.162860 0.104607 -0.992430
v 0.237110 0.104607 -0.994860
v 0.170004 0.104607 -1.000467
v 0.230825 0.104607 -1.002727
v 0.225587 0.104607 -1.011627
v 0.226387 0.104607 -1.098214
v 0.175760 0.104607 -1.097094
v 0.231965 0.104607 -1.106704
v 0.169676 0.104607 -1.105816
v 0.238595 0.104607 -1.114290
v 0.162455 0.104607 -1.113615
v 0.246207 0.104607 -1.120901
v 0.154177 0.104607 -1.120417
v 0.259475 0.104607 -1.014120
v 0.256007 0.104607 -1.019151
v 0.255280 0.104607 -1.081520
v 0.263030 0.104607 -1.092690
v 0.268773 0.104607 -1.006000
v 0.267891 0.104607 -1.097237
v 0.264104 0.104607 -1.130918
v 0.273360 0.104607 -1.101040
v 0.263716 0.104607 -1.009719
v 0.258814 0.104607 -1.087439
v 0.254733 0.104607 -1.126467
v 0.274252 0.104607 -1.134184
v 0.279399 0.104607 -1.104064
v 0.285107 0.104607 -1.136194
v 0.285970 0.104607 -1.106270
v 0.281512 0.104607 -1.000820
v 0.299287 0.104607 -1.136842
v 0.300560 0.104607 -1.108080
v 0.298040 0.104607 -0.999000
v 0.294440 0.104607 -0.972000
v 0.293036 0.104607 -1.107621
v 0.296600 0.104607 -1.136880
v 0.282762 0.104607 -0.972675
v 0.289280 0.104607 -0.999464
v 0.271877 0.104607 -0.974667
v 0.261826 0.104607 -0.977929
v 0.274691 0.104607 -1.003016
v 0.303210 0.104607 -1.108042
v 0.304621 0.104607 -1.136526
v 0.305773 0.104607 -1.107927
v 0.309985 0.104607 -1.135865
v 0.307293 0.104607 -1.136240
v 0.313112 0.104607 -1.107091
v 0.310707 0.104607 -1.107454
v 0.315500 0.104607 -1.106640
v 0.318307 0.104607 -1.134160
v 0.315480 0.104607 -1.134828
v 0.308266 0.104607 -1.107731
v 0.312710 0.104607 -1.135395
v 0.320293 0.104607 -1.105467
v 0.325227 0.104607 -1.103914
v 0.322734 0.104607 -1.104739
v 0.327258 0.104607 -1.131511
v 0.330440 0.104607 -1.101960
v 0.330440 0.104607 -1.130400
v 0.327790 0.104607 -1.102988
v 0.330440 0.104607 -1.217520
v 0.362480 0.104607 -1.217520
v 0.324183 0.104607 -1.132505
v 0.321204 0.104607 -1.133387
v 0.317888 0.104607 -1.106100
v 0.301957 0.104607 -1.136725
v 0.253267 0.104607 -1.024760
v 0.011525 0.104607 -0.053421
v 0.008460 0.104607 -0.542000
v 0.036980 0.104607 -0.557093
v -0.125868 0.104607 -0.106863
v -0.120618 0.104607 -1.001638
v -0.169240 0.104607 1.188000
v -0.368320 0.104607 1.188000
v -0.133960 0.104607 1.188000
v -0.133960 0.104607 1.066680
v 0.063320 0.104607 1.026360
v -0.093640 0.104607 1.058760
v -0.030640 0.104607 0.942480
v -0.133960 0.104607 0.942480
v 0.005720 0.104607 0.085320
v -0.000233 0.104607 -0.011207
v -0.009040 0.104607 1.188000
v -0.133960 0.104607 1.054800
v -0.169240 0.104607 0.942480
v 0.013947 0.104607 -0.048973
v 0.020480 0.104607 -0.041175
v 0.015760 0.104607 0.078426
v 0.007147 0.104607 -0.006093
v 0.016948 0.104607 -0.044876
v 0.028933 0.104607 -0.035147
v 0.025167 0.104607 0.071268
v 0.015181 0.104607 -0.001974
v 0.033755 0.104607 -0.032912
v 0.024492 0.104607 -0.037916
v 0.013280 0.104607 0.942480
v 0.027320 0.104607 0.111240
v 0.038907 0.104607 -0.031258
v 0.042851 0.104607 -0.106948
v 0.045707 0.104607 0.003518
v 0.047840 0.104607 -0.140760
v 0.048560 0.104607 -0.107280
v 0.042440 0.104607 0.003600
v 0.044338 0.104607 -0.030232
v 0.037448 0.104607 -0.105975
v 0.050000 0.104607 -0.029880
v 0.052351 0.104607 0.002880
v 0.052683 0.104607 -0.029963
v 0.055693 0.104607 0.002333
v 0.055500 0.104607 -0.030217
v 0.060440 0.104607 0.977400
v 0.060616 0.104607 0.974832
v 0.059025 0.104607 0.001642
v 0.058438 0.104607 -0.030645
v 0.054132 0.104607 -0.106863
v 0.058906 0.104607 -0.139979
v 0.054627 0.104607 0.091088
v 0.033924 0.104607 0.063883
v 0.056120 0.104607 0.040725
v 0.049017 0.104607 0.003277
v 0.060616 0.104607 0.979969
v 0.041361 0.104607 0.101769
v 0.023793 0.104607 0.001068
v 0.042013 0.104607 0.056307
v 0.049418 0.104607 0.048575
v 0.032905 0.104607 0.002954
v 0.032388 0.104607 -0.104394
v 0.061128 0.104607 0.982439
v 0.061953 0.104607 0.970015
v 0.063067 0.104607 0.986987
v 0.064041 0.104607 1.026360
v 0.064445 0.104607 0.989018
v 0.064445 0.104607 0.965782
v 0.061953 0.104607 0.984786
v 0.063067 0.104607 0.967813
v 0.066065 0.104607 0.990855
v 0.069933 0.104607 0.960947
v 0.067902 0.104607 0.992475
v 0.067902 0.104607 0.962325
v 0.069933 0.104607 0.993854
v 0.066065 0.104607 0.963945
v 0.068787 0.104607 -0.001253
v 0.061480 0.104607 -0.031253
v 0.064613 0.104607 -0.032047
v 0.064541 0.104607 -0.103703
v 0.072134 0.104607 0.994967
v 0.074482 0.104607 0.959009
v 0.074482 0.104607 0.995792
v 0.076951 0.104607 0.958496
v 0.073644 0.104607 -0.097843
v 0.081100 0.104607 -0.038963
v 0.080600 0.104607 -0.006840
v 0.084558 0.104607 0.995792
v 0.082089 0.104607 0.996304
v 0.084558 0.104607 0.959008
v 0.084000 0.104607 -0.085040
v 0.079520 0.104607 0.996480
v 0.082089 0.104607 0.958496
v 0.084458 0.104607 -0.040972
v 0.081053 0.104607 -0.089763
v 0.076951 0.104607 0.996304
v 0.079520 0.104607 0.958320
v 0.071904 0.104607 -0.002475
v 0.078480 0.104607 0.000961
v 0.074923 0.104607 -0.003817
v 0.077828 0.104607 -0.005273
v 0.074400 0.104607 -0.035587
v 0.077743 0.104607 -0.037170
v 0.077585 0.104607 -0.094050
v 0.072134 0.104607 0.959833
v 0.062330 0.104607 0.000810
v 0.075553 0.104607 0.008862
v 0.065590 0.104607 -0.000157
v 0.067820 0.104607 -0.033030
v 0.071088 0.104607 -0.034208
v 0.069280 0.104607 -0.101080
v 0.079183 0.104607 -0.133993
v 0.063320 0.104607 1.188000
v 0.039560 0.104607 1.188000
v 0.061128 0.104607 0.972362
v 0.067033 0.104607 0.079341
v 0.078493 0.104607 0.066667
v 0.062102 0.104607 0.032792
v 0.067347 0.104607 0.024813
v 0.071836 0.104607 0.016824
v 0.059475 0.104607 -0.105650
v 0.069377 0.104607 -0.137695
v 0.089107 0.104607 0.960947
v 0.088135 0.104607 -0.074530
v 0.089600 0.104607 -0.063000
v 0.092975 0.104607 0.990855
v 0.092975 0.104607 0.963945
v 0.095360 0.104607 1.188000
v 0.095360 0.104607 1.026360
v 0.094595 0.104607 0.989018
v 0.094595 0.104607 0.965782
v 0.091138 0.104607 0.992475
v 0.086906 0.104607 0.994967
v 0.089107 0.104607 0.993854
v 0.091138 0.104607 0.962325
v 0.089226 0.104607 -0.068863
v 0.097912 0.104607 0.982439
v 0.097912 0.104607 0.972362
v 0.097087 0.104607 0.984786
v 0.097087 0.104607 0.970015
v 0.098600 0.104607 0.977400
v 0.098424 0.104607 0.979969
v 0.098424 0.104607 0.974832
v 0.155407 0.104607 -0.048858
v 0.125119 0.104607 -0.036121
v 0.125960 0.104607 -0.051120
v 0.153585 0.104607 -0.058236
v 0.152960 0.104607 -0.068040
v 0.125289 0.104607 -0.063698
v 0.153567 0.104607 -0.077109
v 0.123323 0.104607 -0.075635
v 0.155357 0.104607 -0.086052
v 0.120133 0.104607 -0.086844
v 0.158281 0.104607 -0.094742
v 0.142160 0.104607 0.942480
v 0.142160 0.104607 1.188000
v 0.095973 0.104607 0.986987
v 0.095973 0.104607 0.967813
v 0.086906 0.104607 0.959833
v 0.122653 0.104607 -0.020918
v 0.087800 0.104607 -0.043200
v 0.088214 0.104607 -0.045288
v 0.088558 0.104607 -0.047242
v 0.088841 0.104607 -0.049078
v 0.089067 0.104607 -0.050813
v 0.089243 0.104607 -0.052464
v 0.089375 0.104607 -0.054045
v 0.089470 0.104607 -0.055574
v 0.089533 0.104607 -0.057067
v 0.089572 0.104607 -0.058539
v 0.089592 0.104607 -0.060008
v 0.089599 0.104607 -0.061490
v 0.188622 0.104607 -0.063180
v 0.188240 0.104607 -0.068400
v 0.189042 0.104607 -0.504526
v 0.188780 0.104607 -0.511920
v 0.189602 0.104607 -0.079155
v 0.189858 0.104607 -0.497500
v 0.189209 0.104607 -0.520134
v 0.189733 0.104607 -0.058172
v 0.188586 0.104607 -0.073929
v 0.190470 0.104607 -0.527830
v 0.193327 0.104607 -0.484760
v 0.192526 0.104607 -0.534971
v 0.193947 0.104607 -0.048973
v 0.193493 0.104607 -0.088560
v 0.196066 0.104607 -0.479151
v 0.195340 0.104607 -0.541520
v 0.194793 0.104607 -0.586467
v 0.200480 0.104607 -0.041175
v 0.199625 0.104607 -0.096345
v 0.198874 0.104607 -0.547439
v 0.204492 0.104607 -0.037916
v 0.201886 0.104607 -0.437929
v 0.206543 0.104607 -0.137898
v 0.203776 0.104607 -0.469719
v 0.205167 0.104607 0.071268
v 0.195181 0.104607 -0.001974
v 0.196948 0.104607 -0.044876
v 0.196297 0.104607 -0.092672
v 0.197004 0.104607 -0.134511
v 0.199535 0.104607 -0.474120
v 0.203090 0.104607 -0.552690
v 0.185720 0.104607 0.085320
v 0.195760 0.104607 0.078426
v 0.187147 0.104607 -0.006093
v 0.179767 0.104607 -0.011207
v 0.173120 0.104607 -0.017235
v 0.167283 0.104607 -0.024095
v 0.162333 0.104607 -0.031707
v 0.158349 0.104607 -0.039988
v 0.191525 0.104607 -0.053421
v 0.191249 0.104607 -0.084043
v 0.162293 0.104607 -0.103053
v 0.167345 0.104607 -0.110860
v 0.173390 0.104607 -0.118035
v 0.180380 0.104607 -0.124453
v 0.203440 0.104607 -0.099546
v 0.188267 0.104607 -0.129987
v 0.184460 0.104607 -0.448073
v 0.177170 0.104607 -0.454860
v 0.170885 0.104607 -0.462727
v 0.165647 0.104607 -0.471627
v 0.161499 0.104607 -0.481511
v 0.191272 0.104607 -0.490894
v 0.174200 0.104607 0.942480
v 0.207320 0.104607 0.111240
v 0.088924 0.104607 0.053208
v 0.098240 0.104607 0.039105
v 0.106356 0.104607 0.024500
v 0.113187 0.104607 0.009533
v 0.118648 0.104607 -0.005653
v 0.115787 0.104607 -0.097240
v 0.110356 0.104607 -0.106736
v 0.103910 0.104607 -0.115245
v 0.096519 0.104607 -0.122682
v 0.088253 0.104607 -0.128960
v 0.086377 0.104607 -0.079943
v 0.192713 0.104607 -0.442413
v 0.213755 0.104607 -0.032912
v 0.207707 0.104607 -0.102240
v 0.207951 0.104607 -0.557236
v 0.221572 0.104607 -0.460820
v 0.214312 0.104607 -0.594184
v 0.219459 0.104607 -0.564064
v 0.212905 0.104607 0.002954
v 0.218907 0.104607 -0.031258
v 0.212388 0.104607 -0.104394
v 0.216838 0.104607 -0.140024
v 0.211937 0.104607 -0.434667
v 0.214751 0.104607 -0.463016
v 0.213420 0.104607 -0.561040
v 0.225707 0.104607 0.003518
v 0.225166 0.104607 -0.596194
v 0.226030 0.104607 -0.566270
v 0.228560 0.104607 -0.107280
v 0.232351 0.104607 0.002880
v 0.230000 0.104607 -0.029880
v 0.229017 0.104607 0.003277
v 0.222851 0.104607 -0.106948
v 0.227840 0.104607 -0.140760
v 0.229340 0.104607 -0.459464
v 0.222822 0.104607 -0.432675
v 0.235500 0.104607 -0.030217
v 0.239025 0.104607 0.001642
v 0.238438 0.104607 -0.030645
v 0.238906 0.104607 -0.139979
v 0.234132 0.104607 -0.106863
v 0.238100 0.104607 -0.459000
v 0.234500 0.104607 -0.432000
v 0.232683 0.104607 -0.029963
v 0.235693 0.104607 0.002333
v 0.233096 0.104607 -0.567621
v 0.236660 0.104607 -0.596880
v 0.234627 0.104607 0.091088
v 0.213924 0.104607 0.063883
v 0.229418 0.104607 0.048575
v 0.236120 0.104607 0.040725
v 0.222440 0.104607 0.003600
v 0.224338 0.104607 -0.030232
v 0.217448 0.104607 -0.105975
v 0.240620 0.104607 -0.568080
v 0.242017 0.104607 -0.596725
v 0.243756 0.104607 1.113864
v 0.243320 0.104607 1.105560
v 0.239475 0.104607 -0.105650
v 0.244681 0.104607 -0.596526
v 0.247123 0.104607 1.128876
v 0.245087 0.104607 1.090837
v 0.245833 0.104607 -0.567927
v 0.247353 0.104607 -0.596240
v 0.245037 0.104607 1.121648
v 0.243770 0.104607 1.098001
v 0.248787 0.104607 -0.001253
v 0.241480 0.104607 -0.031253
v 0.244613 0.104607 -0.032047
v 0.244541 0.104607 -0.103703
v 0.249377 0.104607 -0.137695
v 0.243270 0.104607 -0.568042
v 0.253549 0.104607 1.141503
v 0.250133 0.104607 1.077893
v 0.250767 0.104607 -0.567454
v 0.257948 0.104607 -0.566100
v 0.258480 0.104607 0.000961
v 0.254923 0.104607 -0.003817
v 0.257828 0.104607 -0.005273
v 0.255560 0.104607 -0.566640
v 0.257810 0.104607 1.146825
v 0.253768 0.104607 1.072214
v 0.251904 0.104607 -0.002475
v 0.253644 0.104607 -0.097843
v 0.253172 0.104607 -0.567091
v 0.258367 0.104607 -0.594160
v 0.255540 0.104607 -0.594828
v 0.249973 0.104607 1.135507
v 0.247224 0.104607 1.084118
v 0.242330 0.104607 0.000810
v 0.255553 0.104607 0.008862
v 0.245590 0.104607 -0.000157
v 0.247820 0.104607 -0.033030
v 0.249280 0.104607 -0.101080
v 0.259183 0.104607 -0.133993
v 0.248326 0.104607 -0.567731
v 0.252770 0.104607 -0.595395
v 0.250045 0.104607 -0.595864
v 0.234590 0.104607 1.167030
v 0.227560 0.104607 1.158921
v 0.227427 0.104607 1.158717
v 0.221640 0.104607 1.149854
v 0.216905 0.104607 1.139906
v 0.213430 0.104607 1.129157
v 0.211290 0.104607 1.117682
v 0.210560 0.104607 1.105560
v 0.211317 0.104607 1.094182
v 0.213530 0.104607 1.083328
v 0.217107 0.104607 1.073087
v 0.221960 0.104607 1.063547
v 0.227997 0.104607 1.054797
v 0.235130 0.104607 1.046925
v 0.258080 0.104607 1.067130
v 0.243268 0.104607 1.040021
v 0.222013 0.104607 0.056307
v 0.247033 0.104607 0.079341
v 0.258493 0.104607 0.066667
v 0.242102 0.104607 0.032792
v 0.247347 0.104607 0.024813
v 0.251836 0.104607 0.016824
v 0.239347 0.104607 -0.596842
v 0.261100 0.104607 -0.038963
v 0.260600 0.104607 -0.006840
v 0.264000 0.104607 -0.085040
v 0.264458 0.104607 -0.040972
v 0.261053 0.104607 -0.089763
v 0.262794 0.104607 -0.564739
v 0.268135 0.104607 -0.074530
v 0.268227 0.104607 1.155293
v 0.263022 0.104607 1.062691
v 0.267800 0.104607 -0.043200
v 0.268214 0.104607 -0.045288
v 0.268558 0.104607 -0.047242
v 0.268841 0.104607 -0.049078
v 0.269067 0.104607 -0.050813
v 0.269243 0.104607 -0.052464
v 0.266377 0.104607 -0.079943
v 0.265287 0.104607 -0.563914
v 0.270500 0.104607 -0.561960
v 0.269600 0.104607 -0.063000
v 0.270500 0.104607 -0.677520
v 0.270500 0.104607 -0.590400
v 0.284068 0.104607 1.023855
v 0.283765 0.104607 1.190503
v 0.287989 0.104607 1.161974
v 0.281153 0.104607 1.053743
v 0.295520 0.104607 1.162440
v 0.295880 0.104607 1.191240
v 0.295520 0.104607 1.051920
v 0.295880 0.104607 1.023120
v 0.288140 0.104607 1.052384
v 0.272310 0.104607 1.188343
v 0.280903 0.104607 1.160602
v 0.274606 0.104607 1.055948
v 0.272810 0.104607 1.026002
v 0.261590 0.104607 1.184839
v 0.274303 0.104607 1.158362
v 0.268547 0.104607 1.058947
v 0.262197 0.104607 1.029471
v 0.269226 0.104607 -0.068863
v 0.295787 0.104607 -0.097240
v 0.290356 0.104607 -0.106736
v 0.267849 0.104607 -0.562988
v 0.267318 0.104607 -0.591511
v 0.264243 0.104607 -0.592505
v 0.261264 0.104607 -0.593387
v 0.300133 0.104607 -0.086844
v 0.302540 0.104607 -0.432000
v 0.303323 0.104607 -0.075635
v 0.303713 0.104607 1.161995
v 0.308491 0.104607 1.190531
v 0.311350 0.104607 1.160678
v 0.303334 0.104607 1.052384
v 0.308264 0.104607 1.023828
v 0.305289 0.104607 -0.063698
v 0.318403 0.104607 1.158519
v 0.324040 0.104607 1.058960
v 0.320360 0.104607 1.188444
v 0.324840 0.104607 1.155547
v 0.317643 0.104607 1.055953
v 0.330440 0.104607 -0.999000
v 0.335075 0.104607 1.067175
v 0.335750 0.104607 1.147275
v 0.331419 0.104607 1.185041
v 0.330633 0.104607 1.151789
v 0.329867 0.104607 1.062717
v 0.330963 0.104607 1.029268
v 0.310725 0.104607 1.053745
v 0.319985 0.104607 1.025902
v 0.346753 0.104607 1.129483
v 0.343440 0.104607 1.078000
v 0.343840 0.104607 1.136093
v 0.348745 0.104607 1.091045
v 0.350600 0.104607 1.105920
v 0.350163 0.104607 1.114368
v 0.350128 0.104607 1.098278
v 0.348870 0.104607 1.122232
v 0.346499 0.104607 1.084270
v 0.383360 0.104607 1.105560
v 0.382629 0.104607 1.117985
v 0.382608 0.104607 1.093880
v 0.376981 0.104607 1.140514
v 0.380480 0.104607 1.129657
v 0.380405 0.104607 1.082828
v 0.359060 0.104607 1.167570
v 0.366204 0.104607 1.159533
v 0.372200 0.104607 1.150494
v 0.362480 0.104607 -0.972000
v 0.341600 0.104607 1.180387
v 0.350836 0.104607 1.174542
v 0.340163 0.104607 1.142034
v 0.376829 0.104607 1.072479
v 0.371960 0.104607 1.062907
v 0.339616 0.104607 1.072286
v 0.365876 0.104607 1.054184
v 0.358655 0.104607 1.046385
v 0.350377 0.104607 1.039584
v 0.341120 0.104607 1.033853
v 0.298648 0.104607 -0.005653
v 0.302653 0.104607 -0.020918
v 0.305119 0.104607 -0.036121
v 0.305960 0.104607 -0.051120
v 0.302540 0.104607 -0.677520
v 0.268924 0.104607 0.053208
v 0.278240 0.104607 0.039105
v 0.286356 0.104607 0.024500
v 0.293187 0.104607 0.009533
v 0.269375 0.104607 -0.054045
v 0.269470 0.104607 -0.055574
v 0.269533 0.104607 -0.057067
v 0.269572 0.104607 -0.058539
v 0.269592 0.104607 -0.060008
v 0.269599 0.104607 -0.061490
v 0.283910 0.104607 -0.115245
v 0.276519 0.104607 -0.122682
v 0.268253 0.104607 -0.128960
v 0.270500 0.104607 -0.459000
v 0.251680 0.104607 1.180067
v 0.242655 0.104607 1.174105
v 0.262716 0.104607 1.151435
v 0.252320 0.104607 1.034173
v 0.221361 0.104607 0.101769
v 0.251088 0.104607 -0.034208
v 0.254400 0.104607 -0.035587
v 0.257743 0.104607 -0.037170
v 0.257585 0.104607 -0.094050
v 0.260353 0.104607 -0.565467
v 0.174200 0.104607 1.188000
v 0.203793 0.104607 0.001068
v 0.208933 0.104607 -0.035147
v 0.208833 0.104607 -0.466000
v 0.204164 0.104607 -0.590918
vn 0.3628 0.7333 -0.5750
vn 0.3207 0.8846 -0.3387
vn 0.5591 0.7389 -0.3761
vn 0.7085 0.0335 -0.7049
vn 0.6497 0.3788 -0.6591
vn 0.6543 0.3632 -0.6632
vn 0.7093 0.0091 -0.7048
vn 0.5591 0.7389 0.3761
vn 0.3207 0.8846 0.3387
vn 0.3628 0.7333 0.5750
vn 0.6543 0.3632 0.6632
vn 0.6497 0.3788 0.6591
vn 0.7085 0.0336 0.7049
vn 0.7093 0.0091 0.7048
vn -0.3628 0.7333 -0.5750
vn -0.5591 0.7389 -0.3761
vn -0.3207 0.8846 -0.3387
vn -0.7093 0.0091 -0.7048
vn -0.6543 0.3632 -0.6632
vn -0.6497 0.3788 -0.6591
vn -0.7085 0.0335 -0.7049
vn -0.5591 0.7389 0.3761
vn -0.3628 0.7333 0.5750
vn -0.3207 0.8846 0.3387
vn -0.7093 0.0091 0.7048
vn -0.7085 0.0336 0.7049
vn -0.6497 0.3788 0.6591
vn -0.6543 0.3632 0.6632
vn 0.5382 -0.6628 -0.5206
vn 0.5382 -0.6628 0.5206
vn -0.5382 -0.6628 -0.5206
vn -0.5382 -0.6628 0.5206
vn -0.9978 0.0665 -0.0000
vn -0.9587 0.2845 -0.0000
vn -0.0000 -0.0593 -0.9982
vn -0.0000 0.2004 -0.9797
vn -0.0000 -0.0593 0.9982
vn -0.0000 0.2004 0.9797
vn 0.9978 0.0665 -0.0000
vn 0.9587 0.2845 -0.0000
vn -0.6858 -0.7278 -0.0000
vn -0.0000 -0.7717 -0.6360
vn -0.0000 -0.7717 0.6360
vn 0.6858 -0.7278 -0.0000
vn -0.7019 -0.1761 -0.6902
vn -0.7019 -0.1760 0.6902
vn 0.7019 -0.1760 0.6902
vn 0.7019 -0.1761 -0.6902
vn -0.0000 0.3651 -0.9310
vn 0.9091 0.4166 -0.0000
vn -0.0000 1.0000 -0.0000
vn -0.0000 -0.1909 -0.9816
vn 0.9982 -0.0594 -0.0000
vn -0.0000 0.3651 0.9310
vn -0.0000 -0.1909 0.9816
vn -0.9091 0.4166 -0.0000
vn -0.9982 -0.0594 -0.0000
vn -0.0000 -1.0000 -0.0000
vn -0.3639 -0.0000 -0.9314
vn -0.3342 -0.0000 -0.9425
vn -0.3017 -0.0000 -0.9534
vn -0.2666 -0.0000 -0.9638
vn -0.2297 -0.0000 -0.9733
vn -0.1916 -0.0000 -0.9815
vn -0.1533 -0.0000 -0.9882
vn -0.1157 -0.0000 -0.9933
vn -0.0796 -0.0000 -0.9968
vn -0.0456 -0.0000 -0.9990
vn -0.0145 -0.0000 -0.9999
vn 0.0584 -0.0000 -0.9983
vn 0.1779 -0.0000 -0.9840
vn 0.2983 -0.0000 -0.9545
vn 0.4170 -0.0000 -0.9089
vn 0.5316 -0.0000 -0.8470
vn 0.6391 -0.0000 -0.7691
vn 0.7368 -0.0000 -0.6761
vn 0.8220 -0.0000 -0.5696
vn 0.8921 -0.0000 -0.4518
vn 0.9454 -0.0000 -0.3260
vn 0.9807 -0.0000 -0.1956
vn 0.9979 -0.0000 -0.0644
vn 0.9979 -0.0000 0.0655
vn 0.9803 -0.0000 0.1976
vn 0.9449 -0.0000 0.3272
vn 0.8924 -0.0000 0.4512
vn 0.8240 -0.0000 0.5665
vn 0.7414 -0.0000 0.6711
vn 0.6465 -0.0000 0.7629
vn 0.5412 -0.0000 0.8409
vn 0.4278 -0.0000 0.9039
vn 0.3084 -0.0000 0.9513
vn 0.1854 -0.0000 0.9827
vn 0.0613 -0.0000 0.9981
vn -0.0144 -0.0000 0.9999
vn -0.0472 -0.0000 0.9989
vn -0.0850 -0.0000 0.9964
vn -0.1262 -0.0000 0.9920
vn -0.1688 -0.0000 0.9856
vn -0.2109 -0.0000 0.9775
vn -0.2504 -0.0000 0.9681
vn -0.2860 -0.0000 0.9582
vn -0.3169 -0.0000 0.9484
vn -0.3429 -0.0000 0.9394
vn -0.3640 -0.0000 0.9314
vn -0.3807 -0.0000 0.9247
vn -1.0000 -0.0000 -0.0000
vn 0.4659 -0.0000 -0.8849
vn 0.4326 -0.0000 -0.9016
vn 0.3979 -0.0000 -0.9174
vn 0.3616 -0.0000 -0.9323
vn 0.3239 -0.0000 -0.9461
vn 0.2847 -0.0000 -0.9586
vn 0.2441 -0.0000 -0.9697
vn 0.2022 -0.0000 -0.9793
vn 0.1590 -0.0000 -0.9873
vn 0.1147 -0.0000 -0.9934
vn 0.0694 -0.0000 -0.9976
vn 0.0233 -0.0000 -0.9997
vn -0.0635 -0.0000 -0.9980
vn -0.1914 -0.0000 -0.9815
vn -0.3169 -0.0000 -0.9485
vn -0.4376 -0.0000 -0.8992
vn -0.5510 -0.0000 -0.8345
vn -0.6552 -0.0000 -0.7554
vn -0.7485 -0.0000 -0.6632
vn -0.8291 -0.0000 -0.5591
vn -0.8956 -0.0000 -0.4449
vn -0.9465 -0.0000 -0.3227
vn -0.9808 -0.0000 -0.1949
vn -0.9979 -0.0000 -0.0647
vn -0.9980 -0.0000 0.0630
vn -0.9813 -0.0000 0.1926
vn -0.9463 -0.0000 0.3233
vn -0.8926 -0.0000 0.4509
vn -0.8209 -0.0000 0.5711
vn -0.7332 -0.0000 0.6800
vn -0.6326 -0.0000 0.7745
vn -0.5225 -0.0000 0.8527
vn -0.4065 -0.0000 0.9136
vn -0.2882 -0.0000 0.9576
vn -0.1703 -0.0000 0.9854
vn -0.0555 -0.0000 0.9985
vn 0.0186 -0.0000 0.9998
vn 0.0550 -0.0000 0.9985
vn 0.0898 -0.0000 0.9960
vn 0.1226 -0.0000 0.9925
vn 0.1533 -0.0000 0.9882
vn 0.1818 -0.0000 0.9833
vn 0.2077 -0.0000 0.9782
vn 0.2312 -0.0000 0.9729
vn 0.2520 -0.0000 0.9677
vn 0.2702 -0.0000 0.9628
vn 0.2857 -0.0000 0.9583
vn 0.2985 -0.0000 0.9544
vn 1.0000 -0.0000 -0.0000
vn -0.0000 -0.0000 -1.0000
vn -0.0000 -0.0000 1.0000
vn -0.3903 -0.0000 -0.9207
vn -0.9835 -0.0000 -0.1810
vn -0.9518 -0.0000 -0.3067
vn -0.9018 -0.0000 -0.4321
vn -0.8333 -0.0000 -0.5528
vn -0.7474 -0.0000 -0.6643
vn -0.6467 -0.0000 -0.7628
vn -0.5347 -0.0000 -0.8450
vn -0.4158 -0.0000 -0.9095
vn -0.2940 -0.0000 -0.9558
vn -0.1732 -0.0000 -0.9849
vn -0.0562 -0.0000 -0.9984
vn 0.0607 -0.0000 -0.9982
vn 0.1853 -0.0000 -0.9827
vn 0.3107 -0.0000 -0.9505
vn 0.4339 -0.0000 -0.9010
vn 0.5512 -0.0000 -0.8344
vn 0.6594 -0.0000 -0.7518
vn 0.7556 -0.0000 -0.6550
vn 0.8373 -0.0000 -0.5467
vn 0.9029 -0.0000 -0.4298
vn 0.9515 -0.0000 -0.3076
vn 0.9830 -0.0000 -0.1833
vn 0.9982 -0.0000 -0.0601
vn 0.9978 -0.0000 0.0664
vn 0.9798 -0.0000 0.1997
vn 0.9441 -0.0000 0.3298
vn 0.8913 -0.0000 0.4534
vn 0.8231 -0.0000 0.5679
vn 0.7410 -0.0000 0.6715
vn 0.6469 -0.0000 0.7625
vn 0.5426 -0.0000 0.8400
vn 0.4299 -0.0000 0.9029
vn 0.3107 -0.0000 0.9505
vn 0.1873 -0.0000 0.9823
vn 0.0621 -0.0000 0.9981
vn -0.0571 -0.0000 0.9984
vn -0.1742 -0.0000 0.9847
vn -0.2932 -0.0000 0.9561
vn -0.4115 -0.0000 0.9114
vn -0.5263 -0.0000 0.8503
vn -0.6348 -0.0000 0.7727
vn -0.7338 -0.0000 0.6794
vn -0.8202 -0.0000 0.5721
vn -0.8913 -0.0000 0.4534
vn -0.9452 -0.0000 0.3266
vn -0.9807 -0.0000 0.1955
vn -0.9979 -0.0000 0.0642
vn -0.9983 -0.0000 -0.0588
vn -0.9867 -0.0000 0.1623
vn -0.9608 -0.0000 0.2773
vn -0.9187 -0.0000 0.3950
vn -0.8589 -0.0000 0.5122
vn -0.7806 -0.0000 0.6250
vn -0.6848 -0.0000 0.7288
vn -0.5736 -0.0000 0.8192
vn -0.4508 -0.0000 0.8926
vn -0.3213 -0.0000 0.9470
vn -0.1901 -0.0000 0.9818
vn -0.0618 -0.0000 0.9981
vn 0.0543 -0.0000 0.9985
vn 0.1699 -0.0000 0.9855
vn 0.2927 -0.0000 0.9562
vn 0.4192 -0.0000 0.9079
vn 0.5442 -0.0000 0.8389
vn 0.6615 -0.0000 0.7500
vn 0.7650 -0.0000 0.6440
vn 0.8503 -0.0000 0.5264
vn 0.9151 -0.0000 0.4032
vn 0.9599 -0.0000 0.2803
vn 0.9868 -0.0000 0.1622
vn 0.9987 -0.0000 0.0517
vn 0.9981 -0.0000 -0.0616
vn 0.9822 -0.0000 -0.1878
vn 0.9492 -0.0000 -0.3146
vn 0.8987 -0.0000 -0.4386
vn 0.8311 -0.0000 -0.5562
vn 0.7476 -0.0000 -0.6642
vn 0.6503 -0.0000 -0.7597
vn 0.5419 -0.0000 -0.8405
vn 0.4254 -0.0000 -0.9050
vn 0.3041 -0.0000 -0.9527
vn 0.1810 -0.0000 -0.9835
vn 0.0593 -0.0000 -0.9982
vn -0.0628 -0.0000 -0.9980
vn -0.1910 -0.0000 -0.9816
vn -0.3191 -0.0000 -0.9477
vn -0.4436 -0.0000 -0.8962
vn -0.5610 -0.0000 -0.8278
vn -0.6682 -0.0000 -0.7439
vn -0.7626 -0.0000 -0.6468
vn -0.8423 -0.0000 -0.5390
vn -0.9059 -0.0000 -0.4235
vn -0.9530 -0.0000 -0.3031
vn -0.9835 -0.0000 -0.1808
vn -0.9982 -0.0000 -0.0594
vn -0.9986 -0.0000 0.0524
vn -0.4114 -0.0000 0.9114
vn 0.0577 -0.0000 -0.9983
vn 0.1800 -0.0000 -0.9837
vn 0.3087 -0.0000 -0.9512
vn 0.4392 -0.0000 -0.8984
vn 0.5656 -0.0000 -0.8247
vn 0.6814 -0.0000 -0.7319
vn 0.7813 -0.0000 -0.6242
vn 0.8618 -0.0000 -0.5072
vn 0.9221 -0.0000 -0.3869
vn 0.9633 -0.0000 -0.2684
vn 0.9879 -0.0000 -0.1552
vn 0.9988 -0.0000 -0.0496
vn 0.9982 -0.0000 0.0600
vn 0.9830 -0.0000 0.1834
vn 0.9513 -0.0000 0.3083
vn 0.9022 -0.0000 0.4313
vn 0.8358 -0.0000 0.5491
vn 0.7530 -0.0000 0.6581
vn 0.6557 -0.0000 0.7550
vn 0.5466 -0.0000 0.8374
vn 0.4290 -0.0000 0.9033
vn 0.3064 -0.0000 0.9519
vn 0.1821 -0.0000 0.9833
vn 0.0596 -0.0000 0.9982
vn -0.0141 -0.0000 0.9999
vn -0.0438 -0.0000 0.9990
vn -0.0746 -0.0000 0.9972
vn -0.1063 -0.0000 0.9943
vn -0.1382 -0.0000 0.9904
vn -0.1698 -0.0000 0.9855
vn -0.2006 -0.0000 0.9797
vn -0.2300 -0.0000 0.9732
vn -0.2579 -0.0000 0.9662
vn -0.2838 -0.0000 0.9589
vn -0.3077 -0.0000 0.9515
vn -0.3295 -0.0000 0.9441
vn 0.3396 -0.0000 -0.9406
vn 0.3143 -0.0000 -0.9493
vn 0.2858 -0.0000 -0.9583
vn 0.2545 -0.0000 -0.9671
vn 0.2207 -0.0000 -0.9753
vn 0.1854 -0.0000 -0.9827
vn 0.1492 -0.0000 -0.9888
vn 0.1131 -0.0000 -0.9936
vn 0.0781 -0.0000 -0.9969
vn 0.0450 -0.0000 -0.9990
vn 0.0143 -0.0000 -0.9999
vn -0.0609 -0.0000 -0.9981
vn -0.1878 -0.0000 -0.9822
vn -0.3183 -0.0000 -0.9480
vn -0.4477 -0.0000 -0.8942
vn -0.5710 -0.0000 -0.8209
vn -0.6831 -0.0000 -0.7304
vn -0.7798 -0.0000 -0.6261
vn -0.8586 -0.0000 -0.5126
vn -0.9188 -0.0000 -0.3948
vn -0.9610 -0.0000 -0.2767
vn -0.9868 -0.0000 -0.1617
vn -0.9986 -0.0000 -0.0521
vn -0.9994 -0.0000 0.0355
vn -0.9933 -0.0000 0.1154
vn -0.9779 -0.0000 0.2092
vn -0.9482 -0.0000 0.3176
vn -0.8985 -0.0000 0.4389
vn -0.8233 -0.0000 0.5676
vn -0.7201 -0.0000 0.6939
vn -0.5924 -0.0000 0.8056
vn -0.4502 -0.0000 0.8929
vn -0.3065 -0.0000 0.9519
vn -0.1720 -0.0000 0.9851
vn -0.0529 -0.0000 0.9986
vn 0.3616 -0.0000 -0.9324
vn 0.8240 -0.0000 0.5666
vn 0.3617 -0.0000 -0.9323
vn 0.0897 -0.0000 0.9960
vn 0.1817 -0.0000 0.9833
vn -0.9835 -0.0000 -0.1811
vn 0.9831 -0.0000 -0.1833
vn 0.9799 -0.0000 0.1997
vn -0.7807 -0.0000 0.6250
vn 0.6615 -0.0000 0.7499
vn 0.1811 -0.0000 -0.9835
vn -0.1909 -0.0000 -0.9816
vn -0.0142 -0.0000 0.9999
vn -0.0437 -0.0000 0.9990
vn -0.2005 -0.0000 0.9797
vn -0.2578 -0.0000 0.9662
vn -0.3295 -0.0000 0.9442
vn -0.6830 -0.0000 -0.7304
vn 0.6055 -0.0000 0.7958
vn 0.6447 -0.0000 0.7644
vn 0.6836 -0.0000 0.7299
vn 0.7222 -0.0000 0.6917
vn 0.7605 -0.0000 0.6493
vn 0.7984 -0.0000 0.6021
vn 0.8356 -0.0000 0.5493
vn 0.8718 -0.0000 0.4899
vn 0.9061 -0.0000 0.4230
vn 0.9377 -0.0000 0.3474
vn 0.9650 -0.0000 0.2622
vn -0.4920 -0.0000 -0.8706
vn -0.4483 -0.0000 -0.8939
vn -0.4060 -0.0000 -0.9139
vn -0.3649 -0.0000 -0.9310
vn -0.3245 -0.0000 -0.9459
vn -0.2843 -0.0000 -0.9587
vn -0.2441 -0.0000 -0.9698
vn -0.2032 -0.0000 -0.9791
vn -0.1614 -0.0000 -0.9869
vn -0.1181 -0.0000 -0.9930
vn -0.0728 -0.0000 -0.9973
vn -0.0250 -0.0000 -0.9997
vn 0.0676 -0.0000 -0.9977
vn 0.2026 -0.0000 -0.9793
vn 0.3331 -0.0000 -0.9429
vn 0.4562 -0.0000 -0.8899
vn 0.5696 -0.0000 -0.8219
vn 0.6718 -0.0000 -0.7408
vn 0.7616 -0.0000 -0.6480
vn 0.8383 -0.0000 -0.5452
vn 0.9011 -0.0000 -0.4336
vn 0.9492 -0.0000 -0.3148
vn 0.9816 -0.0000 -0.1907
vn 0.9980 -0.0000 -0.0636
vn 0.9978 -0.0000 0.0668
vn 0.9806 -0.0000 0.1962
vn 0.9478 -0.0000 0.3190
vn 0.9006 -0.0000 0.4347
vn 0.8395 -0.0000 0.5433
vn 0.7648 -0.0000 0.6443
vn 0.6763 -0.0000 0.7366
vn 0.5744 -0.0000 0.8186
vn 0.4598 -0.0000 0.8880
vn 0.3346 -0.0000 0.9423
vn 0.2022 -0.0000 0.9793
vn 0.0668 -0.0000 0.9978
vn -0.0704 -0.0000 0.9975
vn -0.2132 -0.0000 0.9770
vn -0.3532 -0.0000 0.9356
vn -0.4852 -0.0000 0.8744
vn -0.6048 -0.0000 0.7963
vn -0.7093 -0.0000 0.7049
vn -0.7971 -0.0000 0.6038
vn -0.8681 -0.0000 0.4965
vn -0.9226 -0.0000 0.3857
vn -0.9618 -0.0000 0.2738
vn -0.9867 -0.0000 0.1625
vn -0.9986 -0.0000 0.0533
vn -0.9984 -0.0000 -0.0560
vn -0.9871 -0.0000 -0.1601
vn -0.9673 -0.0000 -0.2538
vn -0.9410 -0.0000 -0.3384
vn -0.9097 -0.0000 -0.4152
vn -0.8741 -0.0000 -0.4857
vn -0.8344 -0.0000 -0.5512
vn -0.7904 -0.0000 -0.6126
vn -0.7417 -0.0000 -0.6707
vn -0.6876 -0.0000 -0.7261
vn -0.6271 -0.0000 -0.7789
vn -0.5592 -0.0000 -0.8290
vn 0.7682 -0.0000 -0.6402
vn 0.5661 -0.0000 0.8244
vn 0.0896 -0.0000 0.9960
vn 0.1443 -0.0000 0.9895
vn 0.1961 -0.0000 0.9806
vn 0.2455 -0.0000 0.9694
vn 0.2931 -0.0000 0.9561
vn 0.3392 -0.0000 0.9407
vn 0.3842 -0.0000 0.9233
vn 0.4281 -0.0000 0.9037
vn 0.4711 -0.0000 0.8821
vn 0.5133 -0.0000 0.8582
vn 0.5547 -0.0000 0.8321
vn 0.9809 -0.0000 0.1943
vn 0.9848 -0.0000 0.1738
vn 0.9884 -0.0000 0.1519
vn 0.9916 -0.0000 0.1292
vn 0.9944 -0.0000 0.1061
vn 0.9965 -0.0000 0.0834
vn 0.9981 -0.0000 0.0619
vn 0.9991 -0.0000 0.0425
vn 0.9997 -0.0000 0.0261
vn 0.9999 -0.0000 0.0135
vn 1.0000 -0.0000 0.0049
vn 1.0000 -0.0000 0.0007
vn 0.9980 -0.0000 -0.0637
vn 0.9820 -0.0000 -0.1890
vn 0.9511 -0.0000 -0.3089
vn 0.9063 -0.0000 -0.4226
vn 0.8484 -0.0000 -0.5294
vn 0.7775 -0.0000 -0.6289
vn 0.6934 -0.0000 -0.7205
vn 0.5958 -0.0000 -0.8031
vn 0.4842 -0.0000 -0.8750
vn 0.3588 -0.0000 -0.9334
vn 0.2213 -0.0000 -0.9752
vn 0.0747 -0.0000 -0.9972
vn -0.0580 -0.0000 -0.9983
vn -0.1773 -0.0000 -0.9842
vn -0.2982 -0.0000 -0.9545
vn -0.4180 -0.0000 -0.9084
vn -0.5340 -0.0000 -0.8455
vn -0.6427 -0.0000 -0.7661
vn -0.7411 -0.0000 -0.6714
vn -0.8262 -0.0000 -0.5634
vn -0.9476 -0.0000 -0.3194
vn -0.9816 -0.0000 -0.1907
vn -0.9980 -0.0000 -0.0625
vn -0.9973 -0.0000 0.0729
vn -0.9762 -0.0000 0.2167
vn -0.9357 -0.0000 0.3529
vn -0.8782 -0.0000 0.4782
vn -0.8067 -0.0000 0.5910
vn -0.7235 -0.0000 0.6904
vn -0.6305 -0.0000 0.7762
vn -0.5291 -0.0000 0.8485
vn -0.4205 -0.0000 0.9073
vn -0.3056 -0.0000 0.9522
vn -0.1856 -0.0000 0.9826
vn -0.0621 -0.0000 0.9981
vn 0.0310 -0.0000 0.9995
vn 0.9997 -0.0000 0.0262
vn -0.4181 -0.0000 -0.9084
vn 0.6967 -0.0000 -0.7174
vn 0.7360 -0.0000 0.6770
vn -0.7361 -0.0000 -0.6769
vn -0.6964 -0.0000 0.7177
vn 0.2031 -0.0000 -0.9792
vn 0.3315 -0.0000 -0.9434
vn 0.4514 -0.0000 -0.8923
vn 0.5616 -0.0000 -0.8274
vn 0.6613 -0.0000 -0.7501
vn 0.7501 -0.0000 -0.6613
vn 0.8274 -0.0000 -0.5616
vn 0.8923 -0.0000 -0.4514
vn 0.9434 -0.0000 -0.3315
vn 0.9792 -0.0000 -0.2031
vn 0.9977 -0.0000 -0.0684
vn 0.9977 -0.0000 0.0684
vn 0.9792 -0.0000 0.2031
vn 0.9435 -0.0000 0.3315
vn 0.8923 -0.0000 0.4514
vn 0.8274 -0.0000 0.5616
vn 0.7501 -0.0000 0.6613
vn 0.6613 -0.0000 0.7501
vn 0.5616 -0.0000 0.8274
vn 0.4514 -0.0000 0.8923
vn 0.3315 -0.0000 0.9434
vn 0.2031 -0.0000 0.9792
vn 0.0684 -0.0000 0.9977
vn -0.0683 -0.0000 0.9977
vn -0.2031 -0.0000 0.9792
vn -0.3315 -0.0000 0.9434
vn -0.4514 -0.0000 0.8923
vn -0.5616 -0.0000 0.8274
vn -0.6613 -0.0000 0.7501
vn -0.7501 -0.0000 0.6613
vn -0.8274 -0.0000 0.5616
vn -0.8923 -0.0000 0.4514
vn -0.9434 -0.0000 0.3315
vn -0.9792 -0.0000 0.2031
vn -0.9977 -0.0000 0.0684
vn -0.9977 -0.0000 -0.0684
vn -0.9792 -0.0000 -0.2031
vn -0.9434 -0.0000 -0.3315
vn -0.8923 -0.0000 -0.4514
vn -0.8274 -0.0000 -0.5616
vn -0.7501 -0.0000 -0.6613
vn -0.6613 -0.0000 -0.7501
vn -0.5616 -0.0000 -0.8274
vn -0.4514 -0.0000 -0.8923
vn -0.3315 -0.0000 -0.9434
vn -0.2031 -0.0000 -0.9792
vn -0.0684 -0.0000 -0.9977
vn 0.0684 -0.0000 -0.9977
vn -0.0570 -0.0000 0.9984
vn 0.8502 -0.0000 0.5264
vn -0.6682 -0.0000 -0.7440
vt 0.590437 0.485128
vt 0.632822 0.495036
vt 0.594083 0.504333
vt 0.375000 0.488637
vt 0.409563 0.487007
vt 0.408750 0.505540
vt 0.375000 0.505232
vt 0.594083 0.745667
vt 0.632822 0.754964
vt 0.590437 0.764872
vt 0.408750 0.744460
vt 0.409563 0.762993
vt 0.375000 0.761363
vt 0.375000 0.744768
vt 0.593828 0.261154
vt 0.591250 0.244223
vt 0.625000 0.251404
vt 0.375000 0.244768
vt 0.408750 0.244460
vt 0.409563 0.262993
vt 0.375000 0.261363
vt 0.591250 0.005777
vt 0.604000 0.000000
vt 0.625000 0.005716
vt 0.375000 0.005232
vt 0.375000 0.000000
vt 0.399063 0.000931
vt 0.400313 0.005963
vt 0.369618 0.494316
vt 0.375000 0.504994
vt 0.363588 0.505185
vt 0.369618 0.755684
vt 0.363588 0.744815
vt 0.375000 0.745006
vt 0.125000 0.504275
vt 0.135764 0.500000
vt 0.136412 0.505185
vt 0.125000 0.745725
vt 0.136412 0.744815
vt 0.135764 0.750000
vt 0.625000 0.984356
vt 0.590437 0.985128
vt 0.375000 0.988637
vt 0.409563 0.987007
vt 0.375000 0.261367
vt 0.375000 0.244767
vt 0.375000 0.005233
vt 0.806399 0.623791
vt 0.805846 0.623773
vt 0.805269 0.623742
vt 0.804672 0.623699
vt 0.804057 0.623642
vt 0.803428 0.623573
vt 0.802787 0.623489
vt 0.802137 0.623391
vt 0.801481 0.623279
vt 0.800822 0.623151
vt 0.800163 0.623009
vt 0.799507 0.622851
vt 0.799426 0.622703
vt 0.799358 0.622565
vt 0.799303 0.622434
vt 0.799259 0.622312
vt 0.799224 0.622195
vt 0.799198 0.622083
vt 0.799179 0.621975
vt 0.799167 0.621869
vt 0.799159 0.621765
vt 0.799155 0.621661
vt 0.799154 0.621556
vt 0.799154 0.621449
vt 0.799227 0.621034
vt 0.799441 0.620634
vt 0.799786 0.620251
vt 0.800253 0.619892
vt 0.800831 0.619559
vt 0.801512 0.619257
vt 0.802285 0.618991
vt 0.803142 0.618764
vt 0.804072 0.618581
vt 0.805066 0.618446
vt 0.806114 0.618363
vt 0.807208 0.618337
vt 0.808328 0.618363
vt 0.809388 0.618434
vt 0.810381 0.618548
vt 0.811300 0.618702
vt 0.812137 0.618894
vt 0.812886 0.619121
vt 0.813539 0.619381
vt 0.814089 0.619671
vt 0.814530 0.619990
vt 0.814853 0.620335
vt 0.815052 0.620702
vt 0.815120 0.621091
vt 0.815045 0.621458
vt 0.814827 0.621810
vt 0.814476 0.622144
vt 0.814000 0.622457
vt 0.813411 0.622744
vt 0.812718 0.623004
vt 0.811931 0.623233
vt 0.811059 0.623428
vt 0.810113 0.623585
vt 0.809102 0.623701
vt 0.808036 0.623772
vt 0.806925 0.623797
vt 0.796469 0.554307
vt 0.796469 0.550738
vt 0.805724 0.551011
vt 0.805724 0.548777
vt 0.789546 0.548279
vt 0.789546 0.548446
vt 0.781686 0.549192
vt 0.780984 0.548440
vt 0.780032 0.547730
vt 0.778847 0.547068
vt 0.777447 0.546461
vt 0.775850 0.545916
vt 0.774074 0.545439
vt 0.772135 0.545039
vt 0.770053 0.544721
vt 0.767843 0.544493
vt 0.765525 0.544362
vt 0.763095 0.544331
vt 0.760795 0.544402
vt 0.758640 0.544572
vt 0.756647 0.544835
vt 0.754830 0.545186
vt 0.753206 0.545622
vt 0.751789 0.546138
vt 0.750595 0.546728
vt 0.749639 0.547388
vt 0.748937 0.548113
vt 0.748505 0.548898
vt 0.748358 0.549737
vt 0.743271 0.549577
vt 0.743122 0.548748
vt 0.742688 0.547948
vt 0.741986 0.547184
vt 0.741034 0.546461
vt 0.739849 0.545788
vt 0.738449 0.545170
vt 0.736852 0.544616
vt 0.735076 0.544132
vt 0.733137 0.543725
vt 0.731055 0.543402
vt 0.728845 0.543172
vt 0.726527 0.543040
vt 0.724097 0.543010
vt 0.721797 0.543084
vt 0.719642 0.543258
vt 0.717649 0.543527
vt 0.715832 0.543887
vt 0.714208 0.544332
vt 0.712791 0.544858
vt 0.711597 0.545459
vt 0.710641 0.546131
vt 0.709939 0.546869
vt 0.709507 0.547667
vt 0.709360 0.548520
vt 0.703708 0.548190
vt 0.703573 0.547346
vt 0.703178 0.546539
vt 0.702537 0.545776
vt 0.701662 0.545062
vt 0.700567 0.544402
vt 0.699266 0.543802
vt 0.697772 0.543267
vt 0.696099 0.542803
vt 0.694260 0.542415
vt 0.692268 0.542111
vt 0.690138 0.541895
vt 0.687883 0.541773
vt 0.687355 0.541759
vt 0.686831 0.541751
vt 0.686308 0.541749
vt 0.685784 0.541754
vt 0.685256 0.541766
vt 0.684721 0.541784
vt 0.684177 0.541809
vt 0.683623 0.541841
vt 0.683054 0.541881
vt 0.682469 0.541928
vt 0.681866 0.541984
vt 0.681242 0.542047
vt 0.681242 0.535578
vt 0.674954 0.535372
vt 0.859356 0.505716
vt 0.817942 0.540848
vt 0.814720 0.540370
vt 0.811298 0.540026
vt 0.807702 0.539827
vt 0.806322 0.539788
vt 0.804993 0.539765
vt 0.803699 0.539761
vt 0.802419 0.539776
vt 0.801137 0.539812
vt 0.799834 0.539869
vt 0.798491 0.539948
vt 0.797089 0.540051
vt 0.795612 0.540178
vt 0.794039 0.540332
vt 0.792353 0.540512
vt 0.790535 0.540720
vt 0.790535 0.543250
vt 0.791952 0.543028
vt 0.793377 0.542828
vt 0.794809 0.542652
vt 0.796247 0.542498
vt 0.797689 0.542368
vt 0.799136 0.542261
vt 0.800586 0.542178
vt 0.802037 0.542118
vt 0.803490 0.542082
vt 0.804942 0.542069
vt 0.806394 0.542080
vt 0.807844 0.542116
vt 0.810406 0.542257
vt 0.812850 0.542507
vt 0.815158 0.542857
vt 0.817308 0.543299
vt 0.819280 0.543826
vt 0.821055 0.544430
vt 0.822612 0.545105
vt 0.823930 0.545842
vt 0.824991 0.546636
vt 0.825774 0.547477
vt 0.826258 0.548360
vt 0.826424 0.549277
vt 0.826259 0.550206
vt 0.825775 0.551073
vt 0.824987 0.551873
vt 0.823912 0.552603
vt 0.822567 0.553258
vt 0.820967 0.553831
vt 0.819128 0.554319
vt 0.817067 0.554715
vt 0.814800 0.555015
vt 0.812344 0.555214
vt 0.809713 0.555306
vt 0.806925 0.555285
vt 0.805996 0.555254
vt 0.805081 0.555210
vt 0.804179 0.555156
vt 0.803288 0.555092
vt 0.802408 0.555018
vt 0.801538 0.554936
vt 0.800677 0.554846
vt 0.799824 0.554749
vt 0.798977 0.554646
vt 0.798137 0.554538
vt 0.797301 0.554424
vt 0.770522 0.623755
vt 0.769945 0.623724
vt 0.769348 0.623680
vt 0.768733 0.623623
vt 0.768104 0.623552
vt 0.767463 0.623467
vt 0.766812 0.623368
vt 0.766157 0.623254
vt 0.765498 0.623125
vt 0.764839 0.622980
vt 0.764183 0.622820
vt 0.764102 0.622670
vt 0.764034 0.622529
vt 0.763979 0.622397
vt 0.763934 0.622273
vt 0.763900 0.622154
vt 0.763874 0.622041
vt 0.763855 0.621931
vt 0.763843 0.621824
vt 0.763835 0.621718
vt 0.763831 0.621612
vt 0.763830 0.621506
vt 0.763829 0.621398
vt 0.763903 0.620977
vt 0.764117 0.620570
vt 0.764462 0.620183
vt 0.764929 0.619818
vt 0.765507 0.619480
vt 0.766187 0.619174
vt 0.766961 0.618904
vt 0.767817 0.618674
vt 0.768747 0.618489
vt 0.769741 0.618352
vt 0.770790 0.618268
vt 0.771884 0.618241
vt 0.773004 0.618268
vt 0.774064 0.618340
vt 0.775057 0.618456
vt 0.775976 0.618612
vt 0.776813 0.618807
vt 0.777562 0.619037
vt 0.778215 0.619301
vt 0.778765 0.619596
vt 0.779206 0.619919
vt 0.779529 0.620268
vt 0.779728 0.620642
vt 0.779796 0.621036
vt 0.779721 0.621408
vt 0.779503 0.621765
vt 0.779151 0.622104
vt 0.778676 0.622421
vt 0.778087 0.622712
vt 0.777394 0.622976
vt 0.776607 0.623208
vt 0.775735 0.623405
vt 0.774789 0.623564
vt 0.773778 0.623682
vt 0.772712 0.623755
vt 0.771601 0.623780
vt 0.771074 0.623773
vt 0.772943 0.547759
vt 0.773789 0.548149
vt 0.774503 0.548578
vt 0.775074 0.549041
vt 0.775493 0.549534
vt 0.775751 0.550054
vt 0.775840 0.550596
vt 0.775754 0.551187
vt 0.775503 0.551735
vt 0.775094 0.552239
vt 0.774534 0.552696
vt 0.773832 0.553103
vt 0.772996 0.553459
vt 0.772033 0.553760
vt 0.770952 0.554004
vt 0.769760 0.554189
vt 0.768464 0.554311
vt 0.767074 0.554368
vt 0.765596 0.554358
vt 0.763988 0.554279
vt 0.762489 0.554140
vt 0.761105 0.553944
vt 0.759842 0.553692
vt 0.758705 0.553388
vt 0.757701 0.553033
vt 0.756835 0.552630
vt 0.756113 0.552180
vt 0.755542 0.551686
vt 0.755126 0.551151
vt 0.754872 0.550577
vt 0.754786 0.549965
vt 0.754879 0.549417
vt 0.755151 0.548905
vt 0.755591 0.548431
vt 0.756192 0.547999
vt 0.756942 0.547611
vt 0.757833 0.547272
vt 0.758855 0.546985
vt 0.759999 0.546752
vt 0.761254 0.546577
vt 0.762612 0.546463
vt 0.764062 0.546413
vt 0.765596 0.546430
vt 0.767044 0.546511
vt 0.768415 0.546654
vt 0.769700 0.546853
vt 0.770889 0.547107
vt 0.771973 0.547410
vt 0.799535 0.577821
vt 0.799454 0.577818
vt 0.803152 0.557391
vt 0.804670 0.557475
vt 0.751395 0.621015
vt 0.751276 0.620361
vt 0.750925 0.619715
vt 0.750351 0.619086
vt 0.749564 0.618484
vt 0.748572 0.617917
vt 0.747386 0.617395
vt 0.746014 0.616926
vt 0.744467 0.616521
vt 0.742752 0.616187
vt 0.740880 0.615935
vt 0.738860 0.615773
vt 0.736701 0.615711
vt 0.734529 0.615760
vt 0.732474 0.615918
vt 0.730550 0.616181
vt 0.728770 0.616541
vt 0.727147 0.616993
vt 0.725697 0.617530
vt 0.724432 0.618147
vt 0.723366 0.618838
vt 0.722513 0.619595
vt 0.721887 0.620412
vt 0.721502 0.621284
vt 0.716071 0.620958
vt 0.715952 0.620293
vt 0.715601 0.619638
vt 0.715027 0.619000
vt 0.714240 0.618389
vt 0.713248 0.617814
vt 0.712062 0.617285
vt 0.710690 0.616810
vt 0.709142 0.616398
vt 0.707428 0.616060
vt 0.705556 0.615805
vt 0.703535 0.615641
vt 0.701376 0.615579
vt 0.700069 0.594115
vt 0.702361 0.594093
vt 0.704497 0.593972
vt 0.706470 0.593756
vt 0.708270 0.593449
vt 0.709890 0.593054
vt 0.711320 0.592574
vt 0.712554 0.592013
vt 0.713582 0.591374
vt 0.714396 0.590661
vt 0.714797 0.590128
vt 0.723171 0.594397
vt 0.729459 0.594475
vt 0.729459 0.594073
vt 0.738811 0.591886
vt 0.739961 0.592542
vt 0.741363 0.593144
vt 0.742977 0.593670
vt 0.744790 0.594116
vt 0.746788 0.594478
vt 0.748958 0.594751
vt 0.751287 0.594931
vt 0.753762 0.595013
vt 0.756140 0.594989
vt 0.758388 0.594862
vt 0.760491 0.594636
vt 0.762436 0.594318
vt 0.764207 0.593913
vt 0.765790 0.593425
vt 0.767170 0.592862
vt 0.768331 0.592228
vt 0.769261 0.591528
vt 0.769943 0.590768
vt 0.770363 0.589952
vt 0.770506 0.589086
vt 0.770357 0.588269
vt 0.769923 0.587485
vt 0.777783 0.586611
vt 0.777783 0.593870
vt 0.779366 0.594135
vt 0.780910 0.594373
vt 0.782421 0.594586
vt 0.783911 0.594776
vt 0.785388 0.594942
vt 0.786861 0.595086
vt 0.788340 0.595209
vt 0.789835 0.595311
vt 0.791354 0.595393
vt 0.792907 0.595456
vt 0.794503 0.595502
vt 0.796151 0.595530
vt 0.799758 0.595496
vt 0.805177 0.616023
vt 0.803123 0.616177
vt 0.801198 0.616432
vt 0.799418 0.616782
vt 0.797796 0.617221
vt 0.796345 0.617743
vt 0.795081 0.618343
vt 0.794015 0.619014
vt 0.793162 0.619749
vt 0.792536 0.620543
vt 0.792150 0.621390
vt 0.786720 0.621073
vt 0.786601 0.620428
vt 0.786249 0.619791
vt 0.785675 0.619171
vt 0.784888 0.618578
vt 0.783897 0.618019
vt 0.782710 0.617505
vt 0.781339 0.617043
vt 0.779791 0.616643
vt 0.778076 0.616315
vt 0.776204 0.616066
vt 0.774184 0.615907
vt 0.772025 0.615846
vt 0.769853 0.615894
vt 0.767798 0.616050
vt 0.765874 0.616308
vt 0.764094 0.616663
vt 0.762472 0.617108
vt 0.761021 0.617638
vt 0.759756 0.618246
vt 0.758690 0.618926
vt 0.757838 0.619673
vt 0.757211 0.620478
vt 0.756826 0.621337
vt 0.761180 0.586185
vt 0.762026 0.586564
vt 0.762740 0.586983
vt 0.763311 0.587439
vt 0.763730 0.587928
vt 0.763989 0.588447
vt 0.764077 0.588991
vt 0.763991 0.589585
vt 0.763740 0.590140
vt 0.763331 0.590654
vt 0.762771 0.591122
vt 0.762069 0.591543
vt 0.761233 0.591914
vt 0.760270 0.592232
vt 0.759189 0.592495
vt 0.757997 0.592700
vt 0.756701 0.592843
vt 0.755311 0.592924
vt 0.753833 0.592938
vt 0.752225 0.592884
vt 0.750726 0.592769
vt 0.749342 0.592595
vt 0.748079 0.592363
vt 0.746942 0.592076
vt 0.745938 0.591736
vt 0.745072 0.591345
vt 0.744350 0.590905
vt 0.743779 0.590418
vt 0.743363 0.589887
vt 0.743109 0.589314
vt 0.743024 0.588701
vt 0.743116 0.588149
vt 0.743388 0.587629
vt 0.743828 0.587146
vt 0.744429 0.586701
vt 0.745179 0.586300
vt 0.746070 0.585944
vt 0.747092 0.585639
vt 0.748236 0.585386
vt 0.749491 0.585189
vt 0.750849 0.585052
vt 0.752299 0.584978
vt 0.753833 0.584970
vt 0.755281 0.585028
vt 0.756652 0.585148
vt 0.757937 0.585328
vt 0.759126 0.585564
vt 0.760210 0.585850
vt 0.740652 0.618519
vt 0.741489 0.618716
vt 0.742238 0.618950
vt 0.742891 0.619218
vt 0.743441 0.619517
vt 0.743881 0.619845
vt 0.744205 0.620199
vt 0.744404 0.620578
vt 0.744472 0.620978
vt 0.744397 0.621356
vt 0.744179 0.621718
vt 0.743827 0.622061
vt 0.743352 0.622383
vt 0.742763 0.622679
vt 0.742070 0.622946
vt 0.741282 0.623182
vt 0.740411 0.623382
vt 0.739465 0.623543
vt 0.738454 0.623663
vt 0.737388 0.623737
vt 0.736277 0.623762
vt 0.735750 0.623755
vt 0.735197 0.623737
vt 0.734621 0.623705
vt 0.734024 0.623661
vt 0.733409 0.623603
vt 0.732780 0.623531
vt 0.732138 0.623445
vt 0.731488 0.623344
vt 0.730832 0.623228
vt 0.730173 0.623097
vt 0.729514 0.622950
vt 0.728859 0.622788
vt 0.728777 0.622635
vt 0.728710 0.622493
vt 0.728654 0.622359
vt 0.728610 0.622233
vt 0.728575 0.622113
vt 0.728549 0.621997
vt 0.728531 0.621886
vt 0.728518 0.621777
vt 0.728511 0.621670
vt 0.728507 0.621563
vt 0.728505 0.621455
vt 0.728505 0.621345
vt 0.728579 0.620918
vt 0.728793 0.620506
vt 0.729138 0.620112
vt 0.729604 0.619742
vt 0.730183 0.619399
vt 0.730863 0.619089
vt 0.731637 0.618815
vt 0.732493 0.618581
vt 0.733423 0.618393
vt 0.734417 0.618254
vt 0.735466 0.618169
vt 0.736559 0.618142
vt 0.737680 0.618169
vt 0.738740 0.618243
vt 0.739733 0.618360
vt 0.733945 0.546490
vt 0.734792 0.546887
vt 0.735505 0.547323
vt 0.736076 0.547793
vt 0.736495 0.548294
vt 0.736754 0.548823
vt 0.736842 0.549374
vt 0.736756 0.549975
vt 0.736505 0.550532
vt 0.736096 0.551044
vt 0.735536 0.551509
vt 0.734834 0.551923
vt 0.733998 0.552285
vt 0.733036 0.552591
vt 0.731954 0.552839
vt 0.730762 0.553027
vt 0.729466 0.553152
vt 0.728076 0.553211
vt 0.726598 0.553201
vt 0.724990 0.553121
vt 0.723491 0.552981
vt 0.722107 0.552782
vt 0.720844 0.552528
vt 0.719707 0.552220
vt 0.718703 0.551860
vt 0.717837 0.551450
vt 0.717115 0.550994
vt 0.716544 0.550493
vt 0.716128 0.549949
vt 0.715874 0.549365
vt 0.715789 0.548744
vt 0.715881 0.548187
vt 0.716153 0.547666
vt 0.716593 0.547184
vt 0.717194 0.546744
vt 0.717944 0.546349
vt 0.718835 0.546004
vt 0.719857 0.545711
vt 0.721001 0.545473
vt 0.722256 0.545294
vt 0.723614 0.545177
vt 0.725064 0.545126
vt 0.726598 0.545142
vt 0.728046 0.545223
vt 0.729417 0.545368
vt 0.730702 0.545570
vt 0.731891 0.545828
vt 0.732975 0.546135
vt 0.729495 0.698453
vt 0.729979 0.698476
vt 0.730484 0.698473
vt 0.730988 0.698445
vt 0.731472 0.698393
vt 0.733521 0.700553
vt 0.727375 0.700745
vt 0.699873 0.623719
vt 0.699297 0.623687
vt 0.698700 0.623642
vt 0.698085 0.623583
vt 0.697455 0.623510
vt 0.696814 0.623423
vt 0.696164 0.623321
vt 0.695508 0.623203
vt 0.694849 0.623070
vt 0.694190 0.622922
vt 0.693534 0.622756
vt 0.693453 0.622602
vt 0.693386 0.622458
vt 0.693330 0.622322
vt 0.693286 0.622194
vt 0.693251 0.622072
vt 0.693225 0.621955
vt 0.693207 0.621842
vt 0.693194 0.621732
vt 0.693187 0.621623
vt 0.693183 0.621515
vt 0.693181 0.621405
vt 0.693181 0.621294
vt 0.693255 0.620861
vt 0.693469 0.620442
vt 0.693814 0.620043
vt 0.694280 0.619668
vt 0.694858 0.619320
vt 0.695539 0.619005
vt 0.696312 0.618727
vt 0.697169 0.618490
vt 0.698099 0.618299
vt 0.699093 0.618158
vt 0.700142 0.618072
vt 0.701235 0.618044
vt 0.702355 0.618071
vt 0.703416 0.618146
vt 0.704409 0.618265
vt 0.705328 0.618426
vt 0.706165 0.618626
vt 0.706913 0.618863
vt 0.707566 0.619134
vt 0.708117 0.619438
vt 0.708557 0.619770
vt 0.708880 0.620130
vt 0.709080 0.620514
vt 0.709148 0.620920
vt 0.709073 0.621303
vt 0.708855 0.621671
vt 0.708503 0.622019
vt 0.708028 0.622345
vt 0.707439 0.622645
vt 0.706746 0.622917
vt 0.705958 0.623156
vt 0.705087 0.623359
vt 0.704140 0.623523
vt 0.703129 0.623644
vt 0.702064 0.623719
vt 0.700952 0.623744
vt 0.700426 0.623738
vt 0.696405 0.584102
vt 0.696877 0.584083
vt 0.697356 0.584070
vt 0.697845 0.584063
vt 0.698348 0.584063
vt 0.698868 0.584068
vt 0.700345 0.584125
vt 0.701732 0.584247
vt 0.703021 0.584430
vt 0.704206 0.584671
vt 0.705279 0.584968
vt 0.706233 0.585317
vt 0.707061 0.585716
vt 0.707754 0.586161
vt 0.708307 0.586651
vt 0.708710 0.587182
vt 0.708958 0.587750
vt 0.709042 0.588355
vt 0.708990 0.588897
vt 0.708830 0.589411
vt 0.708553 0.589892
vt 0.708149 0.590337
vt 0.707612 0.590742
vt 0.706931 0.591102
vt 0.706099 0.591415
vt 0.705106 0.591675
vt 0.703945 0.591879
vt 0.702606 0.592024
vt 0.701082 0.592104
vt 0.699363 0.592116
vt 0.693005 0.592036
vt 0.693004 0.584428
vt 0.693525 0.584360
vt 0.694028 0.584299
vt 0.694517 0.584246
vt 0.694996 0.584200
vt 0.695468 0.584160
vt 0.695936 0.584128
vt 0.693004 0.582326
vt 0.693004 0.575888
vt 0.686717 0.575771
vt 0.686717 0.593957
vt 0.699205 0.615628
vt 0.697150 0.615789
vt 0.695226 0.616056
vt 0.693445 0.616422
vt 0.691823 0.616880
vt 0.690373 0.617426
vt 0.689108 0.618052
vt 0.688042 0.618752
vt 0.687189 0.619520
vt 0.686563 0.620349
vt 0.686177 0.621232
vt 0.686046 0.622164
vt 0.686211 0.623275
vt 0.686695 0.624401
vt 0.687481 0.625531
vt 0.688552 0.626655
vt 0.689893 0.627761
vt 0.691486 0.628839
vt 0.693314 0.629878
vt 0.695361 0.630867
vt 0.697610 0.631797
vt 0.700044 0.632656
vt 0.702648 0.633435
vt 0.705403 0.634122
vt 0.709642 0.632204
vt 0.707672 0.631703
vt 0.705826 0.631182
vt 0.704107 0.630643
vt 0.702520 0.630089
vt 0.701067 0.629522
vt 0.699751 0.628946
vt 0.698577 0.628363
vt 0.697548 0.627776
vt 0.696667 0.627187
vt 0.695938 0.626601
vt 0.695363 0.626018
vt 0.694947 0.625442
vt 0.695491 0.625558
vt 0.696061 0.625665
vt 0.696654 0.625764
vt 0.697266 0.625854
vt 0.697893 0.625934
vt 0.698533 0.626005
vt 0.699181 0.626066
vt 0.699835 0.626117
vt 0.700491 0.626157
vt 0.701145 0.626186
vt 0.701795 0.626203
vt 0.702436 0.626209
vt 0.704307 0.626161
vt 0.706095 0.626021
vt 0.707785 0.625797
vt 0.709362 0.625494
vt 0.710810 0.625119
vt 0.712115 0.624677
vt 0.713260 0.624174
vt 0.714232 0.623617
vt 0.715014 0.623011
vt 0.715591 0.622361
vt 0.715949 0.621675
vt 0.721370 0.622202
vt 0.721535 0.623298
vt 0.722019 0.624409
vt 0.722805 0.625524
vt 0.723877 0.626632
vt 0.725217 0.627723
vt 0.726810 0.628786
vt 0.728638 0.629810
vt 0.730685 0.630786
vt 0.732934 0.631702
vt 0.735369 0.632549
vt 0.737972 0.633316
vt 0.740728 0.633993
vt 0.744966 0.632102
vt 0.742996 0.631608
vt 0.741150 0.631095
vt 0.739432 0.630563
vt 0.737844 0.630017
vt 0.736391 0.629459
vt 0.735076 0.628891
vt 0.733902 0.628316
vt 0.732872 0.627737
vt 0.731991 0.627157
vt 0.731262 0.626578
vt 0.730688 0.626004
vt 0.730272 0.625436
vt 0.730816 0.625550
vt 0.731386 0.625656
vt 0.731978 0.625753
vt 0.732590 0.625842
vt 0.733217 0.625921
vt 0.733857 0.625991
vt 0.734506 0.626051
vt 0.735159 0.626101
vt 0.735815 0.626141
vt 0.736470 0.626169
vt 0.737119 0.626186
vt 0.737760 0.626192
vt 0.739631 0.626144
vt 0.741420 0.626007
vt 0.743110 0.625786
vt 0.744686 0.625487
vt 0.746135 0.625117
vt 0.747439 0.624681
vt 0.748585 0.624186
vt 0.749556 0.623636
vt 0.750338 0.623039
vt 0.750915 0.622399
vt 0.751273 0.621723
vt 0.756694 0.622243
vt 0.756859 0.623323
vt 0.757343 0.624417
vt 0.758129 0.625516
vt 0.759201 0.626608
vt 0.760541 0.627684
vt 0.762134 0.628731
vt 0.763962 0.629741
vt 0.766009 0.630702
vt 0.768258 0.631605
vt 0.770693 0.632440
vt 0.773296 0.633196
vt 0.776052 0.633863
vt 0.780291 0.631999
vt 0.778320 0.631513
vt 0.776474 0.631006
vt 0.774756 0.630483
vt 0.773168 0.629944
vt 0.771715 0.629394
vt 0.770400 0.628834
vt 0.769226 0.628268
vt 0.768197 0.627698
vt 0.767316 0.627126
vt 0.766586 0.626555
vt 0.766012 0.625989
vt 0.765596 0.625430
vt 0.766140 0.625542
vt 0.766710 0.625646
vt 0.767302 0.625742
vt 0.767914 0.625830
vt 0.768542 0.625908
vt 0.769181 0.625977
vt 0.769830 0.626036
vt 0.770484 0.626085
vt 0.771140 0.626124
vt 0.771794 0.626152
vt 0.772443 0.626169
vt 0.773085 0.626175
vt 0.774956 0.626128
vt 0.776744 0.625992
vt 0.778434 0.625775
vt 0.780011 0.625480
vt 0.781459 0.625115
vt 0.782763 0.624686
vt 0.783909 0.624198
vt 0.784880 0.623656
vt 0.785662 0.623067
vt 0.786240 0.622437
vt 0.786597 0.621770
vt 0.792018 0.622282
vt 0.792183 0.623347
vt 0.792667 0.624426
vt 0.793453 0.625509
vt 0.794525 0.626585
vt 0.795866 0.627645
vt 0.797458 0.628678
vt 0.799286 0.629673
vt 0.801333 0.630621
vt 0.803583 0.631511
vt 0.806017 0.632334
vt 0.808621 0.633080
vt 0.811376 0.633738
vt 0.815615 0.631901
vt 0.813645 0.631422
vt 0.811799 0.630922
vt 0.810080 0.630406
vt 0.808493 0.629875
vt 0.807039 0.629332
vt 0.805724 0.628780
vt 0.804550 0.628222
vt 0.803521 0.627659
vt 0.802640 0.627096
vt 0.801910 0.626533
vt 0.801336 0.625975
vt 0.800920 0.625423
vt 0.801464 0.625534
vt 0.802034 0.625637
vt 0.802627 0.625732
vt 0.803238 0.625818
vt 0.803866 0.625895
vt 0.804505 0.625963
vt 0.805154 0.626021
vt 0.805808 0.626070
vt 0.806464 0.626108
vt 0.807118 0.626136
vt 0.807768 0.626153
vt 0.808409 0.626158
vt 0.810280 0.626112
vt 0.812068 0.625978
vt 0.813758 0.625764
vt 0.815335 0.625473
vt 0.816783 0.625114
vt 0.818088 0.624690
vt 0.819233 0.624209
vt 0.820204 0.623675
vt 0.820986 0.623094
vt 0.821564 0.622472
vt 0.821921 0.621815
vt 0.822044 0.621127
vt 0.821925 0.620491
vt 0.821574 0.619863
vt 0.821000 0.619252
vt 0.820212 0.618667
vt 0.819221 0.618116
vt 0.818035 0.617609
vt 0.816663 0.617154
vt 0.815115 0.616760
vt 0.813401 0.616436
vt 0.811528 0.616191
vt 0.809508 0.616035
vt 0.807349 0.615975
vt 0.803178 0.595313
vt 0.806388 0.594990
vt 0.809363 0.594535
vt 0.812078 0.593955
vt 0.814511 0.593260
vt 0.816636 0.592456
vt 0.818429 0.591553
vt 0.819866 0.590556
vt 0.820922 0.589475
vt 0.821574 0.588315
vt 0.821797 0.587086
vt 0.821569 0.585840
vt 0.820902 0.584648
vt 0.819823 0.583517
vt 0.818358 0.582458
vt 0.816535 0.581478
vt 0.814378 0.580589
vt 0.811916 0.579798
vt 0.809174 0.579116
vt 0.806179 0.578553
vt 0.802957 0.578118
vt 0.806266 0.557544
vt 0.807914 0.557596
vt 0.811521 0.557615
vt 0.814941 0.557482
vt 0.818151 0.557206
vt 0.821126 0.556795
vt 0.823841 0.556256
vt 0.826274 0.555597
vt 0.828399 0.554826
vt 0.830192 0.553951
vt 0.831629 0.552978
vt 0.832685 0.551915
vt 0.833337 0.550770
vt 0.833560 0.549549
vt 0.833331 0.548307
vt 0.832665 0.547112
vt 0.831586 0.545973
vt 0.830121 0.544899
vt 0.828298 0.543901
vt 0.826142 0.542987
vt 0.823679 0.542167
vt 0.820937 0.541451
vt 0.859356 0.744284
vt 0.825294 0.709103
vt 0.825294 0.691914
vt 0.818370 0.692088
vt 0.818370 0.709323
vt 0.779302 0.710653
vt 0.779302 0.693142
vt 0.772378 0.693338
vt 0.772378 0.701371
vt 0.752102 0.693919
vt 0.743483 0.694168
vt 0.764465 0.701908
vt 0.738326 0.712131
vt 0.733663 0.712300
vt 0.733663 0.700549
vt 0.731933 0.698319
vt 0.732365 0.698225
vt 0.732763 0.698113
vt 0.733124 0.697984
vt 0.733442 0.697841
vt 0.733712 0.697685
vt 0.733931 0.697518
vt 0.734093 0.697343
vt 0.734193 0.697160
vt 0.734228 0.696972
vt 0.734193 0.696787
vt 0.734093 0.696610
vt 0.733931 0.696444
vt 0.733712 0.696291
vt 0.733442 0.696151
vt 0.733124 0.696027
vt 0.732763 0.695920
vt 0.732365 0.695831
vt 0.731933 0.695763
vt 0.731472 0.695716
vt 0.730988 0.695693
vt 0.730484 0.695695
vt 0.729979 0.695722
vt 0.729495 0.695774
vt 0.729034 0.695847
vt 0.728602 0.695941
vt 0.728204 0.696053
vt 0.727843 0.696182
vt 0.727525 0.696325
vt 0.727255 0.696481
vt 0.727036 0.696648
vt 0.726874 0.696824
vt 0.726774 0.697007
vt 0.726739 0.697195
vt 0.726774 0.697381
vt 0.726874 0.697559
vt 0.727036 0.697725
vt 0.727255 0.697879
vt 0.727525 0.698019
vt 0.727843 0.698143
vt 0.728204 0.698250
vt 0.728602 0.698339
vt 0.729034 0.698407
vt 0.727375 0.712527
vt 0.718191 0.712857
vt 0.718191 0.694893
vt 0.711903 0.695070
vt 0.711903 0.713081
vt 0.701457 0.711291
vt 0.702593 0.710600
vt 0.703522 0.709836
vt 0.704204 0.709023
vt 0.704624 0.708164
vt 0.704768 0.707268
vt 0.704619 0.706436
vt 0.704185 0.705651
vt 0.703483 0.704919
vt 0.702530 0.704247
vt 0.701345 0.703639
vt 0.699946 0.703102
vt 0.698349 0.702641
vt 0.696572 0.702263
vt 0.694634 0.701974
vt 0.692551 0.701779
vt 0.690342 0.701685
vt 0.688024 0.701698
vt 0.685593 0.701820
vt 0.683293 0.702040
vt 0.681139 0.702352
vt 0.679146 0.702749
vt 0.677329 0.703227
vt 0.675704 0.703779
vt 0.674287 0.704400
vt 0.673093 0.705083
vt 0.672138 0.705824
vt 0.671436 0.706615
vt 0.671004 0.707451
vt 0.670856 0.708326
vt 0.671000 0.709248
vt 0.671421 0.710105
vt 0.672108 0.710894
vt 0.673046 0.711608
vt 0.674223 0.712244
vt 0.675625 0.712798
vt 0.677239 0.713265
vt 0.679051 0.713641
vt 0.681049 0.713921
vt 0.674954 0.553645
vt 0.688306 0.553996
vt 0.690598 0.554008
vt 0.692734 0.553918
vt 0.694707 0.553731
vt 0.696507 0.553449
vt 0.698126 0.553077
vt 0.699557 0.552616
vt 0.700791 0.552071
vt 0.701819 0.551445
vt 0.702633 0.550741
vt 0.703224 0.549961
vt 0.703586 0.549110
vt 0.709503 0.549437
vt 0.709925 0.550307
vt 0.710611 0.551124
vt 0.711550 0.551884
vt 0.712726 0.552582
vt 0.714128 0.553212
vt 0.715742 0.553769
vt 0.717555 0.554249
vt 0.719553 0.554647
vt 0.721723 0.554958
vt 0.724052 0.555177
vt 0.726527 0.555299
vt 0.728905 0.555314
vt 0.731153 0.555221
vt 0.733256 0.555027
vt 0.735201 0.554736
vt 0.736972 0.554355
vt 0.738555 0.553888
vt 0.739935 0.553341
vt 0.741096 0.552719
vt 0.742026 0.552026
vt 0.742708 0.551268
vt 0.743128 0.550450
vt 0.748501 0.550639
vt 0.748923 0.551495
vt 0.749609 0.552301
vt 0.750548 0.553050
vt 0.751724 0.553737
vt 0.753126 0.554358
vt 0.754740 0.554909
vt 0.756553 0.555382
vt 0.758551 0.555776
vt 0.760721 0.556083
vt 0.763050 0.556300
vt 0.765525 0.556422
vt 0.767903 0.556437
vt 0.770151 0.556346
vt 0.772254 0.556156
vt 0.774199 0.555870
vt 0.775970 0.555495
vt 0.777553 0.555036
vt 0.778933 0.554497
vt 0.780094 0.553885
vt 0.781024 0.553203
vt 0.781706 0.552458
vt 0.782126 0.551653
vt 0.782269 0.550794
vt 0.782120 0.549979
vt 0.789546 0.555667
vt 0.791129 0.555955
vt 0.792672 0.556216
vt 0.794184 0.556452
vt 0.795674 0.556663
vt 0.797150 0.556851
vt 0.798624 0.557016
vt 0.800103 0.557161
vt 0.801598 0.557284
vt 0.803117 0.557389
vt 0.795939 0.577674
vt 0.794559 0.577655
vt 0.793230 0.577652
vt 0.791936 0.577667
vt 0.790656 0.577702
vt 0.789374 0.577757
vt 0.788071 0.577833
vt 0.786728 0.577933
vt 0.785326 0.578058
vt 0.783848 0.578209
vt 0.782276 0.578387
vt 0.780590 0.578594
vt 0.778772 0.578832
vt 0.778772 0.581374
vt 0.780189 0.581129
vt 0.781614 0.580906
vt 0.783046 0.580707
vt 0.784484 0.580530
vt 0.785926 0.580377
vt 0.787373 0.580248
vt 0.788823 0.580142
vt 0.790274 0.580060
vt 0.791727 0.580002
vt 0.793179 0.579968
vt 0.794631 0.579957
vt 0.796081 0.579972
vt 0.798643 0.580076
vt 0.801087 0.580292
vt 0.803395 0.580610
vt 0.805545 0.581024
vt 0.807517 0.581526
vt 0.809292 0.582109
vt 0.810849 0.582765
vt 0.812168 0.583488
vt 0.813228 0.584271
vt 0.814011 0.585106
vt 0.814495 0.585987
vt 0.814661 0.586907
vt 0.814496 0.587842
vt 0.814012 0.588720
vt 0.813224 0.589535
vt 0.812149 0.590284
vt 0.810804 0.590960
vt 0.809204 0.591558
vt 0.807365 0.592074
vt 0.805304 0.592501
vt 0.803037 0.592835
vt 0.800580 0.593071
vt 0.797950 0.593201
vt 0.795162 0.593222
vt 0.794233 0.593204
vt 0.793318 0.593174
vt 0.792416 0.593133
vt 0.791525 0.593081
vt 0.790645 0.593021
vt 0.789775 0.592951
vt 0.788914 0.592874
vt 0.788061 0.592789
vt 0.787214 0.592698
vt 0.786374 0.592602
vt 0.785538 0.592501
vt 0.784706 0.592395
vt 0.784706 0.588808
vt 0.793961 0.588943
vt 0.793961 0.586697
vt 0.777783 0.586444
vt 0.769221 0.586741
vt 0.768269 0.586042
vt 0.767084 0.585396
vt 0.765684 0.584808
vt 0.764087 0.584286
vt 0.762311 0.583836
vt 0.760372 0.583465
vt 0.758290 0.583179
vt 0.756080 0.582986
vt 0.753762 0.582893
vt 0.751332 0.582901
vt 0.749032 0.583011
vt 0.746877 0.583217
vt 0.744884 0.583514
vt 0.743067 0.583898
vt 0.741443 0.584363
vt 0.740026 0.584905
vt 0.738832 0.585518
vt 0.737876 0.586197
vt 0.737175 0.586937
vt 0.736742 0.587732
vt 0.736595 0.588578
vt 0.736738 0.589483
vt 0.737160 0.590336
vt 0.737846 0.591134
vt 0.738785 0.591871
vt 0.729459 0.576595
vt 0.723171 0.576470
vt 0.714987 0.589876
vt 0.715348 0.589024
vt 0.715471 0.588106
vt 0.715336 0.587268
vt 0.714941 0.586472
vt 0.714299 0.585722
vt 0.713425 0.585025
vt 0.712330 0.584385
vt 0.711029 0.583807
vt 0.709535 0.583297
vt 0.707862 0.582861
vt 0.706023 0.582503
vt 0.704031 0.582230
vt 0.701901 0.582046
vt 0.699645 0.581958
vt 0.699118 0.581952
vt 0.698594 0.581951
vt 0.698071 0.581957
vt 0.697547 0.581970
vt 0.697019 0.581989
vt 0.696484 0.582014
vt 0.695940 0.582047
vt 0.695386 0.582088
vt 0.694817 0.582135
vt 0.694232 0.582191
vt 0.693629 0.582254
vt 0.681242 0.551804
vt 0.681242 0.544159
vt 0.681762 0.544098
vt 0.682265 0.544044
vt 0.682754 0.543998
vt 0.683233 0.543958
vt 0.683705 0.543925
vt 0.684173 0.543899
vt 0.684642 0.543880
vt 0.685114 0.543868
vt 0.685593 0.543862
vt 0.686082 0.543862
vt 0.686585 0.543869
vt 0.687105 0.543882
vt 0.688582 0.543961
vt 0.689969 0.544104
vt 0.691258 0.544307
vt 0.692443 0.544567
vt 0.693516 0.544881
vt 0.694471 0.545246
vt 0.695298 0.545659
vt 0.695991 0.546118
vt 0.696543 0.546618
vt 0.696947 0.547157
vt 0.697195 0.547733
vt 0.697279 0.548341
vt 0.697227 0.548886
vt 0.697067 0.549399
vt 0.696790 0.549879
vt 0.696386 0.550320
vt 0.695849 0.550719
vt 0.695168 0.551071
vt 0.694336 0.551372
vt 0.693343 0.551619
vt 0.692182 0.551807
vt 0.690844 0.551932
vt 0.689319 0.551990
vt 0.687600 0.551977
vt 0.695442 0.704731
vt 0.696288 0.705080
vt 0.697001 0.705477
vt 0.697572 0.705918
vt 0.697992 0.706401
vt 0.698250 0.706921
vt 0.698338 0.707476
vt 0.698253 0.708091
vt 0.698002 0.708673
vt 0.697592 0.709220
vt 0.697033 0.709728
vt 0.696331 0.710193
vt 0.695495 0.710614
vt 0.694532 0.710986
vt 0.693451 0.711307
vt 0.692258 0.711574
vt 0.690963 0.711782
vt 0.689572 0.711930
vt 0.688094 0.712013
vt 0.686487 0.712033
vt 0.684988 0.711985
vt 0.683604 0.711869
vt 0.682341 0.711690
vt 0.681204 0.711447
vt 0.680200 0.711144
vt 0.679334 0.710782
vt 0.678612 0.710363
vt 0.678040 0.709890
vt 0.677625 0.709363
vt 0.677371 0.708786
vt 0.677285 0.708161
vt 0.677378 0.707590
vt 0.677649 0.707044
vt 0.678090 0.706527
vt 0.678690 0.706043
vt 0.679441 0.705596
vt 0.680332 0.705190
vt 0.681354 0.704829
vt 0.682498 0.704516
vt 0.683753 0.704256
vt 0.685111 0.704052
vt 0.686561 0.703909
vt 0.688094 0.703829
vt 0.689543 0.703820
vt 0.690914 0.703879
vt 0.692199 0.704003
vt 0.693388 0.704189
vt 0.694472 0.704433
vt 0.772378 0.702221
vt 0.772378 0.710900
vt 0.683220 0.714102
vt 0.685549 0.714179
vt 0.688024 0.714148
vt 0.690401 0.714013
vt 0.692649 0.713777
vt 0.694753 0.713446
vt 0.696698 0.713027
vt 0.698469 0.712527
vt 0.700052 0.711951
vt 0.701431 0.711307
vt 0.747863 0.711785
vt 0.375000 0.988633
vt 0.357895 0.000000
vt 0.378947 0.000000
vt 0.368421 0.000000
vt 0.389474 0.000000
vt 0.347368 0.000000
vt 0.400000 0.000000
vt 0.336842 0.000000
vt 0.410526 0.000000
vt 0.326316 0.000000
vt 0.421053 0.000000
vt 0.315789 0.000000
vt 0.431579 0.000000
vt 0.305263 0.000000
vt 0.442105 0.000000
vt 0.294737 0.000000
vt 0.873684 0.000000
vt 0.884211 0.000000
vt 0.863158 0.000000
vt 0.894737 0.000000
vt 0.852632 0.000000
vt 0.905263 0.000000
vt 0.842105 0.000000
vt 0.452632 0.000000
vt 0.284211 0.000000
vt 0.915789 0.000000
vt 0.831579 0.000000
vt 0.926316 0.000000
vt 0.821053 0.000000
vt 0.936842 0.000000
vt 0.810526 0.000000
vt 0.463158 0.000000
vt 0.273684 0.000000
vt 0.947368 0.000000
vt 0.800000 0.000000
vt 0.957895 0.000000
vt 0.789474 0.000000
vt 0.473684 0.000000
vt 0.263158 0.000000
vt 0.968421 0.000000
vt 0.778947 0.000000
vt 0.484211 0.000000
vt 0.252632 0.000000
vt 0.978947 0.000000
vt 0.768421 0.000000
vt 0.989474 0.000000
vt 0.757895 0.000000
vt 0.494737 0.000000
vt 0.242105 0.000000
vt 1.000000 0.000000
vt 0.747368 0.000000
vt 0.231579 0.000000
vt 0.505263 0.000000
vt 0.000000 0.000000
vt 0.736842 0.000000
vt 0.515789 0.000000
vt 0.726316 0.000000
vt 0.221053 0.000000
vt 0.010526 0.000000
vt 0.526316 0.000000
vt 0.715789 0.000000
vt 0.536842 0.000000
vt 0.210526 0.000000
vt 0.705263 0.000000
vt 0.021053 0.000000
vt 0.547368 0.000000
vt 0.694737 0.000000
vt 0.200000 0.000000
vt 0.031579 0.000000
vt 0.557895 0.000000
vt 0.684211 0.000000
vt 0.568421 0.000000
vt 0.673684 0.000000
vt 0.189474 0.000000
vt 0.042105 0.000000
vt 0.578947 0.000000
vt 0.663158 0.000000
vt 0.589474 0.000000
vt 0.652632 0.000000
vt 0.600000 0.000000
vt 0.642105 0.000000
vt 0.178947 0.000000
vt 0.052632 0.000000
vt 0.610526 0.000000
vt 0.631579 0.000000
vt 0.621053 0.000000
vt 0.168421 0.000000
vt 0.063158 0.000000
vt 0.157895 0.000000
vt 0.073684 0.000000
vt 0.147368 0.000000
vt 0.084211 0.000000
vt 0.136842 0.000000
vt 0.094737 0.000000
vt 0.126316 0.000000
vt 0.105263 0.000000
vt 0.115789 0.000000
vt 0.666667 0.000000
vt 0.333333 0.000000
vt 0.941176 0.000000
vt 0.980392 0.000000
vt 0.960784 0.000000
vt 0.431373 0.000000
vt 0.470588 0.000000
vt 0.450980 0.000000
vt 0.490196 0.000000
vt 0.411765 0.000000
vt 0.509804 0.000000
vt 0.392157 0.000000
vt 0.529412 0.000000
vt 0.372549 0.000000
vt 0.549020 0.000000
vt 0.352941 0.000000
vt 0.568627 0.000000
vt 0.588235 0.000000
vt 0.313726 0.000000
vt 0.607843 0.000000
vt 0.294118 0.000000
vt 0.627451 0.000000
vt 0.274510 0.000000
vt 0.647059 0.000000
vt 0.254902 0.000000
vt 0.235294 0.000000
vt 0.686275 0.000000
vt 0.215686 0.000000
vt 0.196078 0.000000
vt 0.705882 0.000000
vt 0.176471 0.000000
vt 0.725490 0.000000
vt 0.156863 0.000000
vt 0.745098 0.000000
vt 0.137255 0.000000
vt 0.764706 0.000000
vt 0.117647 0.000000
vt 0.784314 0.000000
vt 0.098039 0.000000
vt 0.803922 0.000000
vt 0.078431 0.000000
vt 0.823529 0.000000
vt 0.058824 0.000000
vt 0.843137 0.000000
vt 0.039216 0.000000
vt 0.862745 0.000000
vt 0.019608 0.000000
vt 0.882353 0.000000
vt 0.901961 0.000000
vt 0.921569 0.000000
vt 0.300000 0.000000
vt 0.500000 0.000000
vt 0.700000 0.000000
vt 0.900000 0.000000
vt 0.100000 0.000000
vt 0.348485 0.000000
vt 0.363636 0.000000
vt 0.356061 0.000000
vt 0.340909 0.000000
vt 0.371212 0.000000
vt 0.378788 0.000000
vt 0.325758 0.000000
vt 0.386364 0.000000
vt 0.318182 0.000000
vt 0.393939 0.000000
vt 0.310606 0.000000
vt 0.401515 0.000000
vt 0.303030 0.000000
vt 0.409091 0.000000
vt 0.295455 0.000000
vt 0.825758 0.000000
vt 0.818182 0.000000
vt 0.810606 0.000000
vt 0.833333 0.000000
vt 0.803030 0.000000
vt 0.416667 0.000000
vt 0.840909 0.000000
vt 0.795455 0.000000
vt 0.848485 0.000000
vt 0.787879 0.000000
vt 0.287879 0.000000
vt 0.856061 0.000000
vt 0.780303 0.000000
vt 0.863636 0.000000
vt 0.772727 0.000000
vt 0.424242 0.000000
vt 0.871212 0.000000
vt 0.280303 0.000000
vt 0.765152 0.000000
vt 0.878788 0.000000
vt 0.757576 0.000000
vt 0.886364 0.000000
vt 0.431818 0.000000
vt 0.272727 0.000000
vt 0.750000 0.000000
vt 0.893939 0.000000
vt 0.742424 0.000000
vt 0.901515 0.000000
vt 0.265152 0.000000
vt 0.439394 0.000000
vt 0.734848 0.000000
vt 0.909091 0.000000
vt 0.727273 0.000000
vt 0.916667 0.000000
vt 0.257576 0.000000
vt 0.446970 0.000000
vt 0.924242 0.000000
vt 0.719697 0.000000
vt 0.712121 0.000000
vt 0.704545 0.000000
vt 0.696970 0.000000
vt 0.250000 0.000000
vt 0.931818 0.000000
vt 0.689394 0.000000
vt 0.681818 0.000000
vt 0.674242 0.000000
vt 0.939394 0.000000
vt 0.454545 0.000000
vt 0.659091 0.000000
vt 0.651515 0.000000
vt 0.946970 0.000000
vt 0.242424 0.000000
vt 0.643939 0.000000
vt 0.636364 0.000000
vt 0.954545 0.000000
vt 0.628788 0.000000
vt 0.962121 0.000000
vt 0.621212 0.000000
vt 0.234848 0.000000
vt 0.613636 0.000000
vt 0.969697 0.000000
vt 0.606061 0.000000
vt 0.462121 0.000000
vt 0.598485 0.000000
vt 0.977273 0.000000
vt 0.590909 0.000000
vt 0.583333 0.000000
vt 0.984848 0.000000
vt 0.575758 0.000000
vt 0.227273 0.000000
vt 0.992424 0.000000
vt 0.568182 0.000000
vt 0.560606 0.000000
vt 0.553030 0.000000
vt 0.219697 0.000000
vt 0.469697 0.000000
vt 0.212121 0.000000
vt 0.204545 0.000000
vt 0.083333 0.000000
vt 0.090909 0.000000
vt 0.075758 0.000000
vt 0.196970 0.000000
vt 0.477273 0.000000
vt 0.098485 0.000000
vt 0.106061 0.000000
vt 0.113636 0.000000
vt 0.189394 0.000000
vt 0.121212 0.000000
vt 0.128788 0.000000
vt 0.136364 0.000000
vt 0.068182 0.000000
vt 0.181818 0.000000
vt 0.143939 0.000000
vt 0.151515 0.000000
vt 0.159091 0.000000
vt 0.174242 0.000000
vt 0.166667 0.000000
vt 0.060606 0.000000
vt 0.484848 0.000000
vt 0.053030 0.000000
vt 0.492424 0.000000
vt 0.045455 0.000000
vt 0.037879 0.000000
vt 0.030303 0.000000
vt 0.022727 0.000000
vt 0.507576 0.000000
vt 0.015152 0.000000
vt 0.007576 0.000000
vt 0.515152 0.000000
vt 0.545455 0.000000
vt 0.522727 0.000000
vt 0.537879 0.000000
vt 0.530303 0.000000
vt 0.467532 0.000000
vt 0.493506 0.000000
vt 0.480519 0.000000
vt 0.506494 0.000000
vt 0.298701 0.000000
vt 0.324675 0.000000
vt 0.311688 0.000000
vt 0.337662 0.000000
vt 0.350649 0.000000
vt 0.376623 0.000000
vt 0.285714 0.000000
vt 0.389610 0.000000
vt 0.402597 0.000000
vt 0.415584 0.000000
vt 0.428571 0.000000
vt 0.441558 0.000000
vt 0.259740 0.000000
vt 0.532468 0.000000
vt 0.519481 0.000000
vt 0.246753 0.000000
vt 0.584416 0.000000
vt 0.571429 0.000000
vt 0.558442 0.000000
vt 0.233766 0.000000
vt 0.623377 0.000000
vt 0.610390 0.000000
vt 0.597403 0.000000
vt 0.220779 0.000000
vt 0.662338 0.000000
vt 0.649351 0.000000
vt 0.675325 0.000000
vt 0.688312 0.000000
vt 0.207792 0.000000
vt 0.701299 0.000000
vt 0.714286 0.000000
vt 0.987013 0.000000
vt 0.194805 0.000000
vt 0.740260 0.000000
vt 0.753247 0.000000
vt 0.766234 0.000000
vt 0.779221 0.000000
vt 0.168831 0.000000
vt 0.792208 0.000000
vt 0.155844 0.000000
vt 0.805195 0.000000
vt 0.142857 0.000000
vt 0.831169 0.000000
vt 0.844156 0.000000
vt 0.129870 0.000000
vt 0.857143 0.000000
vt 0.116883 0.000000
vt 0.870130 0.000000
vt 0.883117 0.000000
vt 0.103896 0.000000
vt 0.896104 0.000000
vt 0.922078 0.000000
vt 0.935065 0.000000
vt 0.948052 0.000000
vt 0.077922 0.000000
vt 0.961039 0.000000
vt 0.974026 0.000000
vt 0.064935 0.000000
vt 0.051948 0.000000
vt 0.038961 0.000000
vt 0.025974 0.000000
vt 0.012987 0.000000
vt 0.336634 0.000000
vt 0.356436 0.000000
vt 0.346535 0.000000
vt 0.366337 0.000000
vt 0.376238 0.000000
vt 0.386139 0.000000
vt 0.326733 0.000000
vt 0.396040 0.000000
vt 0.405941 0.000000
vt 0.415842 0.000000
vt 0.316832 0.000000
vt 0.425743 0.000000
vt 0.435644 0.000000
vt 0.306931 0.000000
vt 0.445545 0.000000
vt 0.455446 0.000000
vt 0.297030 0.000000
vt 0.465347 0.000000
vt 0.574257 0.000000
vt 0.564356 0.000000
vt 0.554455 0.000000
vt 0.544554 0.000000
vt 0.534653 0.000000
vt 0.524752 0.000000
vt 0.514852 0.000000
vt 0.504951 0.000000
vt 0.495050 0.000000
vt 0.485149 0.000000
vt 0.475248 0.000000
vt 0.287129 0.000000
vt 0.594059 0.000000
vt 0.584158 0.000000
vt 0.603960 0.000000
vt 0.613861 0.000000
vt 0.623762 0.000000
vt 0.277228 0.000000
vt 0.633663 0.000000
vt 0.643564 0.000000
vt 0.267327 0.000000
vt 0.653465 0.000000
vt 0.663366 0.000000
vt 0.257426 0.000000
vt 0.673267 0.000000
vt 0.247525 0.000000
vt 0.683168 0.000000
vt 0.693069 0.000000
vt 0.237624 0.000000
vt 0.702970 0.000000
vt 0.227723 0.000000
vt 0.712871 0.000000
vt 0.722772 0.000000
vt 0.217822 0.000000
vt 0.970297 0.000000
vt 0.990099 0.000000
vt 0.980198 0.000000
vt 0.960396 0.000000
vt 0.732673 0.000000
vt 0.207921 0.000000
vt 0.742574 0.000000
vt 0.950495 0.000000
vt 0.198020 0.000000
vt 0.752475 0.000000
vt 0.762376 0.000000
vt 0.188119 0.000000
vt 0.772277 0.000000
vt 0.178218 0.000000
vt 0.782178 0.000000
vt 0.792079 0.000000
vt 0.168317 0.000000
vt 0.801980 0.000000
vt 0.940594 0.000000
vt 0.930693 0.000000
vt 0.920792 0.000000
vt 0.811881 0.000000
vt 0.910891 0.000000
vt 0.900990 0.000000
vt 0.891089 0.000000
vt 0.821782 0.000000
vt 0.158416 0.000000
vt 0.881188 0.000000
vt 0.871287 0.000000
vt 0.861386 0.000000
vt 0.831683 0.000000
vt 0.851485 0.000000
vt 0.841584 0.000000
vt 0.148515 0.000000
vt 0.009901 0.000000
vt 0.138614 0.000000
vt 0.019802 0.000000
vt 0.029703 0.000000
vt 0.128713 0.000000
vt 0.039604 0.000000
vt 0.049505 0.000000
vt 0.059406 0.000000
vt 0.118812 0.000000
vt 0.069307 0.000000
vt 0.079208 0.000000
vt 0.089109 0.000000
vt 0.108911 0.000000
vt 0.099010 0.000000
vt 0.009804 0.000000
vt 0.009804 0.977505
vt 0.000000 0.977505
vt 0.019608 0.977505
vt 0.029412 0.000000
vt 0.029412 0.977505
vt 0.019608 0.977505
vt 0.039216 0.977505
vt 0.029412 0.977505
vt 0.049020 0.000000
vt 0.049020 0.977505
vt 0.039216 0.977505
vt 0.058824 0.977505
vt 0.049020 0.977505
vt 0.068627 0.000000
vt 0.068627 0.977505
vt 0.058824 0.977505
vt 0.078431 0.977505
vt 0.068627 0.977505
vt 0.088235 0.000000
vt 0.088235 0.977505
vt 0.078652 0.977505
vt 0.078431 0.977505
vt 0.098039 0.977505
vt 0.088235 0.977505
vt 0.107843 0.000000
vt 0.107843 0.977505
vt 0.098039 0.977505
vt 0.117647 0.977505
vt 0.107843 0.977505
vt 0.127451 0.000000
vt 0.127451 0.977505
vt 0.117647 0.977505
vt 0.137255 0.977505
vt 0.147059 0.000000
vt 0.147059 0.977505
vt 0.137255 0.977505
vt 0.156863 0.977505
vt 0.147059 0.977505
vt 0.166667 0.977505
vt 0.156863 0.977505
vt 0.166667 0.977505
vt 0.176471 0.977505
vt 0.176471 0.977505
vt 0.186275 0.000000
vt 0.186275 0.977505
vt 0.196078 0.977505
vt 0.196078 0.977505
vt 0.205882 0.000000
vt 0.205882 0.977505
vt 0.205882 0.977505
vt 0.215686 0.977505
vt 0.215686 0.977505
vt 0.225490 0.000000
vt 0.225490 0.977505
vt 0.225490 0.977505
vt 0.235294 0.977505
vt 0.245098 0.000000
vt 0.245098 0.977505
vt 0.245098 0.977505
vt 0.254902 0.977505
vt 0.254902 0.977505
vt 0.264706 0.000000
vt 0.264706 0.977505
vt 0.264706 0.977505
vt 0.274510 0.977505
vt 0.274510 0.977505
vt 0.284314 0.000000
vt 0.284314 0.977505
vt 0.294118 0.977505
vt 0.294118 0.977505
vt 0.303922 0.000000
vt 0.303922 0.977505
vt 0.313726 0.977505
vt 0.323529 0.000000
vt 0.323529 0.977505
vt 0.323529 0.977505
vt 0.333333 0.977505
vt 0.333333 0.977505
vt 0.343137 0.000000
vt 0.343137 0.977505
vt 0.343137 0.977505
vt 0.352941 0.977505
vt 0.352941 0.977505
vt 0.362745 0.000000
vt 0.362745 0.977505
vt 0.372549 0.977505
vt 0.372549 0.977505
vt 0.382353 0.000000
vt 0.382353 0.977505
vt 0.382353 0.977505
vt 0.392157 0.977505
vt 0.392157 0.977505
vt 0.401961 0.000000
vt 0.401961 0.977505
vt 0.401961 0.977505
vt 0.411765 0.977505
vt 0.421569 0.000000
vt 0.421569 0.977505
vt 0.421569 0.977505
vt 0.431373 0.977505
vt 0.431373 0.977505
vt 0.441176 0.000000
vt 0.441176 0.977505
vt 0.441176 0.977505
vt 0.450980 0.977505
vt 0.450980 0.977505
vt 0.460784 0.000000
vt 0.460784 0.977505
vt 0.470588 0.977505
vt 0.460784 0.977505
vt 0.480392 0.000000
vt 0.480392 0.977505
vt 0.490196 0.977505
vt 0.480392 0.977505
vt 0.500000 0.977505
vt 0.490196 0.977505
vt 0.509804 0.977505
vt 0.500000 0.977505
vt 0.519608 0.000000
vt 0.519608 0.977505
vt 0.509804 0.977505
vt 0.529412 0.977505
vt 0.519608 0.977505
vt 0.539216 0.000000
vt 0.539216 0.977505
vt 0.549020 0.977505
vt 0.558824 0.000000
vt 0.558824 0.977505
vt 0.549020 0.977505
vt 0.568627 0.977505
vt 0.558824 0.977505
vt 0.578431 0.000000
vt 0.578431 0.977505
vt 0.588235 0.977505
vt 0.598039 0.000000
vt 0.598039 0.977505
vt 0.588235 0.977505
vt 0.607843 0.977505
vt 0.598039 0.977505
vt 0.617647 0.000000
vt 0.617647 0.977505
vt 0.607843 0.977505
vt 0.627451 0.977505
vt 0.637255 0.000000
vt 0.637255 0.977505
vt 0.647059 0.977505
vt 0.637255 0.977505
vt 0.656863 0.000000
vt 0.656863 0.977505
vt 0.647059 0.977505
vt 0.666667 0.977505
vt 0.656863 0.977505
vt 0.676471 0.000000
vt 0.676471 0.977505
vt 0.666667 0.977505
vt 0.686275 0.977505
vt 0.676471 0.977505
vt 0.696078 0.000000
vt 0.696078 0.977505
vt 0.686275 0.977505
vt 0.705882 0.977505
vt 0.696078 0.977505
vt 0.715686 0.000000
vt 0.715686 0.977505
vt 0.725490 0.977505
vt 0.735294 0.000000
vt 0.735294 0.977505
vt 0.725490 0.977505
vt 0.745098 0.977505
vt 0.735294 0.977505
vt 0.754902 0.000000
vt 0.754902 0.977505
vt 0.764706 0.977505
vt 0.764706 0.977505
vt 0.774510 0.000000
vt 0.774510 0.977505
vt 0.774510 0.977505
vt 0.784314 0.977505
vt 0.784314 0.977505
vt 0.794118 0.000000
vt 0.794118 0.977505
vt 0.794118 0.977505
vt 0.803922 0.977505
vt 0.803922 0.977505
vt 0.813725 0.000000
vt 0.813725 0.977505
vt 0.823529 0.977505
vt 0.833333 0.977505
vt 0.833333 0.977505
vt 0.843137 0.977505
vt 0.852941 0.000000
vt 0.852941 0.977505
vt 0.862745 0.977505
vt 0.872549 0.000000
vt 0.872549 0.977505
vt 0.872549 0.977505
vt 0.882353 0.977505
vt 0.882353 0.977505
vt 0.892157 0.000000
vt 0.892157 0.977505
vt 0.901961 0.977505
vt 0.901961 0.977505
vt 0.911765 0.000000
vt 0.911765 0.977505
vt 0.911765 0.977505
vt 0.921569 0.977505
vt 0.921569 0.977505
vt 0.931373 0.000000
vt 0.931373 0.977505
vt 0.931373 0.977505
vt 0.941176 0.977505
vt 0.941176 0.977505
vt 0.950980 0.000000
vt 0.950980 0.977505
vt 0.960784 0.977505
vt 0.950980 0.977505
vt 0.960784 0.977505
vt 0.970588 0.000000
vt 0.970588 0.977505
vt 0.970588 0.977505
vt 0.980392 0.977505
vt 0.990196 0.000000
vt 0.990196 0.977505
vt 0.980613 0.977505
vt 0.980392 0.977505
vt 1.000000 0.977505
vt 0.020833 0.000000
vt 0.020833 0.977505
vt 0.041667 0.000000
vt 0.041667 0.977505
vt 0.020833 0.977505
vt 0.062500 0.000000
vt 0.062500 0.977505
vt 0.041667 0.977505
vt 0.083333 0.977505
vt 0.062500 0.977505
vt 0.104167 0.000000
vt 0.104167 0.977505
vt 0.083333 0.977505
vt 0.125000 0.000000
vt 0.125000 0.977505
vt 0.104167 0.977505
vt 0.145833 0.000000
vt 0.145833 0.977505
vt 0.125000 0.977505
vt 0.187500 0.000000
vt 0.187500 0.977505
vt 0.166667 0.977505
vt 0.208333 0.000000
vt 0.208333 0.977505
vt 0.187500 0.977505
vt 0.229167 0.000000
vt 0.229167 0.977505
vt 0.250000 0.977505
vt 0.229167 0.977505
vt 0.270833 0.000000
vt 0.270833 0.977505
vt 0.291667 0.000000
vt 0.291667 0.977505
vt 0.270833 0.977505
vt 0.312500 0.000000
vt 0.312500 0.977505
vt 0.312500 0.977505
vt 0.354167 0.000000
vt 0.354167 0.977505
vt 0.354167 0.977505
vt 0.375000 0.977505
vt 0.375000 0.977505
vt 0.395833 0.000000
vt 0.395833 0.977505
vt 0.395833 0.977505
vt 0.416667 0.977505
vt 0.437500 0.000000
vt 0.437500 0.977505
vt 0.437500 0.977505
vt 0.458333 0.000000
vt 0.458333 0.977505
vt 0.458333 0.977505
vt 0.479167 0.000000
vt 0.479167 0.977505
vt 0.520833 0.000000
vt 0.520833 0.977505
vt 0.520833 0.977505
vt 0.541667 0.000000
vt 0.541667 0.977505
vt 0.541667 0.977505
vt 0.562500 0.000000
vt 0.562500 0.977505
vt 0.562500 0.977505
vt 0.583333 0.977505
vt 0.583333 0.977505
vt 0.604167 0.000000
vt 0.604167 0.977505
vt 0.604167 0.977505
vt 0.625000 0.000000
vt 0.625000 0.977505
vt 0.625000 0.977505
vt 0.645833 0.000000
vt 0.645833 0.977505
vt 0.687500 0.000000
vt 0.687500 0.977505
vt 0.687500 0.977505
vt 0.708333 0.000000
vt 0.708333 0.977505
vt 0.708333 0.977505
vt 0.729167 0.000000
vt 0.729167 0.977505
vt 0.729167 0.977505
vt 0.750000 0.977505
vt 0.750000 0.977505
vt 0.770833 0.000000
vt 0.770833 0.977505
vt 0.791667 0.000000
vt 0.791667 0.977505
vt 0.791667 0.977505
vt 0.812500 0.000000
vt 0.812500 0.977505
vt 0.812500 0.977505
vt 0.854167 0.000000
vt 0.854167 0.977505
vt 0.875000 0.000000
vt 0.875000 0.977505
vt 0.854167 0.977505
vt 0.895833 0.000000
vt 0.895833 0.977505
vt 0.875000 0.977505
vt 0.916667 0.977505
vt 0.895833 0.977505
vt 0.937500 0.000000
vt 0.937500 0.977505
vt 0.916667 0.977505
vt 0.958333 0.000000
vt 0.958333 0.977505
vt 0.937500 0.977505
vt 0.979167 0.000000
vt 0.979167 0.977505
vt 0.979167 0.977505
vt 0.000000 0.977505
vt 0.145833 0.977505
vt 0.208333 0.977505
vt 0.229167 0.977505
vt 0.250000 0.977505
vt 0.270833 0.977505
vt 0.291667 0.977505
vt 0.395833 0.977505
vt 0.458333 0.977505
vt 0.479167 0.977505
vt 0.729167 0.977505
vt 0.854167 0.977505
vt 0.979167 0.977505
vt 0.416667 0.977505
vt 0.916667 0.977505
vt 0.083333 0.977505
vt 0.666667 0.977505
vt 0.770833 0.977505
vt 0.025000 0.000000
vt 0.025000 0.977505
vt 0.050000 0.000000
vt 0.050000 0.977505
vt 0.025000 0.977505
vt 0.075000 0.000000
vt 0.075000 0.977505
vt 0.050000 0.977505
vt 0.100000 0.977505
vt 0.075000 0.977505
vt 0.100000 0.977505
vt 0.150000 0.000000
vt 0.150000 0.977505
vt 0.150000 0.977505
vt 0.175000 0.000000
vt 0.175000 0.977505
vt 0.175000 0.977505
vt 0.200000 0.977505
vt 0.200000 0.977505
vt 0.225000 0.000000
vt 0.225000 0.977505
vt 0.275000 0.000000
vt 0.275000 0.977505
vt 0.275000 0.977505
vt 0.300000 0.977505
vt 0.300000 0.977505
vt 0.325000 0.000000
vt 0.325000 0.977505
vt 0.325000 0.977505
vt 0.350000 0.000000
vt 0.350000 0.977505
vt 0.400000 0.977505
vt 0.400000 0.977505
vt 0.425000 0.000000
vt 0.425000 0.977505
vt 0.425000 0.977505
vt 0.450000 0.000000
vt 0.450000 0.977505
vt 0.450000 0.977505
vt 0.475000 0.000000
vt 0.475000 0.977505
vt 0.475000 0.977505
vt 0.525000 0.000000
vt 0.525000 0.977505
vt 0.550000 0.000000
vt 0.550000 0.977505
vt 0.550000 0.977505
vt 0.575000 0.000000
vt 0.575000 0.977505
vt 0.575000 0.977505
vt 0.600000 0.977505
vt 0.600000 0.977505
vt 0.650000 0.000000
vt 0.650000 0.977505
vt 0.650000 0.977505
vt 0.675000 0.000000
vt 0.675000 0.977505
vt 0.675000 0.977505
vt 0.700000 0.977505
vt 0.700000 0.977505
vt 0.725000 0.000000
vt 0.725000 0.977505
vt 0.725000 0.977505
vt 0.775000 0.000000
vt 0.775000 0.977505
vt 0.775000 0.977505
vt 0.800000 0.977505
vt 0.800000 0.977505
vt 0.825000 0.000000
vt 0.825000 0.977505
vt 0.825000 0.977505
vt 0.850000 0.000000
vt 0.850000 0.977505
vt 0.900000 0.977505
vt 0.900000 0.977505
vt 0.925000 0.000000
vt 0.925000 0.977505
vt 0.925000 0.977505
vt 0.950000 0.000000
vt 0.950000 0.977505
vt 0.975000 0.000000
vt 0.975000 0.977505
vt 0.950000 0.977505
vt 0.975000 0.977505
vt 0.026316 0.000000
vt 0.026316 0.977505
vt 0.052632 0.977505
vt 0.026316 0.977505
vt 0.078947 0.000000
vt 0.078947 0.977505
vt 0.052632 0.977505
vt 0.105263 0.977505
vt 0.131579 0.000000
vt 0.131579 0.977505
vt 0.105263 0.977505
vt 0.157895 0.977505
vt 0.184211 0.000000
vt 0.184211 0.977505
vt 0.210526 0.977505
vt 0.236842 0.000000
vt 0.236842 0.977505
vt 0.210526 0.977505
vt 0.263158 0.977505
vt 0.236842 0.977505
vt 0.289474 0.000000
vt 0.289474 0.977505
vt 0.263158 0.977505
vt 0.315789 0.977505
vt 0.289474 0.977505
vt 0.342105 0.000000
vt 0.342105 0.977505
vt 0.368421 0.977505
vt 0.394737 0.000000
vt 0.394737 0.977505
vt 0.368421 0.977505
vt 0.421053 0.977505
vt 0.394737 0.977505
vt 0.447368 0.000000
vt 0.447368 0.977505
vt 0.421053 0.977505
vt 0.473684 0.977505
vt 0.447368 0.977505
vt 0.473684 0.977505
vt 0.526316 0.977505
vt 0.552632 0.000000
vt 0.552632 0.977505
vt 0.578947 0.977505
vt 0.552632 0.977505
vt 0.605263 0.000000
vt 0.605263 0.977505
vt 0.578947 0.977505
vt 0.631579 0.977505
vt 0.657895 0.000000
vt 0.657895 0.977505
vt 0.631579 0.977505
vt 0.684211 0.977505
vt 0.657895 0.977505
vt 0.710526 0.000000
vt 0.710526 0.977505
vt 0.684211 0.977505
vt 0.736842 0.977505
vt 0.710526 0.977505
vt 0.763158 0.000000
vt 0.763158 0.977505
vt 0.736842 0.977505
vt 0.789474 0.977505
vt 0.763158 0.977505
vt 0.789474 0.977505
vt 0.815789 0.000000
vt 0.815790 0.977505
vt 0.815789 0.977505
vt 0.842105 0.977505
vt 0.842105 0.977505
vt 0.868421 0.000000
vt 0.868421 0.977505
vt 0.868421 0.977505
vt 0.894737 0.977505
vt 0.894737 0.977505
vt 0.921053 0.000000
vt 0.921053 0.977505
vt 0.921053 0.977505
vt 0.947369 0.977505
vt 0.947368 0.977505
vt 0.973684 0.000000
vt 0.973684 0.977505
vt 0.973684 0.977505
vt 0.049020 0.977505
vt 0.068627 0.977505
vt 0.186275 0.977505
vt 0.235294 0.977505
vt 0.284314 0.977505
vt 0.333554 0.977505
vt 0.343137 0.977505
vt 0.362745 0.977505
vt 0.392157 0.977505
vt 0.470588 0.977505
vt 0.549020 0.977505
vt 0.578431 0.977505
vt 0.617647 0.977505
vt 0.705882 0.977505
vt 0.754902 0.977505
vt 0.784314 0.977505
vt 0.813725 0.977505
vt 0.823529 0.977505
vt 0.062969 0.977505
vt 0.541667 0.977505
vt 0.645833 0.977505
vt 0.791667 0.977505
vt 0.958333 0.977505
vt 0.020833 0.977505
vt 0.005624 0.977505
vt 0.025000 0.977505
vt 0.050000 0.977505
vt 0.100000 0.977505
vt 0.200000 0.977505
vt 0.225000 0.977505
vt 0.241979 0.977505
vt 0.275000 0.977505
vt 0.450000 0.977505
vt 0.850000 0.977505
vt 0.900000 0.977505
vt 0.157895 0.977505
vt 0.236842 0.977505
vt 0.289474 0.977505
vt 0.473684 0.977505
vt 0.526316 0.977505
vt 0.605263 0.977505
vt 0.973684 0.977505
vt 0.013699 0.000000
vt 0.013699 0.977505
vt 0.013699 0.977505
vt 0.027397 0.000000
vt 0.027397 0.977505
vt 0.027397 0.977505
vt 0.041096 0.000000
vt 0.041096 0.977505
vt 0.041096 0.977505
vt 0.054795 0.000000
vt 0.054795 0.977505
vt 0.054795 0.977505
vt 0.068493 0.000000
vt 0.068493 0.977505
vt 0.068493 0.977505
vt 0.082192 0.000000
vt 0.082192 0.977505
vt 0.082192 0.977505
vt 0.095890 0.000000
vt 0.095890 0.977505
vt 0.095890 0.977505
vt 0.109589 0.000000
vt 0.109589 0.977505
vt 0.109589 0.977505
vt 0.123288 0.000000
vt 0.123288 0.977505
vt 0.123288 0.977505
vt 0.136986 0.000000
vt 0.136986 0.977505
vt 0.136986 0.977505
vt 0.150685 0.000000
vt 0.150685 0.977505
vt 0.164384 0.000000
vt 0.164384 0.977505
vt 0.150685 0.977505
vt 0.178082 0.000000
vt 0.178082 0.977505
vt 0.191781 0.000000
vt 0.191781 0.977505
vt 0.205479 0.000000
vt 0.205479 0.977505
vt 0.191781 0.977505
vt 0.219178 0.000000
vt 0.219178 0.977505
vt 0.205479 0.977505
vt 0.232877 0.000000
vt 0.232877 0.977505
vt 0.219178 0.977505
vt 0.246575 0.000000
vt 0.246575 0.977505
vt 0.232877 0.977505
vt 0.260274 0.000000
vt 0.260274 0.977505
vt 0.273973 0.000000
vt 0.273973 0.977505
vt 0.260274 0.977505
vt 0.287671 0.000000
vt 0.287671 0.977505
vt 0.273973 0.977505
vt 0.301370 0.000000
vt 0.301370 0.977505
vt 0.287671 0.977505
vt 0.315068 0.000000
vt 0.315068 0.977505
vt 0.301370 0.977505
vt 0.328767 0.000000
vt 0.328767 0.977505
vt 0.315068 0.977505
vt 0.342466 0.000000
vt 0.342466 0.977505
vt 0.356164 0.000000
vt 0.356164 0.977505
vt 0.342466 0.977505
vt 0.369863 0.000000
vt 0.369863 0.977505
vt 0.356164 0.977505
vt 0.383562 0.000000
vt 0.383562 0.977505
vt 0.369863 0.977505
vt 0.397260 0.000000
vt 0.397260 0.977505
vt 0.383562 0.977505
vt 0.397260 0.977505
vt 0.410959 0.000000
vt 0.410959 0.977505
vt 0.410959 0.977505
vt 0.424658 0.000000
vt 0.424658 0.977505
vt 0.424658 0.977505
vt 0.438356 0.000000
vt 0.438356 0.977505
vt 0.438356 0.977505
vt 0.452055 0.000000
vt 0.452055 0.977505
vt 0.452055 0.977505
vt 0.465753 0.000000
vt 0.465753 0.977505
vt 0.479452 0.000000
vt 0.479452 0.977505
vt 0.493151 0.000000
vt 0.493151 0.977505
vt 0.506849 0.000000
vt 0.506849 0.977505
vt 0.520548 0.000000
vt 0.520548 0.977505
vt 0.520548 0.977505
vt 0.534247 0.000000
vt 0.534247 0.977505
vt 0.547945 0.000000
vt 0.547945 0.977505
vt 0.547945 0.977505
vt 0.561644 0.000000
vt 0.561644 0.977505
vt 0.561644 0.977505
vt 0.575342 0.000000
vt 0.575342 0.977505
vt 0.575342 0.977505
vt 0.589041 0.000000
vt 0.589041 0.977505
vt 0.589041 0.977505
vt 0.602740 0.000000
vt 0.602740 0.977505
vt 0.616438 0.000000
vt 0.616438 0.977505
vt 0.630137 0.000000
vt 0.630137 0.977505
vt 0.643836 0.000000
vt 0.643836 0.977505
vt 0.657534 0.000000
vt 0.657534 0.977505
vt 0.671233 0.000000
vt 0.671233 0.977505
vt 0.684932 0.000000
vt 0.684932 0.977505
vt 0.698630 0.000000
vt 0.698630 0.977505
vt 0.698630 0.977505
vt 0.712329 0.000000
vt 0.712329 0.977505
vt 0.726027 0.000000
vt 0.726027 0.977505
vt 0.712329 0.977505
vt 0.739726 0.000000
vt 0.739726 0.977505
vt 0.753425 0.000000
vt 0.753425 0.977505
vt 0.739726 0.977505
vt 0.767123 0.000000
vt 0.767123 0.977505
vt 0.753425 0.977505
vt 0.780822 0.000000
vt 0.780822 0.977505
vt 0.767123 0.977505
vt 0.794521 0.000000
vt 0.794521 0.977505
vt 0.780822 0.977505
vt 0.808219 0.000000
vt 0.808219 0.977505
vt 0.794521 0.977505
vt 0.821918 0.000000
vt 0.821918 0.977505
vt 0.808219 0.977505
vt 0.835616 0.000000
vt 0.835616 0.977505
vt 0.821918 0.977505
vt 0.849315 0.000000
vt 0.849315 0.977505
vt 0.835616 0.977505
vt 0.863014 0.000000
vt 0.863014 0.977505
vt 0.849315 0.977505
vt 0.876712 0.000000
vt 0.876712 0.977505
vt 0.863014 0.977505
vt 0.890411 0.000000
vt 0.890411 0.977505
vt 0.876712 0.977505
vt 0.904110 0.000000
vt 0.904110 0.977505
vt 0.890411 0.977505
vt 0.917808 0.000000
vt 0.917808 0.977505
vt 0.904110 0.977505
vt 0.931507 0.000000
vt 0.931507 0.977505
vt 0.917808 0.977505
vt 0.945205 0.000000
vt 0.945205 0.977505
vt 0.931507 0.977505
vt 0.958904 0.000000
vt 0.958904 0.977505
vt 0.945205 0.977505
vt 0.972603 0.000000
vt 0.972603 0.977505
vt 0.958904 0.977505
vt 0.972603 0.977505
vt 0.986301 0.000000
vt 0.986301 0.977505
vt 0.016667 0.000000
vt 0.016667 0.977505
vt 0.016667 0.977505
vt 0.033333 0.000000
vt 0.033333 0.977505
vt 0.033333 0.977505
vt 0.066667 0.000000
vt 0.066667 0.977505
vt 0.066667 0.977505
vt 0.116667 0.000000
vt 0.116667 0.977505
vt 0.116667 0.977505
vt 0.133333 0.000000
vt 0.133333 0.977505
vt 0.133333 0.977505
vt 0.183333 0.000000
vt 0.183333 0.977505
vt 0.183333 0.977505
vt 0.216667 0.000000
vt 0.216667 0.977505
vt 0.233333 0.000000
vt 0.233333 0.977505
vt 0.233333 0.977505
vt 0.266667 0.000000
vt 0.266667 0.977505
vt 0.283333 0.000000
vt 0.283333 0.977505
vt 0.283333 0.977505
vt 0.316667 0.000000
vt 0.316667 0.977505
vt 0.366667 0.000000
vt 0.366667 0.977505
vt 0.366667 0.977505
vt 0.383333 0.000000
vt 0.383333 0.977505
vt 0.383333 0.977505
vt 0.400000 0.977505
vt 0.433333 0.000000
vt 0.433333 0.977505
vt 0.466667 0.000000
vt 0.466667 0.977505
vt 0.466667 0.977505
vt 0.483333 0.000000
vt 0.483333 0.977505
vt 0.483333 0.977505
vt 0.516667 0.000000
vt 0.516667 0.977505
vt 0.533333 0.000000
vt 0.533333 0.977505
vt 0.566667 0.000000
vt 0.566667 0.977505
vt 0.566667 0.977505
vt 0.616667 0.000000
vt 0.616667 0.977505
vt 0.633333 0.000000
vt 0.633333 0.977505
vt 0.616667 0.977505
vt 0.683333 0.000000
vt 0.683333 0.977505
vt 0.683333 0.977505
vt 0.716667 0.000000
vt 0.716667 0.977505
vt 0.733333 0.000000
vt 0.733333 0.977505
vt 0.716667 0.977505
vt 0.733333 0.977505
vt 0.766667 0.000000
vt 0.766667 0.977505
vt 0.783333 0.000000
vt 0.783333 0.977505
vt 0.766667 0.977505
vt 0.783333 0.977505
vt 0.816667 0.000000
vt 0.816667 0.977505
vt 0.800000 0.977505
vt 0.816667 0.977505
vt 0.866667 0.000000
vt 0.866667 0.977505
vt 0.883333 0.000000
vt 0.883333 0.977505
vt 0.883333 0.977505
vt 0.933333 0.000000
vt 0.933333 0.977505
vt 0.933333 0.977505
vt 0.966667 0.000000
vt 0.966667 0.977505
vt 0.966667 0.977505
vt 0.983333 0.000000
vt 0.983333 0.977505
vt 0.983333 0.977505
vt 0.246575 0.977505
vt 0.424658 0.977505
vt 0.479452 0.977505
vt 0.643836 0.977505
vt 0.671233 0.977505
vt 0.684932 0.977505
vt 0.739726 0.977505
vt 0.753425 0.977505
vt 0.794521 0.977505
vt 0.808219 0.977505
vt 0.876712 0.977505
vt 0.931507 0.977505
vt 0.986301 0.977505
vt 0.116667 0.977505
vt 0.216667 0.977505
vt 0.266667 0.977505
vt 0.316667 0.977505
vt 0.633333 0.977505
vt 0.783333 0.977505
vt 0.054795 0.977505
vt 0.095890 0.977505
vt 0.383562 0.977505
vt 0.397260 0.977505
vt 0.493151 0.977505
vt 0.506849 0.977505
vt 0.534247 0.977505
vt 0.602740 0.977505
vt 0.767123 0.977505
vt 0.917808 0.977505
vt 0.516667 0.977505
vt 0.683333 0.977505
vt 0.866667 0.977505
vt 0.205479 0.977505
vt 0.090909 0.977505
vt 0.181818 0.977505
vt 0.090909 0.977505
vt 0.272727 0.977505
vt 0.181818 0.977505
vt 0.272727 0.977505
vt 0.363636 0.977505
vt 0.363636 0.977505
vt 0.454545 0.977505
vt 0.545455 0.977505
vt 0.454545 0.977505
vt 0.545455 0.977505
vt 0.636364 0.977505
vt 0.636364 0.977505
vt 0.727273 0.977505
vt 0.818182 0.977505
vt 0.727273 0.977505
vt 0.818182 0.977505
vt 0.909091 0.977505
vt 0.909091 0.977505
vt 0.255624 0.977505
vt 0.375469 0.977505
s 1
usemtl Material.001
f 1/1/1 2/2/2 3/3/3
f 4/4/4 5/5/5 6/6/6 7/7/7
f 8/8/8 9/9/9 10/10/10
f 11/11/11 12/12/12 13/13/13 14/14/14
f 15/15/15 16/16/16 17/17/17
f 18/18/18 19/19/19 20/20/20 21/21/21
f 22/22/22 23/23/23 24/24/24
f 25/25/25 26/26/26 27/27/27 28/28/28
f 29/29/29 30/30/29 31/31/29
f 32/32/30 33/33/30 34/34/30
f 35/35/31 36/36/31 37/37/31
f 38/38/32 39/39/32 40/40/32
f 18/18/33 25/25/33 28/28/34 19/19/34
f 4/4/35 21/21/35 20/20/36 5/5/36
f 3/3/3 6/6/6 5/5/5 1/1/1
f 27/27/27 23/23/23 22/22/22 28/28/28
f 10/10/10 12/12/12 11/11/11 8/8/8
f 15/15/15 20/20/20 19/19/19 16/16/16
f 9/9/9 24/41/24 23/42/23 10/10/10
f 2/2/2 9/9/9 8/8/8 3/3/3
f 26/43/37 13/13/37 12/12/38 27/44/38
f 24/24/24 17/17/17 16/16/16 22/22/22
f 17/17/17 2/2/2 1/1/1 15/15/15
f 14/14/39 7/7/39 6/6/40 11/11/40
f 37/37/41 39/39/41 38/38/41 35/35/41
f 31/31/42 37/37/42 36/36/42 29/29/42
f 39/39/43 33/33/43 32/32/43 40/40/43
f 33/33/44 31/31/44 30/30/44 34/34/44
f 21/21/21 36/45/45 35/46/45 18/18/18
f 40/26/46 26/26/26 25/25/25 38/47/46
f 13/13/13 32/32/47 34/34/47 14/14/14
f 29/29/48 4/4/4 7/7/7 30/30/48
f 20/20/36 15/15/49 1/1/49 5/5/36
f 6/6/40 3/3/50 8/8/50 11/11/40
f 1520/48/51 1529/49/51 1530/50/51 1559/51/51 1552/52/51 1585/53/51 1586/54/51 1575/55/51 1576/56/51 1569/57/51 1568/58/51 1693/59/51 1694/60/51 1695/61/51 1696/62/51 1697/63/51 1698/64/51 1699/65/51 1700/66/51 1701/67/51 1702/68/51 1703/69/51 1704/70/51 1614/71/51 1615/72/51 1613/73/51 1612/74/51 1834/75/51 1570/76/51 1577/77/51 1563/78/51 1587/79/51 1560/80/51 1553/81/51 1531/82/51 1519/83/51 1513/84/51 1507/85/51 1511/86/51 1500/87/51 1478/88/51 1467/89/51 1472/90/51 1464/91/51 1477/92/51 1450/93/51 1447/94/51 1445/95/51 1446/96/51 1449/97/51 1476/98/51 1461/99/51 1463/100/51 1471/101/51 1468/102/51 1607/103/51 1499/104/51 1510/105/51 1503/106/51 1517/107/51
f 1624/108/51 1621/109/51 1533/110/51 1527/111/51 1692/112/51 1709/113/51 1817/114/51 1818/115/51 1819/116/51 1820/117/51 1821/118/51 1798/119/51 1799/120/51 1801/121/51 1846/122/51 1851/123/51 1940/124/51 1909/125/51 1904/126/51 2056/127/51 1983/128/51 1982/129/51 1981/130/51 2045/131/51 2044/132/51 2043/133/51 2042/134/51 2041/135/51 2040/136/51 2091/137/51 2092/138/51 2093/139/51 2094/140/51 2096/141/51 2163/142/51 2164/143/51 2165/144/51 2105/145/51 2107/146/51 2111/147/51 2113/148/51 2150/149/51 2126/150/51 2132/151/51 2146/152/51 2145/153/51 2221/154/51 2219/155/51 2217/156/51 2215/157/51 2186/158/51 2184/159/51 2194/160/51 2188/161/51 2187/162/51 2193/163/51 2202/164/51 2203/165/51 2214/166/51 2216/167/51 2218/168/51 2220/169/51 2232/170/51 2228/171/51 2233/172/51 2235/173/51 2243/174/51 2238/175/51 2273/176/51 2250/177/51 2253/178/51 2252/179/51 2260/180/51 2258/181/51 2257/182/51 2271/183/51 2270/184/51 2264/185/51 2266/186/51 2268/187/51 2269/188/51 2/2/51 17/189/51 1458/190/51 1460/191/51 1498/192/51 1505/193/51 1523/194/51 1551/195/51 1555/196/51 1595/197/51 1581/198/51 1836/199/51 1835/200/51 1644/201/51 1637/202/51 1635/203/51 1711/204/51 1658/205/51 1654/206/51 1657/207/51 1661/208/51 1710/209/51 1634/210/51 1636/211/51 1643/212/51 1604/213/51 1580/214/51 1594/215/51 1548/216/51 1522/217/51 1504/218/51 1501/219/51 1490/220/51 1459/221/51 1457/222/51 1439/223/51 1428/224/51 1420/225/51 1412/226/51 1402/227/51 1406/228/51 1401/229/51 1396/230/51 1411/231/51 1400/232/51 1405/233/51 1403/234/51 1438/235/51 1427/236/51 1436/237/51 1497/238/51 1456/239/51 1489/240/51 1547/241/51 1521/242/51 1525/243/51 1550/244/51 1554/245/51 1556/246/51 1565/247/51 1566/248/51 1579/249/51 1620/250/51 1640/251/51 1642/252/51 1625/253/51
f 1779/254/51 1839/255/51 1841/256/51 1837/257/51 1861/258/51 1862/259/51 1857/260/51 1858/261/51 1883/262/51 1880/263/51 1876/264/51 1877/265/51 1879/266/51 1881/267/51 1882/268/51 1884/269/51 1915/270/51 1916/271/51 1917/272/51 1918/273/51 1919/274/51 1920/275/51 1890/276/51 1905/277/51 1885/278/51 1878/279/51 1874/280/51 1875/281/51 1921/282/51 1863/283/51 1848/284/51 1871/285/51 1842/286/51 2278/287/51 1775/288/51 1782/289/51 1765/290/51 1757/291/51 1763/292/51 1754/293/51 1741/294/51 1727/295/51 1725/296/51 1731/297/51 1724/298/51 1719/299/51 1721/300/51 1720/301/51 1723/302/51 1722/303/51 1730/304/51 1726/305/51 1735/306/51 1750/307/51 1753/308/51 1762/309/51 1793/310/51 1772/311/51 1777/312/51 1780/313/51
f 1785/314/51 1774/315/51 1797/316/51 1759/317/51 1756/318/51 1768/319/51 1752/320/51 1751/321/51 1767/322/51 1755/323/51 1758/324/51 1796/325/51 1773/326/51 1770/327/51 1784/328/51 2279/329/51 1843/330/51 1849/331/51 1864/332/51 1889/333/51 1901/334/51 1898/335/51 1974/336/51 1943/337/51 1952/338/51 1979/339/51 1960/340/51 1958/341/51 1970/342/51 1964/343/51 1963/344/51 1965/345/51 1962/346/51 1971/347/51 1961/348/51 1980/349/51 1945/350/51 1953/351/51 1944/352/51 2055/353/51 1903/354/51 1908/355/51 1939/356/51 1852/357/51 1847/358/51 1845/359/51 1800/360/51 1781/361/51
f 1617/362/51 1616/363/51 1562/364/51 1549/365/51
f 2010/366/51 2011/367/51 2012/368/51 2013/369/51 2015/370/51 2032/371/51 2047/372/51 2048/373/51 2049/374/51 2076/375/51 2077/376/51 2067/377/51 2308/378/51 2323/379/51 2394/380/51 2384/381/51 2509/382/51 2508/383/51 2507/384/51 2506/385/51 2505/386/51 2425/387/51 2423/388/51 2421/389/51 2420/390/51 2422/391/51 2424/392/51 2426/393/51 2486/394/51 2487/395/51 2488/396/51 2489/397/51 2491/398/51 2473/399/51 2467/400/51 2521/401/51 2533/402/51 2542/403/51 2535/404/51 2522/405/51 2466/406/51 2511/407/51 2492/408/51 2493/409/51 2494/410/51 2495/411/51 2496/412/51 2179/413/51 2151/414/51 2148/415/51 2147/416/51 2155/417/51 2154/418/51 2153/419/51 2152/420/51 2004/421/51 2003/422/51 1987/423/51 1985/424/51 1966/425/51 1955/426/51 1972/427/51 1946/428/51 2051/429/51 2052/430/51 1925/431/51 1926/432/51 1927/433/51 1928/434/51 1929/435/51 1930/436/51 1808/437/51 1931/438/51 1932/439/51 1745/440/51 1744/441/51 1743/442/51 1716/443/51 1712/444/51 1807/445/51 1674/446/51 1664/447/51 1670/448/51 1669/449/51 1653/450/51 1648/451/51 1627/452/51 1631/453/51 1638/454/51 1532/455/51 1561/456/51 1588/457/51 1830/458/51 1829/459/51 1828/460/51 1827/461/51 1705/462/51 1689/463/51 1687/464/51 1685/465/51 1684/466/51 1686/467/51 1688/468/51 1690/469/51 1738/470/51 1739/471/51 1740/472/51 1742/473/51 1805/474/51 1806/475/51 1764/476/51 1766/477/51 1783/478/51 2050/479/51 1873/480/51 1872/481/51 1924/482/51 1923/483/51 1922/484/51 2031/485/51 2030/486/51 2029/487/51 2028/488/51 2027/489/51
f 1937/490/51 1896/491/51 1900/492/51 1894/493/51 1892/494/51 1907/495/51 1887/496/51 1886/497/51 1906/498/51 1891/499/51 1893/500/51 1899/501/51 1895/502/51 2053/503/51 1941/504/51 1947/505/51 1973/506/51 1954/507/51 1967/508/51 1984/509/51 1986/510/51 1988/511/51 2002/512/51 1992/513/51 2005/514/51 1994/515/51 2001/516/51 2079/517/51 2057/518/51 2061/519/51 2059/520/51 2060/521/51 2062/522/51 2058/523/51 2276/524/51 1995/525/51 2006/526/51 1991/527/51 1993/528/51 2016/529/51 1989/530/51 2033/531/51 1968/532/51 1957/533/51 1959/534/51 1950/535/51 1948/536/51 1942/537/51
f 2066/538/51 2075/539/51 2064/540/51 2063/541/51 2065/542/51 2014/543/51 1996/544/51 1998/545/51 2000/546/51 1999/547/51 1997/548/51 2275/549/51 2293/550/51 2297/551/51 2294/552/51 2302/553/51 2298/554/51 2301/555/51 2305/556/51 2311/557/51 2313/558/51 2315/559/51 2317/560/51 2321/561/51 2350/562/51 2351/563/51 2381/564/51 2382/565/51 2374/566/51 2375/567/51 2358/568/51 2366/569/51 2433/570/51 2434/571/51 2435/572/51 2436/573/51 2437/574/51 2438/575/51 2439/576/51 2440/577/51 2441/578/51 2442/579/51 2443/580/51 2444/581/51 2397/582/51 2408/583/51 2396/584/51 2510/585/51 2363/586/51 2367/587/51 2376/588/51 2357/589/51 2383/590/51 2352/591/51 2393/592/51 2322/593/51 2309/594/51 2306/595/51 2312/596/51 2334/597/51
f 2104/598/51 2098/599/51 2099/600/51 2095/601/51 2072/602/51 2074/603/51 2069/604/51 2068/605/51 2073/606/51 2071/607/51 2070/608/51 2162/609/51 2097/610/51 2103/611/51 2101/612/51 2120/613/51 2108/614/51 2115/615/51 2116/616/51 2121/617/51 2124/618/51 2129/619/51 2139/620/51 2133/621/51 2142/622/51 2135/623/51 2137/624/51 2182/625/51 2167/626/51 2166/627/51 2173/628/51 2174/629/51 2168/630/51 2185/631/51 2136/632/51 2138/633/51 2143/634/51 2134/635/51 2144/636/51 2130/637/51 2131/638/51 2125/639/51 2149/640/51 2117/641/51 2112/642/51 2110/643/51 2106/644/51 2100/645/51
f 2360/646/51 2361/647/51 2364/648/51 2368/649/51 2355/650/51 2338/651/51 2401/652/51
f 2536/653/51 2538/654/51 2567/655/51 2568/656/51 2592/657/51 2742/658/51 2743/659/51 2744/660/51 2621/661/51 2624/662/51 2630/663/51 2631/664/51 2632/665/51 2633/666/51 2634/667/51 2635/668/51 2727/669/51 2728/670/51 2729/671/51 2730/672/51 2731/673/51 2732/674/51 2639/675/51 2659/676/51 2627/677/51 2636/678/51 2623/679/51 2625/680/51 2745/681/51 2583/682/51 2593/683/51 2569/684/51 2558/685/51 2540/686/51 2528/687/51 2532/688/51 2553/689/51 2520/690/51 2513/691/51 2490/692/51 2463/693/51 2472/694/51 2458/695/51 2485/696/51 2449/697/51 2453/698/51 2446/699/51 2445/700/51 2452/701/51 2484/702/51 2457/703/51 2471/704/51 2462/705/51 2465/706/51 2749/707/51 2512/708/51 2519/709/51 2552/710/51 2530/711/51 2543/712/51
f 2584/713/51 2574/714/51 2595/715/51 2562/716/51 2571/717/51 2554/718/51 2545/719/51 2527/720/51 2517/721/51 2524/722/51 2514/723/51 2475/724/51 2464/725/51 2460/726/51 2456/727/51 2454/728/51 2451/729/51 2448/730/51 2447/731/51 2450/732/51 2497/733/51 2455/734/51 2459/735/51 2474/736/51 2468/737/51 2750/738/51 2523/739/51 2515/740/51 2534/741/51 2541/742/51 2736/743/51 2638/744/51 2662/745/51 2637/746/51 2626/747/51 2746/748/51 2575/749/51 2579/750/51
f 2641/751/51 2640/752/51 2722/753/51 2667/754/51 2542/403/51 2533/402/51 2539/755/51 2570/756/51 2594/757/51 2735/758/51 2734/759/51 2733/760/51 2661/761/51 2660/762/51 2666/763/51 2668/764/51 2674/765/51 2721/766/51 2720/767/51 2719/768/51 2718/769/51 2726/770/51 2725/771/51 2724/772/51 2723/773/51 2616/774/51 2615/775/51 2547/776/51 2741/777/51 2499/778/51 2476/779/51 2477/780/51 2469/781/51 2548/782/51 2614/783/51 2549/784/51 2550/785/51 2617/786/51 2618/787/51 2619/788/51 2590/789/51 2576/790/51 2622/791/51 2578/792/51 2577/793/51 2582/794/51 2566/795/51 2591/796/51 2589/797/51 2537/798/51 2544/799/51 2529/800/51 2531/801/51 2525/802/51 2551/803/51 2518/804/51 2748/805/51 2470/806/51 2478/807/51 2479/808/51 2480/809/51 2481/810/51 2482/811/51 2483/812/51 2416/813/51 2419/814/51 2420/390/51 2421/389/51 2418/815/51 2417/816/51 2432/817/51 2504/818/51 2503/819/51 2502/820/51 2501/821/51 2500/822/51 2389/823/51 2388/824/51 2324/825/51 2329/826/51 2304/827/51 2288/828/51 2295/829/51 2299/830/51 2325/831/51 2331/832/51 2332/833/51 2326/834/51 2390/835/51 2391/836/51 2392/837/51 2379/838/51 2371/839/51 2359/840/51 2373/841/51 2372/842/51 2370/843/51 2349/844/51 2380/845/51 2378/846/51 2320/847/51 2316/848/51 2314/849/51 2327/850/51 2307/851/51 2310/852/51 2333/853/51 2330/854/51 2300/855/51 2296/856/51 2289/857/51 2019/858/51 2021/859/51 2023/860/51 2024/861/51 2008/862/51 2009/863/51 2010/366/51 2027/489/51 2026/864/51 2025/865/51 2022/866/51 2020/867/51 2018/868/51 1914/869/51 1913/870/51 1911/871/51 1865/872/51 2046/873/51 1789/874/51 1787/875/51 1786/876/51 1802/877/51 1728/878/51 1788/879/51 1760/880/51 1790/881/51 1791/882/51 1866/883/51 1910/884/51 1912/885/51 1868/886/51 1870/887/51 1854/888/51 1853/889/51 1856/890/51 1855/891/51 1860/892/51 1859/893/51 1840/894/51 1838/895/51 1869/896/51 1867/897/51 1776/898/51 1778/899/51 1769/900/51 1771/901/51 1792/902/51 1761/903/51 1803/904/51 1729/905/51 1804/906/51 1734/907/51 1736/908/51 1737/909/51 1679/910/51 1681/911/51 1683/912/51 1684/466/51 1685/465/51 1682/913/51 1680/914/51 1678/915/51 1826/916/51 1825/917/51 1824/918/51 1823/919/51 1822/920/51 1598/921/51 1597/922/51 1536/923/51 1605/924/51 1508/925/51 1442/926/51 1475/927/51 1469/928/51 1537/929/51 1596/930/51 1538/931/51 1539/932/51 1599/933/51 1600/934/51 1601/935/51 1583/936/51 1571/937/51 1567/938/51 1574/939/51 1573/940/51 1572/941/51 1558/942/51 1584/943/51 1582/944/51 1528/945/51 1534/946/51 1524/947/51 1516/948/51 1506/949/51 1502/950/51 1509/951/51 1606/952/51 1470/953/51 1441/954/51 1443/955/51 1444/956/51 1494/957/51 1493/958/51 1492/959/51 1429/960/51 1430/961/51 1418/962/51 1416/963/51 1419/964/51 1425/965/51 1423/966/51 1421/967/51 1453/968/51 1451/969/51 1479/970/51 1480/971/51 1608/972/51 1512/973/51 1518/974/51 1532/455/51 1638/454/51 1590/975/51 1602/976/51 1540/977/51 1481/978/51 1452/979/51 1454/980/51 1422/981/51 1424/982/51 1426/983/51 1415/984/51 1417/985/51 1431/986/51 1432/987/51 1433/988/51 1484/989/51 1486/990/51 1495/991/51 1487/992/51 1543/993/51 1545/994/51 1592/995/51 1617/362/51 1549/365/51 1526/996/51 1546/997/51 1611/998/51 1488/999/51 1455/1000/51 1496/1001/51 1435/1002/51 1437/1003/51 1434/1004/51 1408/1005/51 1409/1006/51 1410/1007/51 1392/1008/51 1393/1009/51 1394/1010/51 1395/1011/51 1397/1012/51 1398/1013/51 1399/1014/51 1413/1015/51 1414/1016/51 1440/1017/51 1458/190/51 17/189/51 24/1018/51 1404/1019/51 1407/1020/51 1491/1021/51 2281/1022/51 2280/1023/51 2292/1024/51 2287/1025/51 2291/1026/51 2286/1027/51 2303/1028/51 2285/1029/51 2386/1030/51 2385/1031/51 2284/1032/51 2338/651/51 2355/650/51 2353/1033/51 2347/1034/51 2345/1035/51 2343/1036/51 2339/1037/51 2337/1038/51 2341/1039/51 2335/1040/51 2328/1041/51 2318/1042/51 2319/1043/51 2387/1044/51 2336/1045/51 2342/1046/51 2340/1047/51 2348/1048/51 2346/1049/51 2344/1050/51 2377/1051/51 2354/1052/51 2356/1053/51 2369/1054/51 2365/1055/51 2362/1056/51 2431/1057/51 2395/1058/51 2407/1059/51 2399/1060/51 2403/1061/51 2430/1062/51 2412/1063/51 2410/1064/51 2415/1065/51 2413/1066/51 2414/1067/51 2409/1068/51 2411/1069/51 2429/1070/51 2402/1071/51 2398/1072/51 2404/1073/51 2406/1074/51 2405/1075/51 2360/646/51 2401/652/51 2400/1076/51 2428/1077/51 2427/1078/51 2498/1079/51 2747/1080/51 2600/1081/51 2601/1082/51 2602/1083/51 2603/1084/51 2604/1085/51 2605/1086/51 2606/1087/51 2607/1088/51 2608/1089/51 2609/1090/51 2610/1091/51 2611/1092/51 2613/1093/51 2740/1094/51 2658/1095/51 2654/1096/51 2642/1097/51 2649/1098/51 2673/1099/51 2688/1100/51 2686/1101/51 2717/1102/51 2716/1103/51 2715/1104/51 2714/1105/51 2712/1106/51 2711/1107/51 2703/1108/51 2700/1109/51 2698/1110/51 2699/1111/51 2702/1112/51 2701/1113/51 2706/1114/51 2705/1115/51 2704/1116/51 2709/1117/51 2708/1118/51 2683/1119/51 9/9/51 2/2/51 2269/188/51 2707/1120/51 2241/1121/51 2244/1122/51 2246/1123/51 2247/1124/51 2206/1125/51 2208/1126/51 2210/1127/51 2212/1128/51 2213/1129/51 2201/1130/51 2191/1131/51 2190/1132/51 2187/162/51 2188/161/51 2189/1133/51 2192/1134/51 2183/1135/51 2181/1136/51 2211/1137/51 2209/1138/51 2207/1139/51 2141/1140/51 2140/1141/51 2127/1142/51 2123/1143/51 2122/1144/51 2114/1145/51 2109/1146/51 2119/1147/51 2102/1148/51 2159/1149/51 2160/1150/51 2161/1151/51 2087/1152/51 2088/1153/51 2089/1154/51 2090/1155/51 2091/137/51 2040/136/51 2039/1156/51 2038/1157/51 2037/1158/51 2036/1159/51 2035/1160/51 1978/1161/51 1977/1162/51 1976/1163/51 1975/1164/51 1897/1165/51 1902/1166/51 1888/1167/51 1850/1168/51 1844/1169/51 1833/1170/51 1794/1171/51 1795/1172/51 1809/1173/51 1810/1174/51 1811/1175/51 1812/1176/51 1813/1177/51 1814/1178/51 1815/1179/51 1816/1180/51 1817/114/51 1709/113/51 1708/1181/51 1707/1182/51 1706/1183/51 1633/1184/51 1632/1185/51 1641/1186/51 1619/1187/51 1578/1188/51 1564/1189/51 1557/1190/51 1562/364/51 1616/363/51 1623/1191/51 1630/1192/51 1651/1193/51 1660/1194/51 1655/1195/51 1663/1196/51 1667/1197/51 1677/1198/51 1676/1199/51 1832/1200/51 1715/1201/51 1718/1202/51 1749/1203/51 1733/1204/51 1748/1205/51 1747/1206/51 1717/1207/51 1714/1208/51 1691/1209/51 1675/1210/51 1666/1211/51 1662/1212/51 1656/1213/51 1650/1214/51 1629/1215/51 1622/1216/51 1618/1217/51 1593/1218/51 1591/1219/51 1544/1220/51 1535/1221/51 1542/1222/51 1515/1223/51 1485/1224/51 1474/1225/51 1466/1226/51 1483/1227/51 1448/1228/51 1482/1229/51 1462/1230/51 1465/1231/51 1473/1232/51 1610/1233/51 1514/1234/51 1609/1235/51 1541/1236/51 1603/1237/51 1589/1238/51 1639/1239/51 1628/1240/51 1626/1241/51 1646/1242/51 1649/1243/51 1652/1244/51 1659/1245/51 1668/1246/51 1671/1247/51 1665/1248/51 1673/1249/51 1672/1250/51 1831/1251/51 1713/1252/51 1746/1253/51 1647/1254/51 1645/1255/51 1732/1256/51 1745/440/51 1932/439/51 1933/1257/51 1934/1258/51 1935/1259/51 1936/1260/51 1938/1261/51 2054/1262/51 1949/1263/51 1951/1264/51 1956/1265/51 1969/1266/51 2034/1267/51 1990/1268/51 2017/1269/51 2007/1270/51 2158/1271/51 2157/1272/51 2156/1273/51 2277/1274/51 2086/1275/51 2085/1276/51 2084/1277/51 2083/1278/51 2082/1279/51 2081/1280/51 2080/1281/51 2078/1282/51 2155/417/51 2147/416/51 2118/1283/51 2128/1284/51 2151/414/51 2179/413/51 2178/1285/51 2171/1286/51 2169/1287/51 2172/1288/51 2170/1289/51 2180/1290/51 2175/1291/51 2177/1292/51 2176/1293/51 2205/1294/51 2461/1295/51 2751/1296/51 2516/1297/51 2526/1298/51 2546/1299/51 2620/1300/51 2555/1301/51 2559/1302/51 2563/1303/51 2597/1304/51 2596/1305/51 2586/1306/51 2585/1307/51 2665/1308/51 2664/1309/51 2663/1310/51
f 2680/1311/51 2265/1312/51 2267/1313/51 2262/1314/51 2263/1315/51 2261/1316/51 2272/1317/51 2256/1318/51 2254/1319/51 2255/1320/51 2259/1321/51 2251/1322/51 2249/1323/51 2239/1324/51 2242/1325/51 2236/1326/51 2234/1327/51 2229/1328/51 2227/1329/51 2225/1330/51 2231/1331/51 2224/1332/51 2204/1333/51 2198/1334/51 2196/1335/51 2200/1336/51 2199/1337/51 2195/1338/51 2197/1339/51 2274/1340/51 2223/1341/51 2222/1342/51 2230/1343/51 2226/1344/51 2248/1345/51 2237/1346/51 2245/1347/51 2240/1348/51
f 2612/1349/51 2581/1350/51 2573/1351/51 2588/1352/51 2561/1353/51 2565/1354/51 2557/1355/51 2556/1356/51 2564/1357/51 2560/1358/51 2587/1359/51 2572/1360/51 2580/1361/51 2739/1362/51 2628/1363/51 2656/1364/51 2652/1365/51 2644/1366/51 2646/1367/51 2669/1368/51 2671/1369/51 2675/1370/51 2678/1371/51 2684/1372/51 2682/1373/51 2710/1374/51 2691/1375/51 2689/1376/51 2696/1377/51 2694/1378/51 2693/1379/51 2695/1380/51 2692/1381/51 2697/1382/51 2690/1383/51 2713/1384/51 2681/1385/51 2685/1386/51 2676/1387/51 2679/1388/51 2687/1389/51 2672/1390/51 2648/1391/51 2650/1392/51 2645/1393/51 2653/1394/51 2657/1395/51 2629/1396/51
f 2283/1397/51 2282/1398/51 2280/1023/51 2281/1022/51 1404/1019/51 24/1018/51 9/9/51 2683/1119/51 2677/1399/51 2670/1400/51 2647/1401/51 2643/1402/51 2651/1403/51 2655/1404/51 2737/1405/51 2738/1406/51 2598/1407/51 2599/1408/51 2600/1081/51 2747/1080/51 2428/1077/51 2400/1076/51 2385/1031/51 2386/1030/51 2290/1409/51
f 21/21/35 4/4/35 29/29/52 36/45/52
f 7/7/39 14/14/39 34/34/53 30/30/53
f 12/12/38 10/10/54 23/42/54 27/44/38
f 13/13/37 26/43/37 40/1410/55 32/32/55
f 28/28/34 22/22/56 16/16/56 19/19/34
f 25/25/33 18/18/33 35/46/57 38/47/57
f 37/37/58 31/31/58 33/33/58 39/39/58
f 75/1411/51 77/1412/51 76/1413/51
f 75/1411/51 78/1414/51 77/1412/51
f 74/1415/51 78/1414/51 75/1411/51
f 74/1415/51 79/1416/51 78/1414/51
f 73/1417/51 79/1416/51 74/1415/51
f 73/1417/51 80/1418/51 79/1416/51
f 72/1419/51 80/1418/51 73/1417/51
f 72/1419/51 81/1420/51 80/1418/51
f 71/1421/51 81/1420/51 72/1419/51
f 71/1421/51 82/1422/51 81/1420/51
f 70/1423/51 82/1422/51 71/1421/51
f 70/1423/51 83/1424/51 82/1422/51
f 69/1425/51 124/1426/51 70/1423/51
f 124/1426/51 83/1424/51 70/1423/51
f 69/1425/51 125/1427/51 124/1426/51
f 123/1428/51 83/1424/51 124/1426/51
f 69/1425/51 126/1429/51 125/1427/51
f 122/1430/51 83/1424/51 123/1428/51
f 69/1425/51 127/1431/51 126/1429/51
f 121/1432/51 83/1424/51 122/1430/51
f 121/1432/51 84/1433/51 83/1424/51
f 68/1434/51 127/1431/51 69/1425/51
f 68/1434/51 128/1435/51 127/1431/51
f 120/1436/51 84/1433/51 121/1432/51
f 68/1434/51 129/1437/51 128/1435/51
f 119/1438/51 84/1433/51 120/1436/51
f 68/1434/51 130/1439/51 129/1437/51
f 118/1440/51 84/1433/51 119/1438/51
f 118/1440/51 85/1441/51 84/1433/51
f 67/1442/51 130/1439/51 68/1434/51
f 67/1442/51 131/1443/51 130/1439/51
f 117/1444/51 85/1441/51 118/1440/51
f 67/1442/51 132/1445/51 131/1443/51
f 116/1446/51 85/1441/51 117/1444/51
f 116/1446/51 86/1447/51 85/1441/51
f 66/1448/51 132/1445/51 67/1442/51
f 66/1448/51 133/1449/51 132/1445/51
f 115/1450/51 86/1447/51 116/1446/51
f 115/1450/51 87/1451/51 86/1447/51
f 65/1452/51 133/1449/51 66/1448/51
f 65/1452/51 134/1453/51 133/1449/51
f 114/1454/51 87/1451/51 115/1450/51
f 65/1452/51 135/1455/51 134/1453/51
f 113/1456/51 87/1451/51 114/1454/51
f 113/1456/51 88/1457/51 87/1451/51
f 64/1458/51 135/1455/51 65/1452/51
f 64/1458/51 136/1459/51 135/1455/51
f 112/1460/51 88/1457/51 113/1456/51
f 63/1461/51 136/1459/51 64/1458/51
f 63/1461/51 89/1462/51 136/1459/51
f 112/1460/51 41/1463/51 88/1457/51
f 111/1464/51 41/1463/51 112/1460/51
f 63/1461/51 90/1465/51 89/1462/51
f 110/1466/51 41/1463/51 111/1464/51
f 62/1467/51 90/1465/51 63/1461/51
f 110/1466/51 42/1468/51 41/1463/51
f 62/1467/51 91/1469/51 90/1465/51
f 109/1470/51 42/1468/51 110/1466/51
f 62/1467/51 92/1471/51 91/1469/51
f 61/1472/51 92/1471/51 62/1467/51
f 108/1473/51 42/1468/51 109/1470/51
f 108/1473/51 43/1474/51 42/1468/51
f 61/1472/51 93/1475/51 92/1471/51
f 107/1476/51 43/1474/51 108/1473/51
f 60/1477/51 93/1475/51 61/1472/51
f 107/1476/51 44/1478/51 43/1474/51
f 60/1477/51 94/1479/51 93/1475/51
f 106/1480/51 44/1478/51 107/1476/51
f 60/1477/51 95/1481/51 94/1479/51
f 105/1482/51 44/1478/51 106/1480/51
f 59/1483/51 95/1481/51 60/1477/51
f 105/1482/51 45/1484/51 44/1478/51
f 59/1483/51 96/1485/51 95/1481/51
f 104/1486/51 45/1484/51 105/1482/51
f 59/1483/51 97/1487/51 96/1485/51
f 103/1488/51 45/1484/51 104/1486/51
f 59/1483/51 98/1489/51 97/1487/51
f 102/1490/51 45/1484/51 103/1488/51
f 58/1491/51 98/1489/51 59/1483/51
f 102/1490/51 46/1492/51 45/1484/51
f 58/1491/51 99/1493/51 98/1489/51
f 101/1494/51 46/1492/51 102/1490/51
f 58/1491/51 100/1495/51 99/1493/51
f 100/1495/51 46/1492/51 101/1494/51
f 58/1491/51 46/1492/51 100/1495/51
f 57/1496/51 46/1492/51 58/1491/51
f 57/1496/51 47/1497/51 46/1492/51
f 56/1498/51 47/1497/51 57/1496/51
f 56/1498/51 48/1499/51 47/1497/51
f 55/1500/51 48/1499/51 56/1498/51
f 55/1500/51 49/1501/51 48/1499/51
f 54/1502/51 49/1501/51 55/1500/51
f 54/1502/51 50/1503/51 49/1501/51
f 53/1504/51 50/1503/51 54/1502/51
f 53/1504/51 51/1505/51 50/1503/51
f 52/1506/51 51/1505/51 53/1504/51
f 137/1463/51 139/1507/51 138/1508/51
f 137/1463/51 140/1459/51 139/1507/51
f 189/1509/51 191/1510/51 190/1511/51
f 189/1509/51 192/1459/51 191/1510/51
f 163/1512/51 165/1513/51 164/1514/51
f 163/1512/51 166/1515/51 165/1513/51
f 162/1516/51 166/1515/51 163/1512/51
f 162/1516/51 167/1517/51 166/1515/51
f 161/1518/51 167/1517/51 162/1516/51
f 161/1518/51 168/1519/51 167/1517/51
f 160/1520/51 168/1519/51 161/1518/51
f 160/1520/51 169/1521/51 168/1519/51
f 159/1522/51 169/1521/51 160/1520/51
f 159/1522/51 170/1523/51 169/1521/51
f 158/1508/51 170/1523/51 159/1522/51
f 158/1508/51 171/1524/51 170/1523/51
f 157/1525/51 171/1524/51 158/1508/51
f 157/1525/51 172/1526/51 171/1524/51
f 156/1527/51 172/1526/51 157/1525/51
f 156/1527/51 173/1528/51 172/1526/51
f 155/1529/51 173/1528/51 156/1527/51
f 155/1529/51 174/1530/51 173/1528/51
f 154/1531/51 174/1530/51 155/1529/51
f 154/1531/51 175/1507/51 174/1530/51
f 153/1532/51 175/1507/51 154/1531/51
f 153/1532/51 176/1533/51 175/1507/51
f 152/1534/51 176/1533/51 153/1532/51
f 151/1535/51 176/1533/51 152/1534/51
f 151/1535/51 177/1536/51 176/1533/51
f 150/1537/51 177/1536/51 151/1535/51
f 150/1537/51 178/1538/51 177/1536/51
f 149/1539/51 178/1538/51 150/1537/51
f 149/1539/51 179/1540/51 178/1538/51
f 148/1541/51 179/1540/51 149/1539/51
f 148/1541/51 180/1542/51 179/1540/51
f 147/1543/51 180/1542/51 148/1541/51
f 147/1543/51 181/1544/51 180/1542/51
f 146/1545/51 181/1544/51 147/1543/51
f 146/1545/51 182/1546/51 181/1544/51
f 145/1547/51 182/1546/51 146/1545/51
f 145/1547/51 183/1548/51 182/1546/51
f 144/1549/51 183/1548/51 145/1547/51
f 144/1549/51 184/1550/51 183/1548/51
f 143/1551/51 184/1550/51 144/1549/51
f 143/1551/51 185/1552/51 184/1550/51
f 142/1553/51 185/1552/51 143/1551/51
f 142/1553/51 186/1554/51 185/1552/51
f 141/1463/51 186/1554/51 142/1553/51
f 141/1463/51 187/1555/51 186/1554/51
f 188/1556/51 187/1555/51 141/1463/51
f 196/1557/51 198/1558/51 197/1416/51
f 196/1557/51 199/1489/51 198/1558/51
f 199/1489/51 201/1444/51 200/1559/51
f 199/1489/51 202/1560/51 201/1444/51
f 196/1557/51 194/1561/51 199/1489/51
f 194/1561/51 202/1560/51 199/1489/51
f 194/1561/51 203/1459/51 202/1560/51
f 196/1557/51 195/1477/51 194/1561/51
f 193/1463/51 203/1459/51 194/1561/51
f 204/1463/51 206/1507/51 205/1508/51
f 204/1463/51 207/1459/51 206/1507/51
f 254/1562/51 256/1563/51 255/1564/51
f 253/1565/51 256/1563/51 254/1562/51
f 253/1565/51 257/1566/51 256/1563/51
f 252/1508/51 257/1566/51 253/1565/51
f 252/1508/51 258/1567/51 257/1566/51
f 251/1568/51 258/1567/51 252/1508/51
f 251/1568/51 259/1569/51 258/1567/51
f 250/1570/51 259/1569/51 251/1568/51
f 250/1570/51 260/1571/51 259/1569/51
f 249/1572/51 260/1571/51 250/1570/51
f 249/1572/51 261/1573/51 260/1571/51
f 248/1574/51 261/1573/51 249/1572/51
f 248/1574/51 262/1575/51 261/1573/51
f 247/1576/51 317/1577/51 248/1574/51
f 317/1577/51 316/1578/51 248/1574/51
f 316/1578/51 262/1575/51 248/1574/51
f 315/1579/51 262/1575/51 316/1578/51
f 247/1576/51 318/1580/51 317/1577/51
f 314/1581/51 262/1575/51 315/1579/51
f 314/1581/51 263/1582/51 262/1575/51
f 247/1576/51 319/1583/51 318/1580/51
f 313/1584/51 263/1582/51 314/1581/51
f 247/1576/51 320/1585/51 319/1583/51
f 312/1586/51 263/1582/51 313/1584/51
f 246/1587/51 320/1585/51 247/1576/51
f 246/1587/51 321/1588/51 320/1585/51
f 311/1589/51 263/1582/51 312/1586/51
f 246/1587/51 322/1590/51 321/1588/51
f 310/1591/51 263/1582/51 311/1589/51
f 310/1591/51 264/1592/51 263/1582/51
f 246/1587/51 323/1593/51 322/1590/51
f 245/1594/51 323/1593/51 246/1587/51
f 309/1595/51 264/1592/51 310/1591/51
f 245/1594/51 324/1596/51 323/1593/51
f 308/1597/51 264/1592/51 309/1595/51
f 245/1594/51 325/1598/51 324/1596/51
f 308/1597/51 265/1599/51 264/1592/51
f 244/1600/51 325/1598/51 245/1594/51
f 307/1601/51 265/1599/51 308/1597/51
f 244/1600/51 326/1602/51 325/1598/51
f 306/1603/51 265/1599/51 307/1601/51
f 244/1600/51 327/1604/51 326/1602/51
f 243/1605/51 327/1604/51 244/1600/51
f 306/1603/51 266/1606/51 265/1599/51
f 305/1607/51 266/1606/51 306/1603/51
f 243/1605/51 328/1608/51 327/1604/51
f 304/1609/51 266/1606/51 305/1607/51
f 243/1605/51 329/1610/51 328/1608/51
f 242/1611/51 329/1610/51 243/1605/51
f 304/1609/51 267/1612/51 266/1606/51
f 242/1611/51 330/1613/51 329/1610/51
f 303/1614/51 267/1612/51 304/1609/51
f 302/1615/51 267/1612/51 303/1614/51
f 301/1616/51 267/1612/51 302/1615/51
f 300/1617/51 267/1612/51 301/1616/51
f 241/1618/51 330/1613/51 242/1611/51
f 241/1618/51 331/1619/51 330/1613/51
f 299/1620/51 267/1612/51 300/1617/51
f 298/1621/51 267/1612/51 299/1620/51
f 297/1622/51 267/1612/51 298/1621/51
f 241/1618/51 332/1623/51 331/1619/51
f 296/1507/51 267/1612/51 297/1622/51
f 296/1507/51 268/1624/51 267/1612/51
f 295/1625/51 268/1624/51 296/1507/51
f 294/1626/51 268/1624/51 295/1625/51
f 241/1618/51 333/1627/51 332/1623/51
f 240/1628/51 333/1627/51 241/1618/51
f 293/1629/51 268/1624/51 294/1626/51
f 292/1630/51 268/1624/51 293/1629/51
f 240/1628/51 334/1631/51 333/1627/51
f 291/1632/51 268/1624/51 292/1630/51
f 240/1628/51 335/1633/51 334/1631/51
f 290/1634/51 268/1624/51 291/1632/51
f 239/1635/51 335/1633/51 240/1628/51
f 289/1636/51 268/1624/51 290/1634/51
f 239/1635/51 336/1637/51 335/1633/51
f 288/1638/51 268/1624/51 289/1636/51
f 288/1638/51 269/1639/51 268/1624/51
f 287/1640/51 269/1639/51 288/1638/51
f 239/1635/51 337/1641/51 336/1637/51
f 286/1642/51 269/1639/51 287/1640/51
f 285/1643/51 269/1639/51 286/1642/51
f 239/1635/51 338/1644/51 337/1641/51
f 284/1645/51 269/1639/51 285/1643/51
f 238/1646/51 338/1644/51 239/1635/51
f 238/1646/51 339/1647/51 338/1644/51
f 283/1648/51 269/1639/51 284/1645/51
f 282/1649/51 269/1639/51 283/1648/51
f 238/1646/51 340/1459/51 339/1647/51
f 281/1650/51 269/1639/51 282/1649/51
f 340/1459/51 269/1639/51 281/1650/51
f 238/1646/51 269/1639/51 340/1459/51
f 237/1651/51 269/1639/51 238/1646/51
f 237/1651/51 270/1652/51 269/1639/51
f 236/1653/51 270/1652/51 237/1651/51
f 235/1654/51 219/1655/51 236/1653/51
f 219/1655/51 270/1652/51 236/1653/51
f 235/1654/51 220/1656/51 219/1655/51
f 218/1657/51 270/1652/51 219/1655/51
f 234/1658/51 220/1656/51 235/1654/51
f 218/1657/51 271/1659/51 270/1652/51
f 234/1658/51 221/1660/51 220/1656/51
f 234/1658/51 222/1661/51 221/1660/51
f 234/1658/51 223/1662/51 222/1661/51
f 233/1663/51 223/1662/51 234/1658/51
f 233/1663/51 224/1664/51 223/1662/51
f 233/1663/51 225/1665/51 224/1664/51
f 233/1663/51 226/1666/51 225/1665/51
f 217/1667/51 271/1659/51 218/1657/51
f 232/1668/51 226/1666/51 233/1663/51
f 232/1668/51 227/1669/51 226/1666/51
f 232/1668/51 228/1670/51 227/1669/51
f 232/1668/51 229/1671/51 228/1670/51
f 231/1672/51 229/1671/51 232/1668/51
f 231/1672/51 230/1673/51 229/1671/51
f 216/1674/51 271/1659/51 217/1667/51
f 216/1674/51 272/1675/51 271/1659/51
f 215/1676/51 272/1675/51 216/1674/51
f 215/1676/51 273/1677/51 272/1675/51
f 214/1678/51 273/1677/51 215/1676/51
f 213/1679/51 273/1677/51 214/1678/51
f 213/1679/51 274/1558/51 273/1677/51
f 212/1680/51 274/1558/51 213/1679/51
f 211/1681/51 274/1558/51 212/1680/51
f 211/1681/51 275/1682/51 274/1558/51
f 210/1683/51 275/1682/51 211/1681/51
f 209/1684/51 275/1682/51 210/1683/51
f 209/1684/51 276/1685/51 275/1682/51
f 208/1463/51 276/1685/51 209/1684/51
f 280/1686/51 276/1685/51 208/1463/51
f 280/1686/51 277/1687/51 276/1685/51
f 279/1688/51 277/1687/51 280/1686/51
f 279/1688/51 278/1689/51 277/1687/51
f 387/1562/51 389/1563/51 388/1564/51
f 386/1565/51 389/1563/51 387/1562/51
f 386/1565/51 390/1566/51 389/1563/51
f 385/1508/51 390/1566/51 386/1565/51
f 385/1508/51 391/1567/51 390/1566/51
f 384/1568/51 391/1567/51 385/1508/51
f 384/1568/51 392/1569/51 391/1567/51
f 383/1570/51 392/1569/51 384/1568/51
f 383/1570/51 393/1571/51 392/1569/51
f 382/1572/51 393/1571/51 383/1570/51
f 382/1572/51 394/1573/51 393/1571/51
f 381/1574/51 394/1573/51 382/1572/51
f 381/1574/51 395/1575/51 394/1573/51
f 380/1576/51 450/1577/51 381/1574/51
f 450/1577/51 449/1578/51 381/1574/51
f 449/1578/51 395/1575/51 381/1574/51
f 448/1579/51 395/1575/51 449/1578/51
f 380/1576/51 451/1580/51 450/1577/51
f 447/1581/51 395/1575/51 448/1579/51
f 447/1581/51 396/1582/51 395/1575/51
f 380/1576/51 452/1583/51 451/1580/51
f 446/1584/51 396/1582/51 447/1581/51
f 380/1576/51 453/1585/51 452/1583/51
f 445/1586/51 396/1582/51 446/1584/51
f 379/1587/51 453/1585/51 380/1576/51
f 379/1587/51 454/1588/51 453/1585/51
f 444/1589/51 396/1582/51 445/1586/51
f 379/1587/51 455/1590/51 454/1588/51
f 443/1591/51 396/1582/51 444/1589/51
f 443/1591/51 397/1592/51 396/1582/51
f 379/1587/51 456/1593/51 455/1590/51
f 378/1594/51 456/1593/51 379/1587/51
f 442/1595/51 397/1592/51 443/1591/51
f 378/1594/51 457/1596/51 456/1593/51
f 441/1597/51 397/1592/51 442/1595/51
f 378/1594/51 458/1598/51 457/1596/51
f 441/1597/51 398/1599/51 397/1592/51
f 377/1600/51 458/1598/51 378/1594/51
f 440/1601/51 398/1599/51 441/1597/51
f 377/1600/51 459/1602/51 458/1598/51
f 439/1603/51 398/1599/51 440/1601/51
f 377/1600/51 460/1604/51 459/1602/51
f 376/1605/51 460/1604/51 377/1600/51
f 439/1603/51 399/1606/51 398/1599/51
f 438/1607/51 399/1606/51 439/1603/51
f 376/1605/51 461/1608/51 460/1604/51
f 437/1609/51 399/1606/51 438/1607/51
f 376/1605/51 462/1610/51 461/1608/51
f 375/1611/51 462/1610/51 376/1605/51
f 437/1609/51 400/1612/51 399/1606/51
f 375/1611/51 463/1613/51 462/1610/51
f 436/1614/51 400/1612/51 437/1609/51
f 435/1615/51 400/1612/51 436/1614/51
f 434/1616/51 400/1612/51 435/1615/51
f 433/1617/51 400/1612/51 434/1616/51
f 374/1618/51 463/1613/51 375/1611/51
f 374/1618/51 464/1619/51 463/1613/51
f 432/1620/51 400/1612/51 433/1617/51
f 431/1621/51 400/1612/51 432/1620/51
f 430/1622/51 400/1612/51 431/1621/51
f 374/1618/51 465/1623/51 464/1619/51
f 429/1507/51 400/1612/51 430/1622/51
f 429/1507/51 401/1624/51 400/1612/51
f 428/1625/51 401/1624/51 429/1507/51
f 427/1626/51 401/1624/51 428/1625/51
f 374/1618/51 466/1627/51 465/1623/51
f 373/1628/51 466/1627/51 374/1618/51
f 426/1629/51 401/1624/51 427/1626/51
f 425/1630/51 401/1624/51 426/1629/51
f 373/1628/51 467/1631/51 466/1627/51
f 424/1632/51 401/1624/51 425/1630/51
f 373/1628/51 468/1633/51 467/1631/51
f 423/1634/51 401/1624/51 424/1632/51
f 372/1635/51 468/1633/51 373/1628/51
f 422/1636/51 401/1624/51 423/1634/51
f 372/1635/51 469/1637/51 468/1633/51
f 421/1638/51 401/1624/51 422/1636/51
f 421/1638/51 402/1639/51 401/1624/51
f 420/1640/51 402/1639/51 421/1638/51
f 372/1635/51 470/1641/51 469/1637/51
f 419/1642/51 402/1639/51 420/1640/51
f 418/1643/51 402/1639/51 419/1642/51
f 372/1635/51 471/1644/51 470/1641/51
f 417/1645/51 402/1639/51 418/1643/51
f 371/1646/51 471/1644/51 372/1635/51
f 371/1646/51 472/1647/51 471/1644/51
f 416/1648/51 402/1639/51 417/1645/51
f 415/1649/51 402/1639/51 416/1648/51
f 371/1646/51 473/1459/51 472/1647/51
f 414/1650/51 402/1639/51 415/1649/51
f 473/1459/51 402/1639/51 414/1650/51
f 371/1646/51 402/1639/51 473/1459/51
f 370/1651/51 402/1639/51 371/1646/51
f 370/1651/51 403/1652/51 402/1639/51
f 369/1653/51 403/1652/51 370/1651/51
f 368/1654/51 352/1655/51 369/1653/51
f 352/1655/51 403/1652/51 369/1653/51
f 368/1654/51 353/1656/51 352/1655/51
f 351/1657/51 403/1652/51 352/1655/51
f 367/1658/51 353/1656/51 368/1654/51
f 351/1657/51 404/1659/51 403/1652/51
f 367/1658/51 354/1660/51 353/1656/51
f 367/1658/51 355/1661/51 354/1660/51
f 367/1658/51 356/1662/51 355/1661/51
f 366/1663/51 356/1662/51 367/1658/51
f 366/1663/51 357/1664/51 356/1662/51
f 366/1663/51 358/1665/51 357/1664/51
f 366/1663/51 359/1666/51 358/1665/51
f 350/1667/51 404/1659/51 351/1657/51
f 365/1668/51 359/1666/51 366/1663/51
f 365/1668/51 360/1669/51 359/1666/51
f 365/1668/51 361/1670/51 360/1669/51
f 365/1668/51 362/1671/51 361/1670/51
f 364/1672/51 362/1671/51 365/1668/51
f 364/1672/51 363/1673/51 362/1671/51
f 349/1674/51 404/1659/51 350/1667/51
f 349/1674/51 405/1675/51 404/1659/51
f 348/1676/51 405/1675/51 349/1674/51
f 348/1676/51 406/1677/51 405/1675/51
f 347/1678/51 406/1677/51 348/1676/51
f 346/1679/51 406/1677/51 347/1678/51
f 346/1679/51 407/1558/51 406/1677/51
f 345/1680/51 407/1558/51 346/1679/51
f 344/1681/51 407/1558/51 345/1680/51
f 344/1681/51 408/1682/51 407/1558/51
f 343/1683/51 408/1682/51 344/1681/51
f 342/1684/51 408/1682/51 343/1683/51
f 342/1684/51 409/1685/51 408/1682/51
f 341/1463/51 409/1685/51 342/1684/51
f 413/1686/51 409/1685/51 341/1463/51
f 413/1686/51 410/1687/51 409/1685/51
f 412/1688/51 410/1687/51 413/1686/51
f 412/1688/51 411/1689/51 410/1687/51
f 520/1562/51 522/1563/51 521/1564/51
f 519/1565/51 522/1563/51 520/1562/51
f 519/1565/51 523/1566/51 522/1563/51
f 518/1508/51 523/1566/51 519/1565/51
f 518/1508/51 524/1567/51 523/1566/51
f 517/1568/51 524/1567/51 518/1508/51
f 517/1568/51 525/1569/51 524/1567/51
f 516/1570/51 525/1569/51 517/1568/51
f 516/1570/51 526/1571/51 525/1569/51
f 515/1572/51 526/1571/51 516/1570/51
f 515/1572/51 527/1573/51 526/1571/51
f 514/1574/51 527/1573/51 515/1572/51
f 514/1574/51 528/1575/51 527/1573/51
f 513/1576/51 583/1577/51 514/1574/51
f 583/1577/51 582/1578/51 514/1574/51
f 582/1578/51 528/1575/51 514/1574/51
f 581/1579/51 528/1575/51 582/1578/51
f 513/1576/51 584/1580/51 583/1577/51
f 580/1581/51 528/1575/51 581/1579/51
f 580/1581/51 529/1582/51 528/1575/51
f 513/1576/51 585/1583/51 584/1580/51
f 579/1584/51 529/1582/51 580/1581/51
f 513/1576/51 586/1585/51 585/1583/51
f 578/1586/51 529/1582/51 579/1584/51
f 512/1587/51 586/1585/51 513/1576/51
f 512/1587/51 587/1588/51 586/1585/51
f 577/1589/51 529/1582/51 578/1586/51
f 512/1587/51 588/1590/51 587/1588/51
f 576/1591/51 529/1582/51 577/1589/51
f 576/1591/51 530/1592/51 529/1582/51
f 512/1587/51 589/1593/51 588/1590/51
f 511/1594/51 589/1593/51 512/1587/51
f 575/1595/51 530/1592/51 576/1591/51
f 511/1594/51 590/1596/51 589/1593/51
f 574/1597/51 530/1592/51 575/1595/51
f 511/1594/51 591/1598/51 590/1596/51
f 574/1597/51 531/1599/51 530/1592/51
f 510/1600/51 591/1598/51 511/1594/51
f 573/1601/51 531/1599/51 574/1597/51
f 510/1600/51 592/1602/51 591/1598/51
f 572/1603/51 531/1599/51 573/1601/51
f 510/1600/51 593/1604/51 592/1602/51
f 509/1605/51 593/1604/51 510/1600/51
f 572/1603/51 532/1606/51 531/1599/51
f 571/1607/51 532/1606/51 572/1603/51
f 509/1605/51 594/1608/51 593/1604/51
f 570/1609/51 532/1606/51 571/1607/51
f 509/1605/51 595/1610/51 594/1608/51
f 508/1611/51 595/1610/51 509/1605/51
f 570/1609/51 533/1612/51 532/1606/51
f 508/1611/51 596/1613/51 595/1610/51
f 569/1614/51 533/1612/51 570/1609/51
f 568/1615/51 533/1612/51 569/1614/51
f 567/1616/51 533/1612/51 568/1615/51
f 566/1617/51 533/1612/51 567/1616/51
f 507/1618/51 596/1613/51 508/1611/51
f 507/1618/51 597/1619/51 596/1613/51
f 565/1620/51 533/1612/51 566/1617/51
f 564/1621/51 533/1612/51 565/1620/51
f 563/1622/51 533/1612/51 564/1621/51
f 507/1618/51 598/1623/51 597/1619/51
f 562/1507/51 533/1612/51 563/1622/51
f 562/1507/51 534/1624/51 533/1612/51
f 561/1625/51 534/1624/51 562/1507/51
f 560/1626/51 534/1624/51 561/1625/51
f 507/1618/51 599/1627/51 598/1623/51
f 506/1628/51 599/1627/51 507/1618/51
f 559/1629/51 534/1624/51 560/1626/51
f 558/1630/51 534/1624/51 559/1629/51
f 506/1628/51 600/1631/51 599/1627/51
f 557/1632/51 534/1624/51 558/1630/51
f 506/1628/51 601/1633/51 600/1631/51
f 556/1634/51 534/1624/51 557/1632/51
f 505/1635/51 601/1633/51 506/1628/51
f 555/1636/51 534/1624/51 556/1634/51
f 505/1635/51 602/1637/51 601/1633/51
f 554/1638/51 534/1624/51 555/1636/51
f 554/1638/51 535/1639/51 534/1624/51
f 553/1640/51 535/1639/51 554/1638/51
f 505/1635/51 603/1641/51 602/1637/51
f 552/1642/51 535/1639/51 553/1640/51
f 551/1643/51 535/1639/51 552/1642/51
f 505/1635/51 604/1644/51 603/1641/51
f 550/1645/51 535/1639/51 551/1643/51
f 504/1646/51 604/1644/51 505/1635/51
f 504/1646/51 605/1647/51 604/1644/51
f 549/1648/51 535/1639/51 550/1645/51
f 548/1649/51 535/1639/51 549/1648/51
f 504/1646/51 606/1459/51 605/1647/51
f 547/1650/51 535/1639/51 548/1649/51
f 606/1459/51 535/1639/51 547/1650/51
f 504/1646/51 535/1639/51 606/1459/51
f 503/1651/51 535/1639/51 504/1646/51
f 503/1651/51 536/1652/51 535/1639/51
f 502/1653/51 536/1652/51 503/1651/51
f 501/1654/51 485/1655/51 502/1653/51
f 485/1655/51 536/1652/51 502/1653/51
f 501/1654/51 486/1656/51 485/1655/51
f 484/1657/51 536/1652/51 485/1655/51
f 500/1658/51 486/1656/51 501/1654/51
f 484/1657/51 537/1659/51 536/1652/51
f 500/1658/51 487/1660/51 486/1656/51
f 500/1658/51 488/1661/51 487/1660/51
f 500/1658/51 489/1662/51 488/1661/51
f 499/1663/51 489/1662/51 500/1658/51
f 499/1663/51 490/1664/51 489/1662/51
f 499/1663/51 491/1665/51 490/1664/51
f 499/1663/51 492/1666/51 491/1665/51
f 483/1667/51 537/1659/51 484/1657/51
f 498/1668/51 492/1666/51 499/1663/51
f 498/1668/51 493/1669/51 492/1666/51
f 498/1668/51 494/1670/51 493/1669/51
f 498/1668/51 495/1671/51 494/1670/51
f 497/1672/51 495/1671/51 498/1668/51
f 497/1672/51 496/1673/51 495/1671/51
f 482/1674/51 537/1659/51 483/1667/51
f 482/1674/51 538/1675/51 537/1659/51
f 481/1676/51 538/1675/51 482/1674/51
f 481/1676/51 539/1677/51 538/1675/51
f 480/1678/51 539/1677/51 481/1676/51
f 479/1679/51 539/1677/51 480/1678/51
f 479/1679/51 540/1558/51 539/1677/51
f 478/1680/51 540/1558/51 479/1679/51
f 477/1681/51 540/1558/51 478/1680/51
f 477/1681/51 541/1682/51 540/1558/51
f 476/1683/51 541/1682/51 477/1681/51
f 475/1684/51 541/1682/51 476/1683/51
f 475/1684/51 542/1685/51 541/1682/51
f 474/1463/51 542/1685/51 475/1684/51
f 546/1686/51 542/1685/51 474/1463/51
f 546/1686/51 543/1687/51 542/1685/51
f 545/1688/51 543/1687/51 546/1686/51
f 545/1688/51 544/1689/51 543/1687/51
f 653/1562/51 655/1563/51 654/1564/51
f 652/1565/51 655/1563/51 653/1562/51
f 652/1565/51 656/1566/51 655/1563/51
f 651/1508/51 656/1566/51 652/1565/51
f 651/1508/51 657/1567/51 656/1566/51
f 650/1568/51 657/1567/51 651/1508/51
f 650/1568/51 658/1569/51 657/1567/51
f 649/1570/51 658/1569/51 650/1568/51
f 649/1570/51 659/1571/51 658/1569/51
f 648/1572/51 659/1571/51 649/1570/51
f 648/1572/51 660/1573/51 659/1571/51
f 647/1574/51 660/1573/51 648/1572/51
f 647/1574/51 661/1575/51 660/1573/51
f 646/1576/51 716/1577/51 647/1574/51
f 716/1577/51 715/1578/51 647/1574/51
f 715/1578/51 661/1575/51 647/1574/51
f 714/1579/51 661/1575/51 715/1578/51
f 646/1576/51 717/1580/51 716/1577/51
f 713/1581/51 661/1575/51 714/1579/51
f 713/1581/51 662/1582/51 661/1575/51
f 646/1576/51 718/1583/51 717/1580/51
f 712/1584/51 662/1582/51 713/1581/51
f 646/1576/51 719/1585/51 718/1583/51
f 711/1586/51 662/1582/51 712/1584/51
f 645/1587/51 719/1585/51 646/1576/51
f 645/1587/51 720/1588/51 719/1585/51
f 710/1589/51 662/1582/51 711/1586/51
f 645/1587/51 721/1590/51 720/1588/51
f 709/1591/51 662/1582/51 710/1589/51
f 709/1591/51 663/1592/51 662/1582/51
f 645/1587/51 722/1593/51 721/1590/51
f 644/1594/51 722/1593/51 645/1587/51
f 708/1595/51 663/1592/51 709/1591/51
f 644/1594/51 723/1596/51 722/1593/51
f 707/1597/51 663/1592/51 708/1595/51
f 644/1594/51 724/1598/51 723/1596/51
f 707/1597/51 664/1599/51 663/1592/51
f 643/1600/51 724/1598/51 644/1594/51
f 706/1601/51 664/1599/51 707/1597/51
f 643/1600/51 725/1602/51 724/1598/51
f 705/1603/51 664/1599/51 706/1601/51
f 643/1600/51 726/1604/51 725/1602/51
f 642/1605/51 726/1604/51 643/1600/51
f 705/1603/51 665/1606/51 664/1599/51
f 704/1607/51 665/1606/51 705/1603/51
f 642/1605/51 727/1608/51 726/1604/51
f 703/1609/51 665/1606/51 704/1607/51
f 642/1605/51 728/1610/51 727/1608/51
f 641/1611/51 728/1610/51 642/1605/51
f 703/1609/51 666/1612/51 665/1606/51
f 641/1611/51 729/1613/51 728/1610/51
f 702/1614/51 666/1612/51 703/1609/51
f 701/1615/51 666/1612/51 702/1614/51
f 700/1616/51 666/1612/51 701/1615/51
f 699/1617/51 666/1612/51 700/1616/51
f 640/1618/51 729/1613/51 641/1611/51
f 640/1618/51 730/1619/51 729/1613/51
f 698/1620/51 666/1612/51 699/1617/51
f 697/1621/51 666/1612/51 698/1620/51
f 696/1622/51 666/1612/51 697/1621/51
f 640/1618/51 731/1623/51 730/1619/51
f 695/1507/51 666/1612/51 696/1622/51
f 695/1507/51 667/1624/51 666/1612/51
f 694/1625/51 667/1624/51 695/1507/51
f 693/1626/51 667/1624/51 694/1625/51
f 640/1618/51 732/1627/51 731/1623/51
f 639/1628/51 732/1627/51 640/1618/51
f 692/1629/51 667/1624/51 693/1626/51
f 691/1630/51 667/1624/51 692/1629/51
f 639/1628/51 733/1631/51 732/1627/51
f 690/1632/51 667/1624/51 691/1630/51
f 639/1628/51 734/1633/51 733/1631/51
f 689/1634/51 667/1624/51 690/1632/51
f 638/1635/51 734/1633/51 639/1628/51
f 688/1636/51 667/1624/51 689/1634/51
f 638/1635/51 735/1637/51 734/1633/51
f 687/1638/51 667/1624/51 688/1636/51
f 687/1638/51 668/1639/51 667/1624/51
f 686/1640/51 668/1639/51 687/1638/51
f 638/1635/51 736/1641/51 735/1637/51
f 685/1642/51 668/1639/51 686/1640/51
f 684/1643/51 668/1639/51 685/1642/51
f 638/1635/51 737/1644/51 736/1641/51
f 683/1645/51 668/1639/51 684/1643/51
f 637/1646/51 737/1644/51 638/1635/51
f 637/1646/51 738/1647/51 737/1644/51
f 682/1648/51 668/1639/51 683/1645/51
f 681/1649/51 668/1639/51 682/1648/51
f 637/1646/51 739/1459/51 738/1647/51
f 680/1650/51 668/1639/51 681/1649/51
f 739/1459/51 668/1639/51 680/1650/51
f 637/1646/51 668/1639/51 739/1459/51
f 636/1651/51 668/1639/51 637/1646/51
f 636/1651/51 669/1652/51 668/1639/51
f 635/1653/51 669/1652/51 636/1651/51
f 634/1654/51 618/1655/51 635/1653/51
f 618/1655/51 669/1652/51 635/1653/51
f 634/1654/51 619/1656/51 618/1655/51
f 617/1657/51 669/1652/51 618/1655/51
f 633/1658/51 619/1656/51 634/1654/51
f 617/1657/51 670/1659/51 669/1652/51
f 633/1658/51 620/1660/51 619/1656/51
f 633/1658/51 621/1661/51 620/1660/51
f 633/1658/51 622/1662/51 621/1661/51
f 632/1663/51 622/1662/51 633/1658/51
f 632/1663/51 623/1664/51 622/1662/51
f 632/1663/51 624/1665/51 623/1664/51
f 632/1663/51 625/1666/51 624/1665/51
f 616/1667/51 670/1659/51 617/1657/51
f 631/1668/51 625/1666/51 632/1663/51
f 631/1668/51 626/1669/51 625/1666/51
f 631/1668/51 627/1670/51 626/1669/51
f 631/1668/51 628/1671/51 627/1670/51
f 630/1672/51 628/1671/51 631/1668/51
f 630/1672/51 629/1673/51 628/1671/51
f 615/1674/51 670/1659/51 616/1667/51
f 615/1674/51 671/1675/51 670/1659/51
f 614/1676/51 671/1675/51 615/1674/51
f 614/1676/51 672/1677/51 671/1675/51
f 613/1678/51 672/1677/51 614/1676/51
f 612/1679/51 672/1677/51 613/1678/51
f 612/1679/51 673/1558/51 672/1677/51
f 611/1680/51 673/1558/51 612/1679/51
f 610/1681/51 673/1558/51 611/1680/51
f 610/1681/51 674/1682/51 673/1558/51
f 609/1683/51 674/1682/51 610/1681/51
f 608/1684/51 674/1682/51 609/1683/51
f 608/1684/51 675/1685/51 674/1682/51
f 607/1463/51 675/1685/51 608/1684/51
f 679/1686/51 675/1685/51 607/1463/51
f 679/1686/51 676/1687/51 675/1685/51
f 678/1688/51 676/1687/51 679/1686/51
f 678/1688/51 677/1689/51 676/1687/51
f 776/1690/51 778/1691/51 777/1692/51
f 776/1690/51 779/1693/51 778/1691/51
f 763/1694/51 765/1695/51 764/1696/51
f 763/1694/51 766/1697/51 765/1695/51
f 763/1694/51 767/1698/51 766/1697/51
f 763/1694/51 768/1563/51 767/1698/51
f 763/1694/51 769/1699/51 768/1563/51
f 762/1700/51 769/1699/51 763/1694/51
f 762/1700/51 770/1701/51 769/1699/51
f 762/1700/51 771/1702/51 770/1701/51
f 762/1700/51 772/1703/51 771/1702/51
f 761/1600/51 772/1703/51 762/1700/51
f 761/1600/51 773/1704/51 772/1703/51
f 761/1600/51 774/1705/51 773/1704/51
f 761/1600/51 775/1624/51 774/1705/51
f 761/1600/51 776/1690/51 775/1624/51
f 760/1706/51 776/1690/51 761/1600/51
f 760/1706/51 782/1686/51 776/1690/51
f 782/1686/51 781/1707/51 776/1690/51
f 781/1707/51 780/1708/51 776/1690/51
f 780/1708/51 817/1459/51 776/1690/51
f 817/1459/51 779/1693/51 776/1690/51
f 759/1709/51 785/1710/51 760/1706/51
f 785/1710/51 784/1711/51 760/1706/51
f 784/1711/51 783/1712/51 760/1706/51
f 783/1712/51 782/1686/51 760/1706/51
f 758/1713/51 788/1714/51 759/1709/51
f 788/1714/51 787/1715/51 759/1709/51
f 787/1715/51 786/1716/51 759/1709/51
f 786/1716/51 785/1710/51 759/1709/51
f 757/1717/51 791/1718/51 758/1713/51
f 791/1718/51 790/1719/51 758/1713/51
f 790/1719/51 789/1630/51 758/1713/51
f 789/1630/51 788/1714/51 758/1713/51
f 757/1717/51 792/1720/51 791/1718/51
f 757/1717/51 793/1721/51 792/1720/51
f 756/1722/51 793/1721/51 757/1717/51
f 756/1722/51 794/1723/51 793/1721/51
f 756/1722/51 795/1724/51 794/1723/51
f 816/1725/51 779/1693/51 817/1459/51
f 756/1722/51 796/1609/51 795/1724/51
f 755/1726/51 796/1609/51 756/1722/51
f 755/1726/51 797/1727/51 796/1609/51
f 755/1726/51 798/1728/51 797/1727/51
f 754/1668/51 798/1728/51 755/1726/51
f 754/1668/51 799/1729/51 798/1728/51
f 754/1668/51 800/1730/51 799/1729/51
f 753/1731/51 800/1730/51 754/1668/51
f 753/1731/51 801/1732/51 800/1730/51
f 752/1733/51 801/1732/51 753/1731/51
f 752/1733/51 802/1734/51 801/1732/51
f 752/1733/51 803/1578/51 802/1734/51
f 751/1735/51 803/1578/51 752/1733/51
f 751/1735/51 804/1736/51 803/1578/51
f 751/1735/51 805/1737/51 804/1736/51
f 750/1738/51 805/1737/51 751/1735/51
f 750/1738/51 806/1739/51 805/1737/51
f 749/1740/51 806/1739/51 750/1738/51
f 749/1740/51 807/1741/51 806/1739/51
f 749/1740/51 808/1742/51 807/1741/51
f 748/1743/51 808/1742/51 749/1740/51
f 748/1743/51 809/1744/51 808/1742/51
f 748/1743/51 810/1608/51 809/1744/51
f 747/1656/51 810/1608/51 748/1743/51
f 747/1656/51 811/1745/51 810/1608/51
f 747/1656/51 812/1746/51 811/1745/51
f 747/1656/51 813/1747/51 812/1746/51
f 746/1748/51 813/1747/51 747/1656/51
f 746/1748/51 814/1749/51 813/1747/51
f 746/1748/51 815/1750/51 814/1749/51
f 746/1748/51 816/1725/51 815/1750/51
f 746/1748/51 779/1693/51 816/1725/51
f 745/1751/51 779/1693/51 746/1748/51
f 744/1752/51 779/1693/51 745/1751/51
f 743/1753/51 779/1693/51 744/1752/51
f 742/1754/51 779/1693/51 743/1753/51
f 741/1755/51 779/1693/51 742/1754/51
f 740/1463/51 779/1693/51 741/1755/51
f 818/1463/51 820/1507/51 819/1508/51
f 818/1463/51 821/1459/51 820/1507/51
f 856/1411/51 858/1412/51 857/1413/51
f 856/1411/51 859/1414/51 858/1412/51
f 855/1415/51 859/1414/51 856/1411/51
f 855/1415/51 860/1416/51 859/1414/51
f 854/1417/51 860/1416/51 855/1415/51
f 854/1417/51 861/1418/51 860/1416/51
f 853/1419/51 861/1418/51 854/1417/51
f 853/1419/51 862/1420/51 861/1418/51
f 852/1421/51 862/1420/51 853/1419/51
f 852/1421/51 863/1422/51 862/1420/51
f 851/1423/51 863/1422/51 852/1421/51
f 851/1423/51 864/1424/51 863/1422/51
f 850/1425/51 905/1426/51 851/1423/51
f 905/1426/51 864/1424/51 851/1423/51
f 850/1425/51 906/1427/51 905/1426/51
f 904/1428/51 864/1424/51 905/1426/51
f 850/1425/51 907/1429/51 906/1427/51
f 903/1430/51 864/1424/51 904/1428/51
f 850/1425/51 908/1431/51 907/1429/51
f 902/1432/51 864/1424/51 903/1430/51
f 902/1432/51 865/1433/51 864/1424/51
f 849/1434/51 908/1431/51 850/1425/51
f 849/1434/51 909/1435/51 908/1431/51
f 901/1436/51 865/1433/51 902/1432/51
f 849/1434/51 910/1437/51 909/1435/51
f 900/1438/51 865/1433/51 901/1436/51
f 849/1434/51 911/1439/51 910/1437/51
f 899/1440/51 865/1433/51 900/1438/51
f 899/1440/51 866/1441/51 865/1433/51
f 848/1442/51 911/1439/51 849/1434/51
f 848/1442/51 912/1443/51 911/1439/51
f 898/1444/51 866/1441/51 899/1440/51
f 848/1442/51 913/1445/51 912/1443/51
f 897/1446/51 866/1441/51 898/1444/51
f 897/1446/51 867/1447/51 866/1441/51
f 847/1448/51 913/1445/51 848/1442/51
f 847/1448/51 914/1449/51 913/1445/51
f 896/1450/51 867/1447/51 897/1446/51
f 896/1450/51 868/1451/51 867/1447/51
f 846/1452/51 914/1449/51 847/1448/51
f 846/1452/51 915/1453/51 914/1449/51
f 895/1454/51 868/1451/51 896/1450/51
f 846/1452/51 916/1455/51 915/1453/51
f 894/1456/51 868/1451/51 895/1454/51
f 894/1456/51 869/1457/51 868/1451/51
f 845/1458/51 916/1455/51 846/1452/51
f 845/1458/51 917/1459/51 916/1455/51
f 893/1460/51 869/1457/51 894/1456/51
f 844/1461/51 917/1459/51 845/1458/51
f 844/1461/51 870/1462/51 917/1459/51
f 893/1460/51 822/1463/51 869/1457/51
f 892/1464/51 822/1463/51 893/1460/51
f 844/1461/51 871/1465/51 870/1462/51
f 891/1466/51 822/1463/51 892/1464/51
f 843/1467/51 871/1465/51 844/1461/51
f 891/1466/51 823/1468/51 822/1463/51
f 843/1467/51 872/1469/51 871/1465/51
f 890/1470/51 823/1468/51 891/1466/51
f 843/1467/51 873/1471/51 872/1469/51
f 842/1472/51 873/1471/51 843/1467/51
f 889/1473/51 823/1468/51 890/1470/51
f 889/1473/51 824/1474/51 823/1468/51
f 842/1472/51 874/1475/51 873/1471/51
f 888/1476/51 824/1474/51 889/1473/51
f 841/1477/51 874/1475/51 842/1472/51
f 888/1476/51 825/1478/51 824/1474/51
f 841/1477/51 875/1479/51 874/1475/51
f 887/1480/51 825/1478/51 888/1476/51
f 841/1477/51 876/1481/51 875/1479/51
f 886/1482/51 825/1478/51 887/1480/51
f 840/1483/51 876/1481/51 841/1477/51
f 886/1482/51 826/1484/51 825/1478/51
f 840/1483/51 877/1485/51 876/1481/51
f 885/1486/51 826/1484/51 886/1482/51
f 840/1483/51 878/1487/51 877/1485/51
f 884/1488/51 826/1484/51 885/1486/51
f 840/1483/51 879/1489/51 878/1487/51
f 883/1490/51 826/1484/51 884/1488/51
f 839/1491/51 879/1489/51 840/1483/51
f 883/1490/51 827/1492/51 826/1484/51
f 839/1491/51 880/1493/51 879/1489/51
f 882/1494/51 827/1492/51 883/1490/51
f 839/1491/51 881/1495/51 880/1493/51
f 881/1495/51 827/1492/51 882/1494/51
f 839/1491/51 827/1492/51 881/1495/51
f 838/1496/51 827/1492/51 839/1491/51
f 838/1496/51 828/1497/51 827/1492/51
f 837/1498/51 828/1497/51 838/1496/51
f 837/1498/51 829/1499/51 828/1497/51
f 836/1500/51 829/1499/51 837/1498/51
f 836/1500/51 830/1501/51 829/1499/51
f 835/1502/51 830/1501/51 836/1500/51
f 835/1502/51 831/1503/51 830/1501/51
f 834/1504/51 831/1503/51 835/1502/51
f 834/1504/51 832/1505/51 831/1503/51
f 833/1506/51 832/1505/51 834/1504/51
f 952/1756/51 954/1757/51 953/1758/51
f 952/1756/51 955/1759/51 954/1757/51
f 952/1756/51 956/1760/51 955/1759/51
f 952/1756/51 957/1761/51 956/1760/51
f 951/1762/51 957/1761/51 952/1756/51
f 951/1762/51 958/1763/51 957/1761/51
f 951/1762/51 959/1764/51 958/1763/51
f 951/1762/51 960/1765/51 959/1764/51
f 950/1766/51 960/1765/51 951/1762/51
f 950/1766/51 961/1767/51 960/1765/51
f 950/1766/51 962/1768/51 961/1767/51
f 949/1769/51 962/1768/51 950/1766/51
f 949/1769/51 963/1770/51 962/1768/51
f 949/1769/51 964/1771/51 963/1770/51
f 948/1772/51 964/1771/51 949/1769/51
f 948/1772/51 965/1773/51 964/1771/51
f 948/1772/51 976/1774/51 965/1773/51
f 976/1774/51 975/1775/51 965/1773/51
f 975/1775/51 974/1776/51 965/1773/51
f 974/1776/51 973/1777/51 965/1773/51
f 973/1777/51 972/1778/51 965/1773/51
f 972/1778/51 971/1779/51 965/1773/51
f 971/1779/51 970/1780/51 965/1773/51
f 970/1780/51 969/1781/51 965/1773/51
f 969/1781/51 968/1782/51 965/1773/51
f 968/1782/51 967/1783/51 965/1773/51
f 967/1783/51 966/1784/51 965/1773/51
f 947/1785/51 978/1786/51 948/1772/51
f 978/1786/51 977/1787/51 948/1772/51
f 977/1787/51 976/1774/51 948/1772/51
f 947/1785/51 979/1788/51 978/1786/51
f 947/1785/51 980/1789/51 979/1788/51
f 947/1785/51 981/1790/51 980/1789/51
f 946/1791/51 981/1790/51 947/1785/51
f 946/1791/51 982/1792/51 981/1790/51
f 946/1791/51 983/1793/51 982/1792/51
f 945/1794/51 983/1793/51 946/1791/51
f 945/1794/51 984/1795/51 983/1793/51
f 945/1794/51 985/1796/51 984/1795/51
f 944/1797/51 985/1796/51 945/1794/51
f 944/1797/51 986/1798/51 985/1796/51
f 943/1799/51 986/1798/51 944/1797/51
f 943/1799/51 987/1800/51 986/1798/51
f 943/1799/51 988/1801/51 987/1800/51
f 942/1802/51 988/1801/51 943/1799/51
f 942/1802/51 989/1803/51 988/1801/51
f 941/1804/51 989/1803/51 942/1802/51
f 941/1804/51 990/1805/51 989/1803/51
f 941/1804/51 991/1806/51 990/1805/51
f 940/1807/51 991/1806/51 941/1804/51
f 1016/1808/51 1018/1809/51 1017/1810/51
f 1016/1808/51 1015/1811/51 1018/1809/51
f 1015/1811/51 1019/1459/51 1018/1809/51
f 940/1807/51 992/1812/51 991/1806/51
f 939/1813/51 992/1812/51 940/1807/51
f 939/1813/51 993/1814/51 992/1812/51
f 1014/1815/51 1019/1459/51 1015/1811/51
f 938/1816/51 993/1814/51 939/1813/51
f 938/1816/51 994/1817/51 993/1814/51
f 938/1816/51 995/1818/51 994/1817/51
f 937/1819/51 995/1818/51 938/1816/51
f 937/1819/51 996/1820/51 995/1818/51
f 936/1821/51 996/1820/51 937/1819/51
f 936/1821/51 997/1822/51 996/1820/51
f 936/1821/51 998/1823/51 997/1822/51
f 935/1824/51 998/1823/51 936/1821/51
f 935/1824/51 999/1825/51 998/1823/51
f 1013/1826/51 1019/1459/51 1014/1815/51
f 1012/1827/51 1019/1459/51 1013/1826/51
f 1011/1828/51 1019/1459/51 1012/1827/51
f 935/1824/51 1000/1829/51 999/1825/51
f 1010/1830/51 1019/1459/51 1011/1828/51
f 1009/1831/51 1019/1459/51 1010/1830/51
f 1008/1832/51 1019/1459/51 1009/1831/51
f 935/1824/51 1001/1833/51 1000/1829/51
f 934/1834/51 1001/1833/51 935/1824/51
f 1007/1835/51 1019/1459/51 1008/1832/51
f 1006/1836/51 1019/1459/51 1007/1835/51
f 1005/1837/51 1019/1459/51 1006/1836/51
f 934/1834/51 1002/1838/51 1001/1833/51
f 1004/1839/51 1019/1459/51 1005/1837/51
f 1003/1840/51 1019/1459/51 1004/1839/51
f 1002/1838/51 1019/1459/51 1003/1840/51
f 934/1834/51 1019/1459/51 1002/1838/51
f 933/1841/51 1019/1459/51 934/1834/51
f 933/1841/51 918/1463/51 1019/1459/51
f 933/1841/51 919/1842/51 918/1463/51
f 932/1843/51 919/1842/51 933/1841/51
f 932/1843/51 920/1844/51 919/1842/51
f 932/1843/51 921/1845/51 920/1844/51
f 931/1846/51 921/1845/51 932/1843/51
f 931/1846/51 922/1847/51 921/1845/51
f 931/1846/51 923/1848/51 922/1847/51
f 931/1846/51 924/1849/51 923/1848/51
f 930/1850/51 924/1849/51 931/1846/51
f 930/1850/51 925/1851/51 924/1849/51
f 930/1850/51 926/1852/51 925/1851/51
f 930/1850/51 927/1853/51 926/1852/51
f 929/1854/51 927/1853/51 930/1850/51
f 929/1854/51 928/1855/51 927/1853/51
f 1056/1690/51 1058/1691/51 1057/1692/51
f 1056/1690/51 1059/1693/51 1058/1691/51
f 1043/1694/51 1045/1695/51 1044/1696/51
f 1043/1694/51 1046/1697/51 1045/1695/51
f 1043/1694/51 1047/1698/51 1046/1697/51
f 1043/1694/51 1048/1563/51 1047/1698/51
f 1043/1694/51 1049/1699/51 1048/1563/51
f 1042/1700/51 1049/1699/51 1043/1694/51
f 1042/1700/51 1050/1701/51 1049/1699/51
f 1042/1700/51 1051/1702/51 1050/1701/51
f 1042/1700/51 1052/1703/51 1051/1702/51
f 1041/1600/51 1052/1703/51 1042/1700/51
f 1041/1600/51 1053/1704/51 1052/1703/51
f 1041/1600/51 1054/1705/51 1053/1704/51
f 1041/1600/51 1055/1624/51 1054/1705/51
f 1041/1600/51 1056/1690/51 1055/1624/51
f 1040/1706/51 1056/1690/51 1041/1600/51
f 1040/1706/51 1062/1686/51 1056/1690/51
f 1062/1686/51 1061/1707/51 1056/1690/51
f 1061/1707/51 1060/1708/51 1056/1690/51
f 1060/1708/51 1097/1459/51 1056/1690/51
f 1097/1459/51 1059/1693/51 1056/1690/51
f 1039/1709/51 1065/1710/51 1040/1706/51
f 1065/1710/51 1064/1711/51 1040/1706/51
f 1064/1711/51 1063/1712/51 1040/1706/51
f 1063/1712/51 1062/1686/51 1040/1706/51
f 1038/1713/51 1068/1714/51 1039/1709/51
f 1068/1714/51 1067/1715/51 1039/1709/51
f 1067/1715/51 1066/1716/51 1039/1709/51
f 1066/1716/51 1065/1710/51 1039/1709/51
f 1037/1717/51 1071/1718/51 1038/1713/51
f 1071/1718/51 1070/1719/51 1038/1713/51
f 1070/1719/51 1069/1630/51 1038/1713/51
f 1069/1630/51 1068/1714/51 1038/1713/51
f 1037/1717/51 1072/1720/51 1071/1718/51
f 1037/1717/51 1073/1721/51 1072/1720/51
f 1036/1722/51 1073/1721/51 1037/1717/51
f 1036/1722/51 1074/1723/51 1073/1721/51
f 1036/1722/51 1075/1724/51 1074/1723/51
f 1096/1725/51 1059/1693/51 1097/1459/51
f 1036/1722/51 1076/1609/51 1075/1724/51
f 1035/1726/51 1076/1609/51 1036/1722/51
f 1035/1726/51 1077/1727/51 1076/1609/51
f 1035/1726/51 1078/1728/51 1077/1727/51
f 1034/1668/51 1078/1728/51 1035/1726/51
f 1034/1668/51 1079/1729/51 1078/1728/51
f 1034/1668/51 1080/1730/51 1079/1729/51
f 1033/1731/51 1080/1730/51 1034/1668/51
f 1033/1731/51 1081/1732/51 1080/1730/51
f 1032/1733/51 1081/1732/51 1033/1731/51
f 1032/1733/51 1082/1734/51 1081/1732/51
f 1032/1733/51 1083/1578/51 1082/1734/51
f 1031/1735/51 1083/1578/51 1032/1733/51
f 1031/1735/51 1084/1736/51 1083/1578/51
f 1031/1735/51 1085/1737/51 1084/1736/51
f 1030/1738/51 1085/1737/51 1031/1735/51
f 1030/1738/51 1086/1739/51 1085/1737/51
f 1029/1740/51 1086/1739/51 1030/1738/51
f 1029/1740/51 1087/1741/51 1086/1739/51
f 1029/1740/51 1088/1742/51 1087/1741/51
f 1028/1743/51 1088/1742/51 1029/1740/51
f 1028/1743/51 1089/1744/51 1088/1742/51
f 1028/1743/51 1090/1608/51 1089/1744/51
f 1027/1656/51 1090/1608/51 1028/1743/51
f 1027/1656/51 1091/1745/51 1090/1608/51
f 1027/1656/51 1092/1746/51 1091/1745/51
f 1027/1656/51 1093/1747/51 1092/1746/51
f 1026/1748/51 1093/1747/51 1027/1656/51
f 1026/1748/51 1094/1749/51 1093/1747/51
f 1026/1748/51 1095/1750/51 1094/1749/51
f 1026/1748/51 1096/1725/51 1095/1750/51
f 1026/1748/51 1059/1693/51 1096/1725/51
f 1025/1751/51 1059/1693/51 1026/1748/51
f 1024/1752/51 1059/1693/51 1025/1751/51
f 1023/1753/51 1059/1693/51 1024/1752/51
f 1022/1754/51 1059/1693/51 1023/1753/51
f 1021/1755/51 1059/1693/51 1022/1754/51
f 1020/1463/51 1059/1693/51 1021/1755/51
f 1132/1411/51 1134/1412/51 1133/1413/51
f 1132/1411/51 1135/1414/51 1134/1412/51
f 1131/1415/51 1135/1414/51 1132/1411/51
f 1131/1415/51 1136/1416/51 1135/1414/51
f 1130/1417/51 1136/1416/51 1131/1415/51
f 1130/1417/51 1137/1418/51 1136/1416/51
f 1129/1419/51 1137/1418/51 1130/1417/51
f 1129/1419/51 1138/1420/51 1137/1418/51
f 1128/1421/51 1138/1420/51 1129/1419/51
f 1128/1421/51 1139/1422/51 1138/1420/51
f 1127/1423/51 1139/1422/51 1128/1421/51
f 1127/1423/51 1140/1424/51 1139/1422/51
f 1126/1425/51 1181/1426/51 1127/1423/51
f 1181/1426/51 1140/1424/51 1127/1423/51
f 1126/1425/51 1182/1427/51 1181/1426/51
f 1180/1428/51 1140/1424/51 1181/1426/51
f 1126/1425/51 1183/1429/51 1182/1427/51
f 1179/1430/51 1140/1424/51 1180/1428/51
f 1126/1425/51 1184/1431/51 1183/1429/51
f 1178/1432/51 1140/1424/51 1179/1430/51
f 1178/1432/51 1141/1433/51 1140/1424/51
f 1125/1434/51 1184/1431/51 1126/1425/51
f 1125/1434/51 1185/1435/51 1184/1431/51
f 1177/1436/51 1141/1433/51 1178/1432/51
f 1125/1434/51 1186/1437/51 1185/1435/51
f 1176/1438/51 1141/1433/51 1177/1436/51
f 1125/1434/51 1187/1439/51 1186/1437/51
f 1175/1440/51 1141/1433/51 1176/1438/51
f 1175/1440/51 1142/1441/51 1141/1433/51
f 1124/1442/51 1187/1439/51 1125/1434/51
f 1124/1442/51 1188/1443/51 1187/1439/51
f 1174/1444/51 1142/1441/51 1175/1440/51
f 1124/1442/51 1189/1445/51 1188/1443/51
f 1173/1446/51 1142/1441/51 1174/1444/51
f 1173/1446/51 1143/1447/51 1142/1441/51
f 1123/1448/51 1189/1445/51 1124/1442/51
f 1123/1448/51 1190/1449/51 1189/1445/51
f 1172/1450/51 1143/1447/51 1173/1446/51
f 1172/1450/51 1144/1451/51 1143/1447/51
f 1122/1452/51 1190/1449/51 1123/1448/51
f 1122/1452/51 1191/1453/51 1190/1449/51
f 1171/1454/51 1144/1451/51 1172/1450/51
f 1122/1452/51 1192/1455/51 1191/1453/51
f 1170/1456/51 1144/1451/51 1171/1454/51
f 1170/1456/51 1145/1457/51 1144/1451/51
f 1121/1458/51 1192/1455/51 1122/1452/51
f 1121/1458/51 1193/1459/51 1192/1455/51
f 1169/1460/51 1145/1457/51 1170/1456/51
f 1120/1461/51 1193/1459/51 1121/1458/51
f 1120/1461/51 1146/1462/51 1193/1459/51
f 1169/1460/51 1098/1463/51 1145/1457/51
f 1168/1464/51 1098/1463/51 1169/1460/51
f 1120/1461/51 1147/1465/51 1146/1462/51
f 1167/1466/51 1098/1463/51 1168/1464/51
f 1119/1467/51 1147/1465/51 1120/1461/51
f 1167/1466/51 1099/1468/51 1098/1463/51
f 1119/1467/51 1148/1469/51 1147/1465/51
f 1166/1470/51 1099/1468/51 1167/1466/51
f 1119/1467/51 1149/1471/51 1148/1469/51
f 1118/1472/51 1149/1471/51 1119/1467/51
f 1165/1473/51 1099/1468/51 1166/1470/51
f 1165/1473/51 1100/1474/51 1099/1468/51
f 1118/1472/51 1150/1475/51 1149/1471/51
f 1164/1476/51 1100/1474/51 1165/1473/51
f 1117/1477/51 1150/1475/51 1118/1472/51
f 1164/1476/51 1101/1478/51 1100/1474/51
f 1117/1477/51 1151/1479/51 1150/1475/51
f 1163/1480/51 1101/1478/51 1164/1476/51
f 1117/1477/51 1152/1481/51 1151/1479/51
f 1162/1482/51 1101/1478/51 1163/1480/51
f 1116/1483/51 1152/1481/51 1117/1477/51
f 1162/1482/51 1102/1484/51 1101/1478/51
f 1116/1483/51 1153/1485/51 1152/1481/51
f 1161/1486/51 1102/1484/51 1162/1482/51
f 1116/1483/51 1154/1487/51 1153/1485/51
f 1160/1488/51 1102/1484/51 1161/1486/51
f 1116/1483/51 1155/1489/51 1154/1487/51
f 1159/1490/51 1102/1484/51 1160/1488/51
f 1115/1491/51 1155/1489/51 1116/1483/51
f 1159/1490/51 1103/1492/51 1102/1484/51
f 1115/1491/51 1156/1493/51 1155/1489/51
f 1158/1494/51 1103/1492/51 1159/1490/51
f 1115/1491/51 1157/1495/51 1156/1493/51
f 1157/1495/51 1103/1492/51 1158/1494/51
f 1115/1491/51 1103/1492/51 1157/1495/51
f 1114/1496/51 1103/1492/51 1115/1491/51
f 1114/1496/51 1104/1497/51 1103/1492/51
f 1113/1498/51 1104/1497/51 1114/1496/51
f 1113/1498/51 1105/1499/51 1104/1497/51
f 1112/1500/51 1105/1499/51 1113/1498/51
f 1112/1500/51 1106/1501/51 1105/1499/51
f 1111/1502/51 1106/1501/51 1112/1500/51
f 1111/1502/51 1107/1503/51 1106/1501/51
f 1110/1504/51 1107/1503/51 1111/1502/51
f 1110/1504/51 1108/1505/51 1107/1503/51
f 1109/1506/51 1108/1505/51 1110/1504/51
f 1228/1411/51 1230/1412/51 1229/1413/51
f 1228/1411/51 1231/1414/51 1230/1412/51
f 1227/1415/51 1231/1414/51 1228/1411/51
f 1227/1415/51 1232/1416/51 1231/1414/51
f 1226/1417/51 1232/1416/51 1227/1415/51
f 1226/1417/51 1233/1418/51 1232/1416/51
f 1225/1419/51 1233/1418/51 1226/1417/51
f 1225/1419/51 1234/1420/51 1233/1418/51
f 1224/1421/51 1234/1420/51 1225/1419/51
f 1224/1421/51 1235/1422/51 1234/1420/51
f 1223/1423/51 1235/1422/51 1224/1421/51
f 1223/1423/51 1236/1424/51 1235/1422/51
f 1222/1425/51 1277/1426/51 1223/1423/51
f 1277/1426/51 1236/1424/51 1223/1423/51
f 1222/1425/51 1278/1427/51 1277/1426/51
f 1276/1428/51 1236/1424/51 1277/1426/51
f 1222/1425/51 1279/1429/51 1278/1427/51
f 1275/1430/51 1236/1424/51 1276/1428/51
f 1222/1425/51 1280/1431/51 1279/1429/51
f 1274/1432/51 1236/1424/51 1275/1430/51
f 1274/1432/51 1237/1433/51 1236/1424/51
f 1221/1434/51 1280/1431/51 1222/1425/51
f 1221/1434/51 1281/1435/51 1280/1431/51
f 1273/1436/51 1237/1433/51 1274/1432/51
f 1221/1434/51 1282/1437/51 1281/1435/51
f 1272/1438/51 1237/1433/51 1273/1436/51
f 1221/1434/51 1283/1439/51 1282/1437/51
f 1271/1440/51 1237/1433/51 1272/1438/51
f 1271/1440/51 1238/1441/51 1237/1433/51
f 1220/1442/51 1283/1439/51 1221/1434/51
f 1220/1442/51 1284/1443/51 1283/1439/51
f 1270/1444/51 1238/1441/51 1271/1440/51
f 1220/1442/51 1285/1445/51 1284/1443/51
f 1269/1446/51 1238/1441/51 1270/1444/51
f 1269/1446/51 1239/1447/51 1238/1441/51
f 1219/1448/51 1285/1445/51 1220/1442/51
f 1219/1448/51 1286/1449/51 1285/1445/51
f 1268/1450/51 1239/1447/51 1269/1446/51
f 1268/1450/51 1240/1451/51 1239/1447/51
f 1218/1452/51 1286/1449/51 1219/1448/51
f 1218/1452/51 1287/1453/51 1286/1449/51
f 1267/1454/51 1240/1451/51 1268/1450/51
f 1218/1452/51 1288/1455/51 1287/1453/51
f 1266/1456/51 1240/1451/51 1267/1454/51
f 1266/1456/51 1241/1457/51 1240/1451/51
f 1217/1458/51 1288/1455/51 1218/1452/51
f 1217/1458/51 1289/1459/51 1288/1455/51
f 1265/1460/51 1241/1457/51 1266/1456/51
f 1216/1461/51 1289/1459/51 1217/1458/51
f 1216/1461/51 1242/1462/51 1289/1459/51
f 1265/1460/51 1194/1463/51 1241/1457/51
f 1264/1464/51 1194/1463/51 1265/1460/51
f 1216/1461/51 1243/1465/51 1242/1462/51
f 1263/1466/51 1194/1463/51 1264/1464/51
f 1215/1467/51 1243/1465/51 1216/1461/51
f 1263/1466/51 1195/1468/51 1194/1463/51
f 1215/1467/51 1244/1469/51 1243/1465/51
f 1262/1470/51 1195/1468/51 1263/1466/51
f 1215/1467/51 1245/1471/51 1244/1469/51
f 1214/1472/51 1245/1471/51 1215/1467/51
f 1261/1473/51 1195/1468/51 1262/1470/51
f 1261/1473/51 1196/1474/51 1195/1468/51
f 1214/1472/51 1246/1475/51 1245/1471/51
f 1260/1476/51 1196/1474/51 1261/1473/51
f 1213/1477/51 1246/1475/51 1214/1472/51
f 1260/1476/51 1197/1478/51 1196/1474/51
f 1213/1477/51 1247/1479/51 1246/1475/51
f 1259/1480/51 1197/1478/51 1260/1476/51
f 1213/1477/51 1248/1481/51 1247/1479/51
f 1258/1482/51 1197/1478/51 1259/1480/51
f 1212/1483/51 1248/1481/51 1213/1477/51
f 1258/1482/51 1198/1484/51 1197/1478/51
f 1212/1483/51 1249/1485/51 1248/1481/51
f 1257/1486/51 1198/1484/51 1258/1482/51
f 1212/1483/51 1250/1487/51 1249/1485/51
f 1256/1488/51 1198/1484/51 1257/1486/51
f 1212/1483/51 1251/1489/51 1250/1487/51
f 1255/1490/51 1198/1484/51 1256/1488/51
f 1211/1491/51 1251/1489/51 1212/1483/51
f 1255/1490/51 1199/1492/51 1198/1484/51
f 1211/1491/51 1252/1493/51 1251/1489/51
f 1254/1494/51 1199/1492/51 1255/1490/51
f 1211/1491/51 1253/1495/51 1252/1493/51
f 1253/1495/51 1199/1492/51 1254/1494/51
f 1211/1491/51 1199/1492/51 1253/1495/51
f 1210/1496/51 1199/1492/51 1211/1491/51
f 1210/1496/51 1200/1497/51 1199/1492/51
f 1209/1498/51 1200/1497/51 1210/1496/51
f 1209/1498/51 1201/1499/51 1200/1497/51
f 1208/1500/51 1201/1499/51 1209/1498/51
f 1208/1500/51 1202/1501/51 1201/1499/51
f 1207/1502/51 1202/1501/51 1208/1500/51
f 1207/1502/51 1203/1503/51 1202/1501/51
f 1206/1504/51 1203/1503/51 1207/1502/51
f 1206/1504/51 1204/1505/51 1203/1503/51
f 1205/1506/51 1204/1505/51 1206/1504/51
f 1324/1756/51 1326/1757/51 1325/1758/51
f 1324/1756/51 1327/1759/51 1326/1757/51
f 1324/1756/51 1328/1760/51 1327/1759/51
f 1324/1756/51 1329/1761/51 1328/1760/51
f 1323/1762/51 1329/1761/51 1324/1756/51
f 1323/1762/51 1330/1763/51 1329/1761/51
f 1323/1762/51 1331/1764/51 1330/1763/51
f 1323/1762/51 1332/1765/51 1331/1764/51
f 1322/1766/51 1332/1765/51 1323/1762/51
f 1322/1766/51 1333/1767/51 1332/1765/51
f 1322/1766/51 1334/1768/51 1333/1767/51
f 1321/1769/51 1334/1768/51 1322/1766/51
f 1321/1769/51 1335/1770/51 1334/1768/51
f 1321/1769/51 1336/1771/51 1335/1770/51
f 1320/1772/51 1336/1771/51 1321/1769/51
f 1320/1772/51 1337/1773/51 1336/1771/51
f 1320/1772/51 1348/1774/51 1337/1773/51
f 1348/1774/51 1347/1775/51 1337/1773/51
f 1347/1775/51 1346/1776/51 1337/1773/51
f 1346/1776/51 1345/1777/51 1337/1773/51
f 1345/1777/51 1344/1778/51 1337/1773/51
f 1344/1778/51 1343/1779/51 1337/1773/51
f 1343/1779/51 1342/1780/51 1337/1773/51
f 1342/1780/51 1341/1781/51 1337/1773/51
f 1341/1781/51 1340/1782/51 1337/1773/51
f 1340/1782/51 1339/1783/51 1337/1773/51
f 1339/1783/51 1338/1784/51 1337/1773/51
f 1319/1785/51 1350/1786/51 1320/1772/51
f 1350/1786/51 1349/1787/51 1320/1772/51
f 1349/1787/51 1348/1774/51 1320/1772/51
f 1319/1785/51 1351/1788/51 1350/1786/51
f 1319/1785/51 1352/1789/51 1351/1788/51
f 1319/1785/51 1353/1790/51 1352/1789/51
f 1318/1791/51 1353/1790/51 1319/1785/51
f 1318/1791/51 1354/1792/51 1353/1790/51
f 1318/1791/51 1355/1793/51 1354/1792/51
f 1317/1794/51 1355/1793/51 1318/1791/51
f 1317/1794/51 1356/1795/51 1355/1793/51
f 1317/1794/51 1357/1796/51 1356/1795/51
f 1316/1797/51 1357/1796/51 1317/1794/51
f 1316/1797/51 1358/1798/51 1357/1796/51
f 1315/1799/51 1358/1798/51 1316/1797/51
f 1315/1799/51 1359/1800/51 1358/1798/51
f 1315/1799/51 1360/1801/51 1359/1800/51
f 1314/1802/51 1360/1801/51 1315/1799/51
f 1314/1802/51 1361/1803/51 1360/1801/51
f 1313/1804/51 1361/1803/51 1314/1802/51
f 1313/1804/51 1362/1805/51 1361/1803/51
f 1313/1804/51 1363/1806/51 1362/1805/51
f 1312/1807/51 1363/1806/51 1313/1804/51
f 1388/1808/51 1390/1809/51 1389/1810/51
f 1388/1808/51 1387/1811/51 1390/1809/51
f 1387/1811/51 1391/1459/51 1390/1809/51
f 1312/1807/51 1364/1812/51 1363/1806/51
f 1311/1813/51 1364/1812/51 1312/1807/51
f 1311/1813/51 1365/1814/51 1364/1812/51
f 1386/1815/51 1391/1459/51 1387/1811/51
f 1310/1816/51 1365/1814/51 1311/1813/51
f 1310/1816/51 1366/1817/51 1365/1814/51
f 1310/1816/51 1367/1818/51 1366/1817/51
f 1309/1819/51 1367/1818/51 1310/1816/51
f 1309/1819/51 1368/1820/51 1367/1818/51
f 1308/1821/51 1368/1820/51 1309/1819/51
f 1308/1821/51 1369/1822/51 1368/1820/51
f 1308/1821/51 1370/1823/51 1369/1822/51
f 1307/1824/51 1370/1823/51 1308/1821/51
f 1307/1824/51 1371/1825/51 1370/1823/51
f 1385/1826/51 1391/1459/51 1386/1815/51
f 1384/1827/51 1391/1459/51 1385/1826/51
f 1383/1828/51 1391/1459/51 1384/1827/51
f 1307/1824/51 1372/1829/51 1371/1825/51
f 1382/1830/51 1391/1459/51 1383/1828/51
f 1381/1831/51 1391/1459/51 1382/1830/51
f 1380/1832/51 1391/1459/51 1381/1831/51
f 1307/1824/51 1373/1833/51 1372/1829/51
f 1306/1834/51 1373/1833/51 1307/1824/51
f 1379/1835/51 1391/1459/51 1380/1832/51
f 1378/1836/51 1391/1459/51 1379/1835/51
f 1377/1837/51 1391/1459/51 1378/1836/51
f 1306/1834/51 1374/1838/51 1373/1833/51
f 1376/1839/51 1391/1459/51 1377/1837/51
f 1375/1840/51 1391/1459/51 1376/1839/51
f 1374/1838/51 1391/1459/51 1375/1840/51
f 1306/1834/51 1391/1459/51 1374/1838/51
f 1305/1841/51 1391/1459/51 1306/1834/51
f 1305/1841/51 1290/1463/51 1391/1459/51
f 1305/1841/51 1291/1842/51 1290/1463/51
f 1304/1843/51 1291/1842/51 1305/1841/51
f 1304/1843/51 1292/1844/51 1291/1842/51
f 1304/1843/51 1293/1845/51 1292/1844/51
f 1303/1846/51 1293/1845/51 1304/1843/51
f 1303/1846/51 1294/1847/51 1293/1845/51
f 1303/1846/51 1295/1848/51 1294/1847/51
f 1303/1846/51 1296/1849/51 1295/1848/51
f 1302/1850/51 1296/1849/51 1303/1846/51
f 1302/1850/51 1297/1851/51 1296/1849/51
f 1302/1850/51 1298/1852/51 1297/1851/51
f 1302/1850/51 1299/1853/51 1298/1852/51
f 1301/1854/51 1299/1853/51 1302/1850/51
f 1301/1854/51 1300/1855/51 1299/1853/51
f 1290/1463/59 1291/1856/59 1706/1857/59 1707/1858/59
f 1291/1856/60 1292/1553/60 1633/1859/60 1706/1857/60
f 1292/1553/61 1293/1860/61 1632/1861/61 1633/1862/61
f 1293/1860/62 1294/1551/62 1641/1863/62 1632/1864/62
f 1294/1551/63 1295/1865/63 1619/1866/63 1641/1867/63
f 1295/1865/64 1296/1549/64 1578/1868/64 1619/1869/64
f 1296/1549/65 1297/1870/65 1564/1871/65 1578/1872/65
f 1297/1870/66 1298/1547/66 1557/1873/66 1564/1874/66
f 1298/1547/67 1299/1875/67 1549/1876/67 1562/1877/67 1557/1878/67
f 1299/1875/68 1300/1545/68 1526/1879/68 1549/1880/68
f 1300/1545/69 1301/1881/69 1546/1882/69 1526/1883/69
f 1301/1881/70 1302/1543/70 1611/1884/70 1546/1885/70
f 1302/1543/71 1303/1886/71 1488/1887/71 1611/1888/71
f 1303/1886/72 1304/1541/72 1455/1889/72 1488/1887/72
f 1304/1541/73 1305/1890/73 1496/1891/73 1455/1892/73
f 1305/1890/74 1306/1539/74 1435/1893/74 1496/1894/74
f 1306/1539/75 1307/1673/75 1437/1895/75 1435/1896/75
f 1437/1897/76 1307/1673/76 1308/1537/76 1434/1898/76
f 1434/1899/77 1308/1537/77 1309/1900/77 1408/1901/77
f 1408/1901/78 1309/1900/78 1310/1535/78 1409/1902/78
f 1409/1903/79 1310/1535/79 1311/1904/79 1410/1905/79
f 1410/1906/80 1311/1904/80 1312/1534/80 1392/1907/80
f 1392/1908/81 1312/1534/81 1313/1909/81 1393/1910/81
f 1393/1911/82 1313/1909/82 1314/1532/82 1394/1912/82
f 1394/1912/83 1314/1532/83 1315/1913/83 1395/1914/83
f 1395/1915/84 1315/1913/84 1316/1531/84 1397/1916/84
f 1397/1917/85 1316/1531/85 1317/1918/85 1398/1919/85
f 1398/1920/86 1317/1918/86 1318/1529/86 1399/1921/86
f 1399/1922/87 1318/1529/87 1319/1923/87 1413/1924/87
f 1413/1924/88 1319/1923/88 1320/1527/88 1414/1925/88
f 1414/1926/89 1320/1527/89 1321/1927/89 1440/1928/89
f 1440/1928/90 1321/1927/90 1322/1525/90 1458/1929/90
f 1458/1929/91 1322/1525/91 1323/1930/91 1460/1931/91
f 1460/1932/92 1323/1930/92 1324/1508/92 1498/1933/92
f 1498/1934/93 1324/1508/93 1325/1935/93 1505/1936/93
f 1505/1937/94 1325/1935/94 1326/1522/94 1523/1938/94
f 1523/1939/95 1326/1522/95 1327/1940/95 1551/1941/95
f 1551/1941/96 1327/1940/96 1328/1520/96 1555/1942/96
f 1555/1943/97 1328/1520/97 1329/1944/97 1595/1945/97
f 1595/1946/98 1329/1944/98 1330/1518/98 1581/1947/98
f 1581/1948/99 1330/1518/99 1331/1949/99 1836/1950/99
f 1836/1951/100 1331/1949/100 1332/1516/100 1835/1952/100
f 1835/1952/101 1332/1516/101 1333/1953/101 1644/1954/101
f 1644/1955/102 1333/1953/102 1334/1512/102 1637/1956/102
f 1637/1957/103 1334/1512/103 1335/1958/103 1635/1959/103
f 1635/1960/104 1335/1958/104 1336/1514/104 1711/1961/104
f 1711/1962/105 1336/1514/105 1337/1963/105 1658/1964/105
f 1337/1963/106 1338/1513/106 1654/1965/106 1658/1966/106
f 1338/1513/107 1339/1967/107 1657/1968/107 1654/1965/107
f 1339/1967/108 1340/1515/108 1661/1969/108 1657/1970/108
f 1340/1515/109 1341/1558/109 1710/1971/109 1661/1972/109
f 1341/1558/110 1342/1517/110 1634/1973/110 1710/1974/110
f 1342/1517/111 1343/1975/111 1636/1976/111 1634/1977/111
f 1343/1975/112 1344/1519/112 1643/1978/112 1636/1979/112
f 1344/1519/113 1345/1980/113 1604/1981/113 1643/1978/113
f 1345/1980/114 1346/1521/114 1580/1982/114 1604/1981/114
f 1346/1521/115 1347/1983/115 1594/1984/115 1580/1985/115
f 1347/1983/116 1348/1523/116 1548/1986/116 1594/1987/116
f 1348/1523/117 1349/1988/117 1522/1989/117 1548/1986/117
f 1349/1988/118 1350/1524/118 1504/1990/118 1522/1989/118
f 1350/1524/119 1351/1991/119 1501/1992/119 1504/1993/119
f 1351/1991/120 1352/1526/120 1490/1994/120 1501/1995/120
f 1352/1526/121 1353/1996/121 1459/1997/121 1490/1998/121
f 1353/1996/122 1354/1528/122 1457/1999/122 1459/1997/122
f 1354/1528/123 1355/2000/123 1439/2001/123 1457/1999/123
f 1355/2000/124 1356/1530/124 1428/2002/124 1439/2003/124
f 1356/1530/125 1357/2004/125 1420/2005/125 1428/2006/125
f 1357/2004/126 1358/1507/126 1412/2007/126 1420/2008/126
f 1358/1507/127 1359/2009/127 1402/2010/127 1412/2011/127
f 1359/2009/128 1360/1533/128 1406/2012/128 1402/2013/128
f 1360/1533/129 1361/2014/129 1401/2015/129 1406/2016/129
f 1361/2014/130 1362/1536/130 1396/2017/130 1401/2018/130
f 1362/1536/131 1363/2019/131 1411/2020/131 1396/2017/131
f 1363/2019/132 1364/1538/132 1400/2021/132 1411/2020/132
f 1364/1538/133 1365/2022/133 1405/2023/133 1400/2024/133
f 1365/2022/134 1366/1540/134 1403/2025/134 1405/2026/134
f 1366/1540/135 1367/2027/135 1438/2028/135 1403/2025/135
f 1367/2027/136 1368/1542/136 1427/2029/136 1438/2028/136
f 1427/2030/137 1368/1542/137 1369/2031/137 1436/2032/137
f 1436/2033/138 1369/2031/138 1370/1544/138 1497/2034/138
f 1497/2035/139 1370/1544/139 1371/2036/139 1456/2037/139
f 1456/2038/140 1371/2036/140 1372/1546/140 1489/2039/140
f 1489/2040/141 1372/1546/141 1373/2041/141 1547/2042/141
f 1547/2042/142 1373/2041/142 1374/1548/142 1521/2043/142
f 1521/2043/143 1374/1548/143 1375/1580/143 1525/2044/143
f 1525/2045/144 1375/1580/144 1376/1550/144 1550/2046/144
f 1550/2046/145 1376/1550/145 1377/2047/145 1554/2048/145
f 1554/2048/146 1377/2047/146 1378/1552/146 1556/2049/146
f 1556/2049/147 1378/1552/147 1379/2050/147 1565/2051/147
f 1565/2052/148 1379/2050/148 1380/1554/148 1566/2053/148
f 1566/2054/149 1380/1554/149 1381/2055/149 1579/2056/149
f 1579/2056/150 1381/2055/150 1382/1555/150 1620/2057/150
f 1620/2058/151 1382/1555/151 1383/2059/151 1640/2060/151
f 1640/2061/152 1383/2059/152 1384/1556/152 1642/2062/152
f 1642/2063/153 1384/1556/153 1385/2064/153 1625/2065/153
f 1625/2066/154 1385/2064/154 1386/1509/154 1624/2067/154
f 1624/2068/155 1386/1509/155 1387/2069/155 1621/2070/155
f 1387/2069/156 1388/1511/156 1533/2071/156 1621/2072/156
f 1533/2073/155 1388/1511/155 1389/2074/155 1527/2075/155
f 1527/2076/157 1389/2074/157 1390/1510/157 1692/2077/157
f 1390/1510/106 1391/2078/106 1708/2079/106 1709/2080/106 1692/2081/106
f 1391/2078/158 1290/1459/158 1707/2082/158 1708/2079/158
f 1194/1463/159 1195/2083/159 2038/2084/159 2039/1858/159
f 1195/2083/160 1196/2085/160 2037/2086/160 2038/2087/160
f 1196/2085/161 1197/2088/161 2036/2089/161 2037/2090/161
f 1197/2088/162 1198/1655/162 2035/2091/162 2036/2092/162
f 1198/1655/163 1199/2093/163 1978/2094/163 2035/2095/163
f 1199/2093/164 1200/2096/164 1977/2097/164 1978/2098/164
f 1200/2096/165 1201/2099/165 1976/2100/165 1977/2101/165
f 1201/2099/166 1202/1673/166 1975/1895/166 1976/2100/166
f 1202/1673/167 1203/2102/167 1897/2103/167 1975/2104/167
f 1203/2102/168 1204/2105/168 1902/2106/168 1897/2107/168
f 1204/2105/169 1205/2108/169 1888/2109/169 1902/2106/169
f 1205/2108/170 1206/1618/170 1850/2110/170 1888/2111/170
f 1206/1618/171 1207/2112/171 1844/2113/171 1850/2110/171
f 1207/2112/172 1208/2114/172 1833/2115/172 1844/2116/172
f 1208/2114/173 1209/2117/173 1794/2118/173 1833/2115/173
f 1209/2117/174 1210/1508/174 1795/1933/174 1794/2119/174
f 1210/1508/175 1211/2120/175 1809/2121/175 1795/1934/175
f 1809/2122/176 1211/2120/176 1212/26/176 1810/2123/176
f 1810/2124/177 1212/26/177 1213/2125/177 1811/2126/177
f 1811/2127/178 1213/2125/178 1214/1582/178 1812/2128/178
f 1812/2128/179 1214/1582/179 1215/2129/179 1813/2130/179
f 1813/2131/180 1215/2129/180 1216/2132/180 1814/2133/180
f 1814/2134/181 1216/2132/181 1217/2135/181 1815/2136/181
f 1815/2136/182 1217/2135/182 1218/1558/182 1816/1971/182
f 1816/1974/183 1218/1558/183 1219/2137/183 1817/2138/183
f 1817/2139/184 1219/2137/184 1220/2140/184 1818/2141/184
f 1818/2142/185 1220/2140/185 1221/2143/185 1819/2144/185
f 1819/2145/186 1221/2143/186 1222/1643/186 1820/2146/186
f 1820/2147/187 1222/1643/187 1223/2148/187 1821/2149/187
f 1821/2150/188 1223/2148/188 1224/2151/188 1798/2152/188
f 1798/2153/189 1224/2151/189 1225/2154/189 1799/2155/189
f 1799/2155/190 1225/2154/190 1226/1507/190 1801/2007/190
f 1801/2011/191 1226/1507/191 1227/2156/191 1846/2157/191
f 1846/2158/192 1227/2156/192 1228/2159/192 1851/2160/192
f 1851/2161/193 1228/2159/193 1229/2162/193 1940/2163/193
f 1940/2164/194 1229/2162/194 1230/1601/194 1909/2165/194
f 1909/2166/195 1230/1601/195 1231/2167/195 1904/2168/195
f 1904/2168/196 1231/2167/196 1232/2169/196 2056/2170/196
f 2056/2171/197 1232/2169/197 1233/2172/197 1983/2173/197
f 1983/2174/198 1233/2172/198 1234/1580/198 1982/2044/198
f 1982/2045/199 1234/1580/199 1235/2175/199 1981/2176/199
f 1235/2175/200 1236/2177/200 2045/2178/200 1981/2179/200
f 1236/2177/201 1237/2180/201 2044/2181/201 2045/2182/201
f 1237/2180/202 1238/1610/202 2043/2183/202 2044/2184/202
f 1238/1610/203 1239/2185/203 2042/2186/203 2043/2187/203
f 1239/2185/204 1240/2188/204 2041/2189/204 2042/2190/204
f 1240/2188/205 1241/2191/205 2040/2192/205 2041/2189/205
f 1241/2191/206 1194/1459/206 2039/2082/206 2040/2193/206
f 1242/1463/207 1243/2083/207 1767/2084/207 1751/2194/207
f 1243/2083/208 1244/2085/208 1755/2086/208 1767/2087/208
f 1244/2085/209 1245/2088/209 1758/2089/209 1755/2090/209
f 1245/2088/210 1246/1655/210 1796/2091/210 1758/2092/210
f 1246/1655/211 1247/2093/211 1773/2094/211 1796/2095/211
f 1773/2094/212 1247/2093/212 1248/2096/212 1770/2097/212
f 1770/2097/213 1248/2096/213 1249/2099/213 1784/2100/213
f 1784/2195/214 1249/2099/214 1250/1673/214 2279/1895/214
f 2279/1897/215 1250/1673/215 1251/2102/215 1843/2103/215
f 1843/2103/216 1251/2102/216 1252/2105/216 1849/2106/216
f 1849/2196/217 1252/2105/217 1253/2108/217 1864/2109/217
f 1864/2197/218 1253/2108/218 1254/1618/218 1889/2110/218
f 1889/2198/219 1254/1618/219 1255/2112/219 1901/2113/219
f 1901/2199/220 1255/2112/220 1256/2114/220 1898/2115/220
f 1898/2200/221 1256/2114/221 1257/2117/221 1974/2118/221
f 1974/2118/222 1257/2117/222 1258/1508/222 1943/1933/222
f 1943/1934/223 1258/1508/223 1259/2120/223 1952/2121/223
f 1952/2122/224 1259/2120/224 1260/26/224 1979/2123/224
f 1979/2123/225 1260/26/225 1261/2125/225 1960/2126/225
f 1960/2201/226 1261/2125/226 1262/1582/226 1958/2128/226
f 1958/2128/227 1262/1582/227 1263/2129/227 1970/2130/227
f 1970/2130/228 1263/2129/228 1264/2132/228 1964/2133/228
f 1964/2202/229 1264/2132/229 1265/2135/229 1963/2136/229
f 1963/2203/230 1265/2135/230 1266/1558/230 1965/1971/230
f 1965/1971/231 1266/1558/231 1267/2137/231 1962/2138/231
f 1962/2139/232 1267/2137/232 1268/2140/232 1971/2141/232
f 1971/2142/233 1268/2140/233 1269/2143/233 1961/2144/233
f 1961/2145/234 1269/2143/234 1270/1643/234 1980/2146/234
f 1980/2147/235 1270/1643/235 1271/2148/235 1945/2149/235
f 1271/2148/236 1272/2151/236 1953/2152/236 1945/2150/236
f 1272/2151/237 1273/2154/237 1944/2155/237 1953/2152/237
f 1273/2154/238 1274/1507/238 2055/2007/238 1944/2155/238
f 1274/1507/239 1275/2156/239 1903/2157/239 2055/2011/239
f 1275/2156/240 1276/2159/240 1908/2160/240 1903/2158/240
f 1276/2159/241 1277/2162/241 1939/2163/241 1908/2161/241
f 1277/2162/242 1278/1601/242 1852/2165/242 1939/2204/242
f 1278/1601/243 1279/2167/243 1847/2168/243 1852/2165/243
f 1279/2167/244 1280/2169/244 1845/2170/244 1847/2168/244
f 1280/2169/245 1281/2172/245 1800/2173/245 1845/2171/245
f 1281/2172/246 1282/1580/246 1781/2044/246 1800/2174/246
f 1282/1580/247 1283/2175/247 1785/2176/247 1781/2045/247
f 1283/2175/248 1284/2177/248 1774/2178/248 1785/2205/248
f 1284/2177/249 1285/2180/249 1797/2181/249 1774/2182/249
f 1285/2180/250 1286/1610/250 1759/2183/250 1797/2181/250
f 1286/1610/251 1287/2185/251 1756/2186/251 1759/2187/251
f 1287/2185/252 1288/2188/252 1768/2189/252 1756/2190/252
f 1288/2188/253 1289/2191/253 1752/2192/253 1768/2189/253
f 1289/2191/254 1242/1459/254 1751/2082/254 1752/2206/254
f 1098/1463/159 1099/2083/159 2192/2084/159 2189/2194/159
f 1099/2083/160 1100/2085/160 2183/2086/160 2192/2087/160
f 1100/2085/161 1101/2088/161 2181/2089/161 2183/2090/161
f 1101/2088/162 1102/1655/162 2211/2091/162 2181/2089/162
f 1102/1655/163 1103/2093/163 2209/2094/163 2211/2095/163
f 1103/2093/164 1104/2096/164 2207/2097/164 2209/2094/164
f 1104/2096/165 1105/2099/165 2141/2100/165 2207/2101/165
f 1105/2099/166 1106/1673/166 2140/1895/166 2141/2100/166
f 1106/1673/167 1107/2102/167 2127/2103/167 2140/1897/167
f 1107/2102/168 1108/2105/168 2123/2106/168 2127/2107/168
f 1108/2105/169 1109/2108/169 2122/2109/169 2123/2196/169
f 1109/2108/170 1110/1618/170 2114/2110/170 2122/2111/170
f 1110/1618/171 1111/2112/171 2109/2113/171 2114/2110/171
f 1111/2112/172 1112/2114/172 2119/2115/172 2109/2116/172
f 1112/2114/173 1113/2117/173 2102/2118/173 2119/2115/173
f 1113/2117/174 1114/1508/174 2159/1933/174 2102/2119/174
f 1114/1508/175 1115/2120/175 2160/2121/175 2159/1934/175
f 2160/2122/176 1115/2120/176 1116/26/176 2161/2123/176
f 2161/2123/177 1116/26/177 1117/2125/177 2087/2126/177
f 2087/2127/178 1117/2125/178 1118/1582/178 2088/2128/178
f 2088/2207/179 1118/1582/179 1119/2129/179 2089/2130/179
f 2089/2130/180 1119/2129/180 1120/2132/180 2090/2133/180
f 2090/2134/181 1120/2132/181 1121/2135/181 2091/2136/181
f 2091/2203/182 1121/2135/182 1122/1558/182 2092/1971/182
f 2092/1974/183 1122/1558/183 1123/2137/183 2093/2138/183
f 2093/2139/184 1123/2137/184 1124/2140/184 2094/2141/184
f 2094/2142/185 1124/2140/185 1125/2143/185 2096/2144/185
f 2096/2144/186 1125/2143/186 1126/1643/186 2163/2146/186
f 2163/2147/187 1126/1643/187 1127/2148/187 2164/2149/187
f 2164/2150/188 1127/2148/188 1128/2151/188 2165/2152/188
f 2165/2153/189 1128/2151/189 1129/2154/189 2105/2155/189
f 2105/2155/190 1129/2154/190 1130/1507/190 2107/2007/190
f 2107/2011/191 1130/1507/191 1131/2156/191 2111/2157/191
f 2111/2158/192 1131/2156/192 1132/2159/192 2113/2160/192
f 2113/2161/193 1132/2159/193 1133/2162/193 2150/2163/193
f 2150/2164/194 1133/2162/194 1134/1601/194 2126/2165/194
f 2126/2166/195 1134/1601/195 1135/2167/195 2132/2168/195
f 2132/2168/196 1135/2167/196 1136/2169/196 2146/2170/196
f 2146/2171/255 1136/2169/255 1137/2172/255 2145/2173/255
f 2145/2174/198 1137/2172/198 1138/1580/198 2221/2044/198
f 2221/2045/199 1138/1580/199 1139/2175/199 2219/2176/199
f 1139/2175/200 1140/2177/200 2217/2178/200 2219/2179/200
f 1140/2177/201 1141/2180/201 2215/2181/201 2217/2182/201
f 1141/2180/202 1142/1610/202 2186/2183/202 2215/2184/202
f 1142/1610/203 1143/2185/203 2184/2186/203 2186/2208/203
f 1143/2185/204 1144/2188/204 2194/2189/204 2184/2186/204
f 1144/2188/205 1145/2191/205 2188/2192/205 2194/2189/205
f 1145/2191/206 1098/1459/206 2189/2082/206 2188/2193/206
f 1146/1463/207 1147/2083/207 2073/2084/207 2068/2194/207
f 1147/2083/208 1148/2085/208 2071/2086/208 2073/2087/208
f 1148/2085/209 1149/2088/209 2070/2089/209 2071/2090/209
f 1149/2088/210 1150/1655/210 2162/2091/210 2070/2092/210
f 1150/1655/211 1151/2093/211 2097/2094/211 2162/2209/211
f 2097/2094/212 1151/2093/212 1152/2096/212 2103/2097/212
f 2103/2097/213 1152/2096/213 1153/2099/213 2101/2100/213
f 2101/2195/214 1153/2099/214 1154/1673/214 2120/1895/214
f 2120/1897/215 1154/1673/215 1155/2102/215 2108/2103/215
f 2108/2103/216 1155/2102/216 1156/2105/216 2115/2106/216
f 2115/2196/217 1156/2105/217 1157/2108/217 2116/2109/217
f 2116/2197/218 1157/2108/218 1158/1618/218 2121/2110/218
f 2121/2198/219 1158/1618/219 1159/2112/219 2124/2113/219
f 2124/2199/220 1159/2112/220 1160/2114/220 2129/2115/220
f 2129/2115/221 1160/2114/221 1161/2117/221 2139/2118/221
f 2139/2118/222 1161/2117/222 1162/1508/222 2133/1933/222
f 2133/1934/223 1162/1508/223 1163/2120/223 2142/2121/223
f 2142/2122/224 1163/2120/224 1164/26/224 2135/2123/224
f 2135/2123/225 1164/26/225 1165/2125/225 2137/2126/225
f 2137/2201/226 1165/2125/226 1166/1582/226 2182/2128/226
f 2182/2207/227 1166/1582/227 1167/2129/227 2167/2130/227
f 2167/2130/228 1167/2129/228 1168/2132/228 2166/2133/228
f 2166/2134/229 1168/2132/229 1169/2135/229 2173/2136/229
f 2173/2136/230 1169/2135/230 1170/1558/230 2174/1971/230
f 2174/1971/231 1170/1558/231 1171/2137/231 2168/2138/231
f 2168/2139/232 1171/2137/232 1172/2140/232 2185/2141/232
f 2185/2142/233 1172/2140/233 1173/2143/233 2136/2144/233
f 2136/2145/234 1173/2143/234 1174/1643/234 2138/2146/234
f 2138/2147/235 1174/1643/235 1175/2148/235 2143/2149/235
f 1175/2148/236 1176/2151/236 2134/2152/236 2143/2150/236
f 1176/2151/237 1177/2154/237 2144/2155/237 2134/2152/237
f 1177/2154/238 1178/1507/238 2130/2007/238 2144/2155/238
f 1178/1507/239 1179/2156/239 2131/2157/239 2130/2210/239
f 1179/2156/240 1180/2159/240 2125/2160/240 2131/2157/240
f 1180/2159/241 1181/2162/241 2149/2163/241 2125/2161/241
f 1181/2162/242 1182/1601/242 2117/2165/242 2149/2164/242
f 1182/1601/243 1183/2167/243 2112/2168/243 2117/2165/243
f 1183/2167/244 1184/2169/244 2110/2170/244 2112/2211/244
f 1184/2169/245 1185/2172/245 2106/2173/245 2110/2171/245
f 1185/2172/246 1186/1580/246 2100/2044/246 2106/2174/246
f 1186/1580/247 1187/2175/247 2104/2176/247 2100/2045/247
f 1187/2175/248 1188/2177/248 2098/2178/248 2104/2205/248
f 1188/2177/249 1189/2180/249 2099/2181/249 2098/2182/249
f 1189/2180/250 1190/1610/250 2095/2183/250 2099/2184/250
f 1190/1610/251 1191/2185/251 2072/2186/251 2095/2187/251
f 1191/2185/252 1192/2188/252 2074/2189/252 2072/2190/252
f 1192/2188/253 1193/2191/253 2069/2192/253 2074/2189/253
f 1193/2191/254 1146/1459/254 2068/2082/254 2069/2206/254
f 1020/1463/256 1021/2212/256 2244/2213/256 2241/2194/256
f 1021/2212/257 1022/2214/257 2246/2215/257 2244/2216/257
f 1022/2214/258 1023/2217/258 2247/2218/258 2246/2219/258
f 1023/2217/259 1024/1561/259 2206/2220/259 2247/2221/259
f 1024/1561/260 1025/2096/260 2208/2097/260 2206/2222/260
f 1025/2096/261 1026/2223/261 2210/2224/261 2208/2101/261
f 2210/2225/262 1026/2223/262 1027/2226/262 2212/2227/262
f 2212/2228/263 1027/2226/263 1028/1477/263 2213/2229/263
f 2213/2230/264 1028/1477/264 1029/2231/264 2201/2232/264
f 2201/2232/265 1029/2231/265 1030/1618/265 2191/2110/265
f 2191/2198/266 1030/1618/266 1031/2233/266 2190/2234/266
f 2190/2235/267 1031/2233/267 1032/1557/267 2187/2236/267
f 2187/2237/268 1032/1557/268 1033/2238/268 2193/2239/268
f 2193/2240/269 1033/2238/269 1034/2241/269 2202/2242/269
f 2202/2242/270 1034/2241/270 1035/26/270 2203/2123/270
f 2203/2124/271 1035/26/271 1036/1416/271 2214/2243/271
f 2214/2244/272 1036/1416/272 1037/2245/272 2216/2246/272
f 2216/2247/273 1037/2245/273 1038/2248/273 2218/2249/273
f 2218/2250/274 1038/2248/274 1039/2251/274 2220/2252/274
f 2220/2253/275 1039/2251/275 1040/1558/275 2232/1971/275
f 2232/1974/276 1040/1558/276 1041/2254/276 2228/2255/276
f 2228/2255/277 1041/2254/277 1042/2256/277 2233/2257/277
f 2233/2258/278 1042/2256/278 1043/2259/278 2235/2260/278
f 2235/2261/279 1043/2259/279 1044/1489/279 2243/2262/279
f 2243/2263/280 1044/1489/280 1045/2151/280 2238/2152/280
f 2238/2153/281 1045/2151/281 1046/2264/281 2273/2265/281
f 2273/2266/282 1046/2264/282 1047/2267/282 2250/2268/282
f 2250/2269/283 1047/2267/283 1048/1559/283 2253/2270/283
f 2253/2271/284 1048/1559/284 1049/2272/284 2252/2273/284
f 2252/2274/285 1049/2272/285 1050/1601/285 2260/2165/285
f 2260/2165/286 1050/1601/286 1051/2275/286 2258/2276/286
f 2258/2277/287 1051/2275/287 1052/1444/287 2257/2278/287
f 2257/2279/288 1052/1444/288 1053/2280/288 2271/2281/288
f 2271/2282/289 1053/2280/289 1054/2283/289 2270/2284/289
f 2270/2284/290 1054/2283/290 1055/2177/290 2264/2178/290
f 2264/2178/291 1055/2177/291 1056/1560/291 2266/2285/291
f 2266/2286/155 1056/1560/155 1057/2287/155 2268/2288/155
f 2268/2289/157 1057/2287/157 1058/2290/157 2269/2291/157
f 1058/2290/106 1059/2292/106 2707/2293/106 2269/2294/106
f 1059/2292/156 1020/1459/156 2241/2082/156 2707/2295/156
f 1060/1463/292 1061/2296/292 2262/2297/292 2267/1858/292
f 1061/2296/293 1062/1492/293 2263/2298/293 2262/2299/293
f 1062/1492/294 1063/2300/294 2261/2301/294 2263/2302/294
f 1063/2300/295 1064/1505/295 2272/2303/295 2261/2301/295
f 1064/1505/296 1065/2304/296 2256/2305/296 2272/2306/296
f 1065/2304/297 1066/1498/297 2254/2307/297 2256/2305/297
f 1066/1498/298 1067/2308/298 2255/2309/298 2254/2307/298
f 1067/2308/299 1068/1472/299 2259/2310/299 2255/2309/299
f 1068/1472/300 1069/2311/300 2251/2312/300 2259/2313/300
f 1069/2311/301 1070/1448/301 2249/2314/301 2251/2315/301
f 1070/1448/302 1071/2316/302 2239/2317/302 2249/2318/302
f 1071/2316/303 1072/1421/303 2242/2319/303 2239/2320/303
f 1072/1421/304 1073/2321/304 2236/2322/304 2242/2319/304
f 1073/2321/305 1074/1413/305 2234/2323/305 2236/2322/305
f 1074/1413/306 1075/2324/306 2229/2325/306 2234/2326/306
f 1075/2324/307 1076/1420/307 2227/2327/307 2229/2328/307
f 1076/1420/308 1077/2329/308 2225/2330/308 2227/2331/308
f 1077/2329/309 1078/1447/309 2231/2332/309 2225/2333/309
f 1078/1447/310 1079/1558/310 2224/1971/310 2231/2334/310
f 1079/1558/311 1080/1469/311 2204/2335/311 2224/1974/311
f 1080/1469/312 1081/2336/312 2198/2337/312 2204/2335/312
f 1081/2336/313 1082/1485/313 2196/2338/313 2198/2339/313
f 1082/1485/314 1083/2340/314 2200/2341/314 2196/2342/314
f 1083/2340/315 1084/1494/315 2199/2343/315 2200/2341/315
f 1084/1494/316 1085/2344/316 2195/2345/316 2199/2346/316
f 1085/2344/317 1086/1480/317 2197/2347/317 2195/2348/317
f 1086/1480/318 1087/2349/318 2274/2350/318 2197/2351/318
f 1087/2349/319 1088/1464/319 2223/2352/319 2274/2353/319
f 1088/1464/320 1089/2354/320 2222/2355/320 2223/2356/320
f 1089/2354/321 1090/1446/321 2230/2357/321 2222/2358/321
f 2230/2359/322 1090/1446/322 1091/2360/322 2226/2361/322
f 2226/2362/323 1091/2360/323 1092/1432/323 2248/2363/323
f 2248/2364/324 1092/1432/324 1093/2365/324 2237/2366/324
f 2237/2367/325 1093/2365/325 1094/1429/325 2245/2368/325
f 2245/2369/326 1094/1429/326 1095/2370/326 2240/2371/326
f 2240/2372/157 1095/2370/157 1096/1443/157 2680/2373/157
f 2680/2374/155 1096/1443/155 1097/2375/155 2265/2376/155
f 1097/2375/327 1060/1459/327 2267/2082/327 2265/2377/327
f 918/1463/59 919/1856/59 1716/1857/59 1743/1858/59
f 919/1856/60 920/1553/60 1712/1859/60 1716/1857/60
f 920/1553/61 921/1860/61 1807/1861/61 1712/1862/61
f 921/1860/62 922/1551/62 1674/1863/62 1807/1864/62
f 922/1551/63 923/1865/63 1664/1866/63 1674/1867/63
f 923/1865/64 924/1549/64 1670/1868/64 1664/2378/64
f 924/1549/65 925/1870/65 1669/1871/65 1670/1872/65
f 925/1870/66 926/1547/66 1653/1873/66 1669/2379/66
f 926/1547/67 927/1875/67 1648/1876/67 1653/1878/67
f 927/1875/68 928/1545/68 1627/1879/68 1648/1880/68
f 928/1545/69 929/1881/69 1631/1882/69 1627/1883/69
f 929/1881/70 930/1543/70 1638/1884/70 1631/1885/70
f 930/1543/71 931/1886/71 1590/1887/71 1638/1888/71
f 931/1886/72 932/1541/72 1602/1889/72 1590/1887/72
f 932/1541/73 933/1890/73 1540/1891/73 1602/1892/73
f 933/1890/74 934/1539/74 1481/1893/74 1540/1891/74
f 934/1539/75 935/1673/75 1452/1895/75 1481/1896/75
f 1452/1897/76 935/1673/76 936/1537/76 1454/1898/76
f 1454/1899/77 936/1537/77 937/1900/77 1422/1901/77
f 1422/2380/78 937/1900/78 938/1535/78 1424/1902/78
f 1424/1903/79 938/1535/79 939/1904/79 1426/1905/79
f 1426/1905/80 939/1904/80 940/1534/80 1415/1907/80
f 1415/1907/81 940/1534/81 941/1909/81 1417/1910/81
f 1417/1911/82 941/1909/82 942/1532/82 1431/1912/82
f 1431/2381/83 942/1532/83 943/1913/83 1432/1914/83
f 1432/1915/84 943/1913/84 944/1531/84 1433/1916/84
f 1433/1917/85 944/1531/85 945/1918/85 1484/1919/85
f 1484/1919/328 945/1918/328 946/1529/328 1486/1921/328
f 1486/1922/87 946/1529/87 947/1923/87 1495/1924/87
f 1495/2382/88 947/1923/88 948/1527/88 1487/1925/88
f 1487/1926/89 948/1527/89 949/1927/89 1543/1928/89
f 1543/1928/90 949/1927/90 950/1525/90 1545/1929/90
f 1545/1929/91 950/1525/91 951/1930/91 1592/1931/91
f 1592/1932/92 951/1930/92 952/1508/92 1617/1933/92
f 1617/1934/93 952/1508/93 953/1935/93 1623/1936/93 1616/2383/93
f 1623/2384/94 953/1935/94 954/1522/94 1630/1938/94
f 1630/1939/95 954/1522/95 955/1940/95 1651/1941/95
f 1651/2385/96 955/1940/96 956/1520/96 1660/1942/96
f 1660/1943/97 956/1520/97 957/1944/97 1655/1945/97
f 1655/1946/98 957/1944/98 958/1518/98 1663/1947/98
f 1663/2386/99 958/1518/99 959/1949/99 1667/1950/99
f 1667/1951/100 959/1949/100 960/1516/100 1677/1952/100
f 1677/1952/101 960/1516/101 961/1953/101 1676/1954/101
f 1676/1955/102 961/1953/102 962/1512/102 1832/1956/102
f 1832/1957/103 962/1512/103 963/1958/103 1715/1959/103
f 1715/1960/104 963/1958/104 964/1514/104 1718/1961/104
f 1718/1962/105 964/1514/105 965/1963/105 1749/1964/105
f 965/1963/106 966/1513/106 1733/1965/106 1749/1966/106
f 966/1513/107 967/1967/107 1748/1968/107 1733/2387/107
f 967/1967/108 968/1515/108 1747/1969/108 1748/1968/108
f 968/1515/109 969/1558/109 1717/1971/109 1747/1972/109
f 969/1558/329 970/1517/329 1714/1973/329 1717/1971/329
f 970/1517/111 971/1975/111 1691/1976/111 1714/1977/111
f 971/1975/112 972/1519/112 1675/1978/112 1691/1979/112
f 972/1519/113 973/1980/113 1666/1981/113 1675/1978/113
f 973/1980/114 974/1521/114 1662/1982/114 1666/1981/114
f 974/1521/115 975/1983/115 1656/1984/115 1662/2388/115
f 975/1983/116 976/1523/116 1650/1986/116 1656/1987/116
f 976/1523/117 977/1988/117 1629/1989/117 1650/1986/117
f 977/1988/118 978/1524/118 1622/1990/118 1629/2389/118
f 978/1524/119 979/1991/119 1618/1992/119 1622/1990/119
f 979/1991/120 980/1526/120 1593/1994/120 1618/1995/120
f 980/1526/121 981/1996/121 1591/1997/121 1593/1998/121
f 981/1996/122 982/1528/122 1544/1999/122 1591/2390/122
f 982/1528/123 983/2000/123 1535/2001/123 1544/1999/123
f 983/2000/124 984/1530/124 1542/2002/124 1535/2001/124
f 984/1530/125 985/2004/125 1515/2005/125 1542/2006/125
f 985/2004/126 986/1507/126 1485/2007/126 1515/2008/126
f 986/1507/127 987/2009/127 1474/2010/127 1485/2011/127
f 987/2009/128 988/1533/128 1466/2012/128 1474/2013/128
f 988/1533/129 989/2014/129 1483/2015/129 1466/2016/129
f 989/2014/130 990/1536/130 1448/2017/130 1483/2015/130
f 990/1536/131 991/2019/131 1482/2020/131 1448/2391/131
f 991/2019/132 992/1538/132 1462/2021/132 1482/2020/132
f 992/1538/133 993/2022/133 1465/2023/133 1462/2024/133
f 993/2022/134 994/1540/134 1473/2025/134 1465/2023/134
f 994/1540/135 995/2027/135 1610/2028/135 1473/2025/135
f 995/2027/136 996/1542/136 1514/2029/136 1610/2392/136
f 1514/2030/137 996/1542/137 997/2031/137 1609/2032/137
f 1609/2033/138 997/2031/138 998/1544/138 1541/2034/138
f 1541/2393/139 998/1544/139 999/2036/139 1603/2037/139
f 1603/2038/140 999/2036/140 1000/1546/140 1589/2039/140
f 1589/2040/141 1000/1546/141 1001/2041/141 1639/2042/141
f 1639/2394/142 1001/2041/142 1002/1548/142 1628/2043/142
f 1628/2395/143 1002/1548/143 1003/1580/143 1626/2044/143
f 1626/2045/144 1003/1580/144 1004/1550/144 1646/2046/144
f 1646/2046/330 1004/1550/330 1005/2047/330 1649/2048/330
f 1649/2048/146 1005/2047/146 1006/1552/146 1652/2049/146
f 1652/2049/147 1006/1552/147 1007/2050/147 1659/2051/147
f 1659/2052/331 1007/2050/331 1008/1554/331 1668/2053/331
f 1668/2054/149 1008/1554/149 1009/2055/149 1671/2056/149
f 1671/2056/150 1009/2055/150 1010/1555/150 1665/2057/150
f 1665/2058/151 1010/1555/151 1011/2059/151 1673/2060/151
f 1673/2061/152 1011/2059/152 1012/1556/152 1672/2062/152
f 1672/2063/153 1012/1556/153 1013/2064/153 1831/2065/153
f 1831/2066/154 1013/2064/154 1014/1509/154 1713/2067/154
f 1713/2068/155 1014/1509/155 1015/2069/155 1746/2070/155
f 1015/2069/156 1016/1511/156 1647/2071/156 1746/2072/156
f 1647/2073/155 1016/1511/155 1017/2074/155 1645/2075/155
f 1645/2076/157 1017/2074/157 1018/1510/157 1732/2077/157
f 1018/1510/106 1019/2078/106 1744/2079/106 1745/2080/106 1732/2081/106
f 1019/2078/158 918/1459/158 1743/2082/158 1744/2079/158
f 822/1463/332 823/2083/332 2081/2084/332 2082/1858/332
f 823/2083/160 824/2085/160 2080/2086/160 2081/2087/160
f 824/2085/161 825/2088/161 2078/2089/161 2080/2090/161
f 825/2088/162 826/1655/162 2154/2091/162 2155/2396/162 2078/2092/162
f 826/1655/163 827/2093/163 2153/2094/163 2154/2095/163
f 827/2093/164 828/2096/164 2152/2097/164 2153/2098/164
f 828/2096/165 829/2099/165 2004/2100/165 2152/2101/165
f 829/2099/166 830/1673/166 2003/1895/166 2004/2195/166
f 830/1673/167 831/2102/167 1987/2103/167 2003/1897/167
f 831/2102/168 832/2105/168 1985/2106/168 1987/2107/168
f 832/2105/169 833/2108/169 1966/2109/169 1985/2106/169
f 833/2108/170 834/1618/170 1955/2110/170 1966/2111/170
f 834/1618/171 835/2112/171 1972/2113/171 1955/2110/171
f 835/2112/172 836/2114/172 1946/2115/172 1972/2116/172
f 836/2114/173 837/2117/173 2051/2118/173 1946/2115/173
f 837/2117/174 838/1508/174 2052/1933/174 2051/2119/174
f 838/1508/175 839/2120/175 1925/2121/175 2052/1934/175
f 1925/2122/176 839/2120/176 840/26/176 1926/2123/176
f 1926/2124/177 840/26/177 841/2125/177 1927/2126/177
f 1927/2201/178 841/2125/178 842/1582/178 1928/2128/178
f 1928/2207/179 842/1582/179 843/2129/179 1929/2130/179
f 1929/2131/333 843/2129/333 844/2132/333 1930/2133/333
f 1930/2134/181 844/2132/181 845/2135/181 1808/2136/181
f 1808/2203/182 845/2135/182 846/1558/182 1931/1971/182
f 1931/1974/334 846/1558/334 847/2137/334 1932/2138/334
f 1932/2139/184 847/2137/184 848/2140/184 1933/2141/184
f 1933/2397/185 848/2140/185 849/2143/185 1934/2144/185
f 1934/2145/186 849/2143/186 850/1643/186 1935/2146/186
f 1935/2147/187 850/1643/187 851/2148/187 1936/2149/187
f 1936/2150/188 851/2148/188 852/2151/188 1938/2152/188
f 1938/2153/189 852/2151/189 853/2154/189 2054/2155/189
f 2054/2398/190 853/2154/190 854/1507/190 1949/2007/190
f 1949/2011/191 854/1507/191 855/2156/191 1951/2157/191
f 1951/2158/192 855/2156/192 856/2159/192 1956/2160/192
f 1956/2160/193 856/2159/193 857/2162/193 1969/2163/193
f 1969/2204/194 857/2162/194 858/1601/194 2034/2165/194
f 2034/2166/195 858/1601/195 859/2167/195 1990/2168/195
f 1990/2211/196 859/2167/196 860/2169/196 2017/2170/196
f 2017/2399/197 860/2169/197 861/2172/197 2007/2173/197
f 2007/2173/198 861/2172/198 862/1580/198 2158/2044/198
f 2158/2045/199 862/1580/199 863/2175/199 2157/2176/199
f 863/2175/200 864/2177/200 2156/2178/200 2157/2179/200
f 864/2177/201 865/2180/201 2277/2181/201 2156/2178/201
f 865/2180/202 866/1610/202 2086/2183/202 2277/2184/202
f 866/1610/203 867/2185/203 2085/2186/203 2086/2187/203
f 867/2185/204 868/2188/204 2084/2189/204 2085/2190/204
f 868/2188/205 869/2191/205 2083/2192/205 2084/2400/205
f 869/2191/206 822/1459/206 2082/2082/206 2083/2193/206
f 870/1463/207 871/2083/207 1906/2084/207 1886/1858/207
f 871/2083/208 872/2085/208 1891/2086/208 1906/2401/208
f 872/2085/209 873/2088/209 1893/2089/209 1891/2090/209
f 873/2088/210 874/1655/210 1899/2091/210 1893/2092/210
f 874/1655/335 875/2093/335 1895/2094/335 1899/2209/335
f 1895/2094/212 875/2093/212 876/2096/212 2053/2097/212
f 2053/2101/213 876/2096/213 877/2099/213 1941/2100/213
f 1941/2195/214 877/2099/214 878/1673/214 1947/1895/214
f 1947/1897/215 878/1673/215 879/2102/215 1973/2103/215
f 1973/2107/216 879/2102/216 880/2105/216 1954/2106/216
f 1954/2196/217 880/2105/217 881/2108/217 1967/2109/217
f 1967/2111/218 881/2108/218 882/1618/218 1984/2110/218
f 1984/2110/219 882/1618/219 883/2112/219 1986/2113/219
f 1986/2199/220 883/2112/220 884/2114/220 1988/2115/220
f 1988/2115/221 884/2114/221 885/2117/221 2002/2118/221
f 2002/2119/222 885/2117/222 886/1508/222 1992/1933/222
f 1992/1934/336 886/1508/336 887/2120/336 2005/2121/336
f 2005/2122/224 887/2120/224 888/26/224 1994/2123/224
f 1994/2124/225 888/26/225 889/2125/225 2001/2126/225
f 2001/2127/226 889/2125/226 890/1582/226 2079/2128/226
f 2079/2128/227 890/1582/227 891/2129/227 2057/2130/227
f 2057/2131/228 891/2129/228 892/2132/228 2061/2133/228
f 2061/2202/229 892/2132/229 893/2135/229 2059/2136/229
f 2059/2136/230 893/2135/230 894/1558/230 2060/1971/230
f 2060/1971/231 894/1558/231 895/2137/231 2062/2138/231
f 2062/2138/232 895/2137/232 896/2140/232 2058/2141/232
f 2058/2142/233 896/2140/233 897/2143/233 2276/2144/233
f 2276/2144/234 897/2143/234 898/1643/234 1995/2146/234
f 1995/2147/235 898/1643/235 899/2148/235 2006/2149/235
f 899/2148/236 900/2151/236 1991/2152/236 2006/2150/236
f 900/2151/237 901/2154/237 1993/2155/237 1991/2152/237
f 901/2154/238 902/1507/238 2016/2007/238 1993/2155/238
f 902/1507/239 903/2156/239 1989/2157/239 2016/2011/239
f 903/2156/337 904/2159/337 2033/2160/337 1989/2158/337
f 904/2159/241 905/2162/241 1968/2163/241 2033/2160/241
f 905/2162/242 906/1601/242 1957/2165/242 1968/2204/242
f 906/1601/338 907/2167/338 1959/2168/338 1957/2166/338
f 907/2167/244 908/2169/244 1950/2170/244 1959/2211/244
f 908/2169/245 909/2172/245 1948/2173/245 1950/2399/245
f 909/2172/246 910/1580/246 1942/2044/246 1948/2173/246
f 910/1580/247 911/2175/247 1937/2176/247 1942/2045/247
f 911/2175/248 912/2177/248 1896/2178/248 1937/2179/248
f 912/2177/249 913/2180/249 1900/2181/249 1896/2182/249
f 913/2180/250 914/1610/250 1894/2183/250 1900/2184/250
f 914/1610/251 915/2185/251 1892/2186/251 1894/2187/251
f 915/2185/252 916/2188/252 1907/2189/252 1892/2190/252
f 916/2188/253 917/2191/253 1887/2192/253 1907/2189/253
f 917/2191/254 870/1459/254 1886/2082/254 1887/2193/254
f 2148/1858/155 818/1463/155 819/1618/155 2118/2110/155 2147/2402/155
f 2118/2198/157 819/1618/157 820/1558/157 2128/1971/157
f 820/1558/106 821/1601/106 2151/2165/106 2128/1974/106
f 821/1601/156 818/1459/156 2148/2082/156 2151/2166/156
f 740/1463/256 741/2212/256 2535/2213/256 2542/1858/256
f 741/2212/257 742/2214/257 2522/2215/257 2535/2403/257
f 742/2214/258 743/2217/258 2466/2218/258 2522/2404/258
f 743/2217/259 744/1561/259 2511/2220/259 2466/2221/259
f 744/1561/260 745/2096/260 2492/2097/260 2511/2405/260
f 745/2096/261 746/2223/261 2493/2224/261 2492/2101/261
f 2493/2225/262 746/2223/262 747/2226/262 2494/2227/262
f 2494/2228/263 747/2226/263 748/1477/263 2495/2229/263
f 2495/2406/264 748/1477/264 749/2231/264 2496/2407/264
f 2496/2232/265 749/2231/265 750/1618/265 2178/2110/265 2179/2408/265
f 2178/2110/266 750/1618/266 751/2233/266 2171/2234/266
f 2171/2409/267 751/2233/267 752/1557/267 2169/2236/267
f 2169/2237/268 752/1557/268 753/2238/268 2172/2239/268
f 2172/2240/269 753/2238/269 754/2241/269 2170/2242/269
f 2170/2242/270 754/2241/270 755/26/270 2180/2123/270
f 2180/2124/271 755/26/271 756/1416/271 2175/2243/271
f 2175/2244/272 756/1416/272 757/2245/272 2177/2246/272
f 2177/2247/273 757/2245/273 758/2248/273 2176/2249/273
f 2176/2410/274 758/2248/274 759/2251/274 2205/2252/274
f 2205/2253/275 759/2251/275 760/1558/275 2461/1971/275
f 2461/1974/276 760/1558/276 761/2254/276 2751/2255/276
f 2751/2255/277 761/2254/277 762/2256/277 2516/2257/277
f 2516/2258/278 762/2256/278 763/2259/278 2526/2260/278
f 2526/2260/279 763/2259/279 764/1489/279 2546/2262/279
f 2546/2263/339 764/1489/339 765/2151/339 2620/2152/339
f 2620/2152/340 765/2151/340 766/2264/340 2555/2265/340
f 2555/2266/282 766/2264/282 767/2267/282 2559/2268/282
f 2559/2269/283 767/2267/283 768/1559/283 2563/2270/283
f 2563/2271/284 768/1559/284 769/2272/284 2597/2273/284
f 2597/2274/285 769/2272/285 770/1601/285 2596/2165/285
f 2596/2165/341 770/1601/341 771/2275/341 2586/2276/341
f 2586/2277/287 771/2275/287 772/1444/287 2585/2278/287
f 2585/2279/342 772/1444/342 773/2280/342 2665/2281/342
f 2665/2282/289 773/2280/289 774/2283/289 2664/2284/289
f 2664/2411/290 774/2283/290 775/2177/290 2663/2178/290
f 2663/2182/343 775/2177/343 776/1560/343 2641/2412/343
f 2641/2286/155 776/1560/155 777/2287/155 2640/2288/155
f 2640/2289/157 777/2287/157 778/2290/157 2722/2291/157
f 778/2290/106 779/2292/106 2667/2293/106 2722/2294/106
f 779/2292/156 740/1459/156 2542/2082/156 2667/2295/156
f 780/1463/292 781/2296/292 2637/2297/292 2662/2194/292
f 781/2296/293 782/1492/293 2626/2298/293 2637/2299/293
f 782/1492/294 783/2300/294 2746/2301/294 2626/2302/294
f 783/2300/295 784/1505/295 2575/2303/295 2746/2301/295
f 784/1505/296 785/2304/296 2579/2305/296 2575/2306/296
f 785/2304/297 786/1498/297 2584/2307/297 2579/2305/297
f 786/1498/298 787/2308/298 2574/2309/298 2584/2413/298
f 787/2308/299 788/1472/299 2595/2310/299 2574/2309/299
f 788/1472/300 789/2311/300 2562/2312/300 2595/2313/300
f 789/2311/301 790/1448/301 2571/2314/301 2562/2414/301
f 790/1448/302 791/2316/302 2554/2317/302 2571/2314/302
f 791/2316/303 792/1421/303 2545/2319/303 2554/2415/303
f 792/1421/304 793/2321/304 2527/2322/304 2545/2319/304
f 793/2321/305 794/1413/305 2517/2323/305 2527/2322/305
f 794/1413/306 795/2324/306 2524/2325/306 2517/2326/306
f 795/2324/307 796/1420/307 2514/2327/307 2524/2328/307
f 796/1420/344 797/2329/344 2475/2330/344 2514/2331/344
f 797/2329/309 798/1447/309 2464/2332/309 2475/2330/309
f 798/1447/310 799/1558/310 2460/1971/310 2464/2416/310
f 799/1558/311 800/1469/311 2456/2335/311 2460/1974/311
f 800/1469/312 801/2336/312 2454/2337/312 2456/2417/312
f 801/2336/313 802/1485/313 2451/2338/313 2454/2339/313
f 802/1485/314 803/2340/314 2448/2341/314 2451/2342/314
f 803/2340/315 804/1494/315 2447/2343/315 2448/2418/315
f 804/1494/316 805/2344/316 2450/2345/316 2447/2346/316
f 805/2344/317 806/1480/317 2497/2347/317 2450/2348/317
f 806/1480/318 807/2349/318 2455/2350/318 2497/2351/318
f 807/2349/319 808/1464/319 2459/2352/319 2455/2353/319
f 808/1464/320 809/2354/320 2474/2355/320 2459/2356/320
f 809/2354/321 810/1446/321 2468/2357/321 2474/2358/321
f 2468/2359/322 810/1446/322 811/2360/322 2750/2361/322
f 2750/2362/323 811/2360/323 812/1432/323 2523/2363/323
f 2523/2364/324 812/1432/324 813/2365/324 2515/2366/324
f 2515/2367/325 813/2365/325 814/1429/325 2534/2368/325
f 2534/2369/326 814/1429/326 815/2370/326 2541/2371/326
f 2541/2372/157 815/2370/157 816/1443/157 2736/2373/157
f 2736/2374/155 816/1443/155 817/2375/155 2638/2376/155
f 817/2375/110 780/1459/110 2662/2082/110 2638/2419/110
f 1475/1858/345 607/1463/345 608/2420/345 1469/2421/345
f 1469/2422/346 608/2420/346 609/2423/346 1537/2424/346
f 1537/2425/347 609/2423/347 610/2426/347 1596/2427/347
f 1596/2428/348 610/2426/348 611/2429/348 1538/2430/348
f 1538/2431/349 611/2429/349 612/2432/349 1539/2433/349
f 1539/2434/350 612/2432/350 613/2435/350 1599/2436/350
f 1599/2437/351 613/2435/351 614/2438/351 1600/2439/351
f 1600/2440/352 614/2438/352 615/2441/352 1601/2442/352
f 1601/2443/353 615/2441/353 616/2444/353 1583/2445/353
f 1583/2446/354 616/2444/354 617/2447/354 1571/2448/354
f 1571/2449/355 617/2447/355 618/2450/355 1567/2451/355
f 618/2450/356 619/2452/356 1574/2453/356 1567/2454/356
f 619/2452/357 620/2455/357 1573/2456/357 1574/2453/357
f 620/2455/358 621/2457/358 1572/2458/358 1573/2456/358
f 621/2457/359 622/2459/359 1558/2460/359 1572/2461/359
f 622/2459/360 623/2462/360 1584/2463/360 1558/2464/360
f 623/2462/361 624/2465/361 1582/2466/361 1584/2467/361
f 624/2465/362 625/2468/362 1528/2469/362 1582/2470/362
f 625/2468/363 626/2471/363 1534/2472/363 1528/2469/363
f 626/2471/364 627/2473/364 1524/2474/364 1534/2475/364
f 627/2473/365 628/2476/365 1516/2477/365 1524/2478/365
f 628/2476/366 629/2479/366 1506/2480/366 1516/2481/366
f 629/2479/367 630/2482/367 1502/2483/367 1506/2484/367
f 630/2482/368 631/2485/368 1509/2486/368 1502/2487/368
f 631/2485/369 632/2488/369 1606/2489/369 1509/2486/369
f 632/2488/370 633/2490/370 1470/2491/370 1606/2492/370
f 633/2490/371 634/2493/371 1441/2494/371 1470/2495/371
f 634/2493/372 635/2496/372 1443/2497/372 1441/2498/372
f 635/2496/373 636/2499/373 1444/2500/373 1443/2501/373
f 1444/2502/374 636/2499/374 637/2503/374 1494/2504/374
f 1494/2505/375 637/2503/375 638/2506/375 1493/2507/375
f 1493/2508/376 638/2506/376 639/2509/376 1492/2510/376
f 1492/2511/377 639/2509/377 640/2512/377 1429/2513/377
f 1429/2514/378 640/2512/378 641/2515/378 1430/2516/378
f 1430/2516/379 641/2515/379 642/2517/379 1418/2518/379
f 1418/2518/380 642/2517/380 643/2519/380 1416/2520/380
f 1416/2520/381 643/2519/381 644/2521/381 1419/2522/381
f 1419/2522/382 644/2521/382 645/2523/382 1425/2524/382
f 1425/2525/383 645/2523/383 646/2526/383 1423/2527/383
f 1423/2527/384 646/2526/384 647/2528/384 1421/2529/384
f 1421/2530/385 647/2528/385 648/2531/385 1453/2532/385
f 1453/2533/386 648/2531/386 649/2534/386 1451/2535/386
f 1451/2536/387 649/2534/387 650/2537/387 1479/2538/387
f 1479/2539/388 650/2537/388 651/2540/388 1480/2541/388
f 1480/2541/389 651/2540/389 652/2542/389 1608/2543/389
f 1608/2543/390 652/2542/390 653/2544/390 1512/2545/390
f 1512/2545/391 653/2544/391 654/2546/391 1518/2547/391
f 1518/2547/392 654/2546/392 655/2548/392 1532/2549/392
f 1532/2549/393 655/2548/393 656/2550/393 1561/2551/393
f 1561/2551/394 656/2550/394 657/2552/394 1588/2553/394
f 1588/2553/395 657/2552/395 658/2554/395 1830/2555/395
f 1830/2556/396 658/2554/396 659/2557/396 1829/2558/396
f 659/2557/397 660/2559/397 1828/2560/397 1829/2561/397
f 660/2559/398 661/2562/398 1827/2563/398 1828/2560/398
f 661/2562/399 662/2564/399 1705/2565/399 1827/2566/399
f 662/2564/400 663/2567/400 1689/2568/400 1705/2569/400
f 663/2567/401 664/2570/401 1687/2571/401 1689/2572/401
f 664/2570/402 665/2573/402 1685/2574/402 1687/2575/402
f 665/2573/403 666/2576/403 1682/2577/403 1685/2578/403
f 666/2576/404 667/2579/404 1680/2580/404 1682/2581/404
f 667/2579/405 668/2582/405 1678/2583/405 1680/2584/405
f 668/2582/406 669/2585/406 1826/2586/406 1678/2587/406
f 669/2585/407 670/2588/407 1825/2589/407 1826/2590/407
f 670/2588/408 671/2591/408 1824/2592/408 1825/2593/408
f 671/2591/409 672/2594/409 1823/2595/409 1824/2596/409
f 672/2594/410 673/2597/410 1822/2598/410 1823/2599/410
f 673/2597/411 674/2600/411 1598/2601/411 1822/2602/411
f 674/2600/412 675/2603/412 1597/2604/412 1598/2605/412
f 675/2603/413 676/2606/413 1536/2607/413 1597/2608/413
f 676/2606/414 677/2609/414 1605/2610/414 1536/2611/414
f 677/2609/415 678/2612/415 1508/2613/415 1605/2614/415
f 1508/2615/416 678/2612/416 679/2616/416 1442/2617/416
f 1442/2617/417 679/2616/417 607/1459/417 1475/2082/417
f 1520/1858/418 680/1463/418 681/2618/418 1529/2619/418
f 1529/2620/419 681/2618/419 682/2621/419 1530/2622/419
f 1530/2623/420 682/2621/420 683/2214/420 1559/2215/420
f 1559/2219/421 683/2214/421 684/2624/421 1552/2625/421
f 1552/2626/422 684/2624/422 685/1655/422 1585/2091/422
f 1585/2095/423 685/1655/423 686/1561/423 1586/2220/423
f 1586/2405/424 686/1561/424 687/2627/424 1575/2628/424
f 1575/2629/425 687/2627/425 688/2630/425 1576/2631/425
f 1576/2632/426 688/2630/426 689/2223/426 1569/2224/426
f 1569/2225/427 689/2223/427 690/1673/427 1568/1895/427
f 1568/1897/428 690/1673/428 691/2633/428 1693/2634/428
f 1693/2635/429 691/2633/429 692/1477/429 1694/2229/429
f 1694/2406/430 692/1477/430 693/2636/430 1695/2637/430
f 1695/2637/431 693/2636/431 694/2638/431 1696/2639/431
f 1696/2640/432 694/2638/432 695/1618/432 1697/2110/432
f 1697/2110/433 695/1618/433 696/2641/433 1698/2642/433
f 1698/2642/434 696/2641/434 697/2643/434 1699/2644/434
f 1699/2645/435 697/2643/435 698/1557/435 1700/2236/435
f 1700/2237/436 698/1557/436 699/2646/436 1701/2647/436
f 1701/2647/437 699/2646/437 700/1508/437 1702/1933/437
f 1702/1934/438 700/1508/438 701/2241/438 1703/2242/438
f 1703/2242/439 701/2241/439 702/2648/439 1704/2649/439
f 1704/2650/440 702/2648/440 703/2651/440 1614/2652/440
f 1614/2653/441 703/2651/441 704/1416/441 1615/2243/441
f 1615/2654/442 704/1416/442 705/1582/442 1613/2128/442
f 1613/2207/443 705/1582/443 706/2655/443 1612/2656/443
f 1612/2656/444 706/2655/444 707/2248/444 1834/2250/444
f 1834/2250/445 707/2248/445 708/2657/445 1570/2658/445
f 1570/2659/446 708/2657/446 709/2660/446 1577/2661/446
f 709/2660/447 710/1558/447 1563/1971/447 1577/2662/447
f 710/1558/448 711/2663/448 1587/2664/448 1563/1971/448
f 711/2663/449 712/2665/449 1560/2666/449 1587/2664/449
f 712/2665/450 713/2256/450 1553/2257/450 1560/2666/450
f 713/2256/451 714/2667/451 1531/2668/451 1553/2258/451
f 714/2667/452 715/1643/452 1519/2146/452 1531/2669/452
f 715/1643/453 716/1489/453 1513/2262/453 1519/2146/453
f 716/1489/454 717/2670/454 1507/2671/454 1513/2263/454
f 717/2670/455 718/2672/455 1511/2673/455 1507/2674/455
f 718/2672/456 719/2264/456 1500/2265/456 1511/2673/456
f 719/2264/457 720/1507/457 1478/2007/457 1500/2265/457
f 720/1507/458 721/2675/458 1467/2676/458 1478/2210/458
f 721/2675/459 722/1559/459 1472/2270/459 1467/2677/459
f 722/1559/460 723/2678/460 1464/2679/460 1472/2271/460
f 723/2678/127 724/2680/127 1477/2681/127 1464/2682/127
f 724/2680/461 725/1601/461 1450/2165/461 1477/2683/461
f 725/1601/462 726/2684/462 1447/2685/462 1450/2166/462
f 726/2684/463 727/2686/463 1445/2687/463 1447/2688/463
f 727/2686/464 728/1444/464 1446/2278/464 1445/2689/464
f 728/1444/465 729/2690/465 1449/2691/465 1446/2692/465
f 729/2690/466 730/1580/466 1476/2044/466 1449/2693/466
f 730/1580/467 731/2283/467 1461/2284/467 1476/2045/467
f 731/2283/468 732/2694/468 1463/2695/468 1461/2411/468
f 732/2694/469 733/2696/469 1471/2697/469 1463/2695/469
f 1471/2698/470 733/2696/470 734/1560/470 1468/2412/470
f 1468/2286/471 734/1560/471 735/1610/471 1607/2183/471
f 1607/2208/472 735/1610/472 736/2699/472 1499/2700/472
f 1499/2701/473 736/2699/473 737/2290/473 1510/2291/473
f 1510/2291/474 737/2290/474 738/2702/474 1503/2703/474
f 1503/2704/475 738/2702/475 739/2705/475 1517/2706/475
f 1517/2707/476 739/2705/476 680/1459/476 1520/2082/476
f 1728/1858/345 474/1463/345 475/2420/345 1788/2421/345
f 1788/2422/346 475/2420/346 476/2423/346 1760/2424/346
f 1760/2425/347 476/2423/347 477/2426/347 1790/2427/347
f 1790/2428/348 477/2426/348 478/2429/348 1791/2430/348
f 1791/2431/349 478/2429/349 479/2432/349 1866/2433/349
f 1866/2434/350 479/2432/350 480/2435/350 1910/2436/350
f 1910/2437/351 480/2435/351 481/2438/351 1912/2439/351
f 1912/2440/352 481/2438/352 482/2441/352 1868/2442/352
f 1868/2443/353 482/2441/353 483/2444/353 1870/2445/353
f 1870/2446/354 483/2444/354 484/2447/354 1854/2448/354
f 1854/2449/355 484/2447/355 485/2450/355 1853/2451/355
f 485/2450/356 486/2452/356 1856/2453/356 1853/2454/356
f 486/2452/357 487/2455/357 1855/2456/357 1856/2453/357
f 487/2455/358 488/2457/358 1860/2458/358 1855/2456/358
f 488/2457/359 489/2459/359 1859/2460/359 1860/2461/359
f 489/2459/360 490/2462/360 1840/2463/360 1859/2464/360
f 490/2462/361 491/2465/361 1838/2466/361 1840/2467/361
f 491/2465/362 492/2468/362 1869/2469/362 1838/2470/362
f 492/2468/363 493/2471/363 1867/2472/363 1869/2708/363
f 493/2471/364 494/2473/364 1776/2474/364 1867/2475/364
f 494/2473/365 495/2476/365 1778/2477/365 1776/2478/365
f 495/2476/366 496/2479/366 1769/2480/366 1778/2481/366
f 496/2479/367 497/2482/367 1771/2483/367 1769/2484/367
f 497/2482/368 498/2485/368 1792/2486/368 1771/2487/368
f 498/2485/369 499/2488/369 1761/2489/369 1792/2486/369
f 499/2488/370 500/2490/370 1803/2491/370 1761/2492/370
f 500/2490/371 501/2493/371 1729/2494/371 1803/2495/371
f 501/2493/372 502/2496/372 1804/2497/372 1729/2498/372
f 502/2496/373 503/2499/373 1734/2500/373 1804/2501/373
f 1734/2502/374 503/2499/374 504/2503/374 1736/2504/374
f 1736/2505/375 504/2503/375 505/2506/375 1737/2507/375
f 1737/2709/376 505/2506/376 506/2509/376 1679/2510/376
f 1679/2511/377 506/2509/377 507/2512/377 1681/2513/377
f 1681/2514/378 507/2512/378 508/2515/378 1683/2516/378
f 1683/2516/379 508/2515/379 509/2517/379 1684/2518/379
f 1684/2710/380 509/2517/380 510/2519/380 1686/2520/380
f 1686/2520/381 510/2519/381 511/2521/381 1688/2522/381
f 1688/2522/382 511/2521/382 512/2523/382 1690/2524/382
f 1690/2525/383 512/2523/383 513/2526/383 1738/2527/383
f 1738/2527/384 513/2526/384 514/2528/384 1739/2529/384
f 1739/2530/385 514/2528/385 515/2531/385 1740/2532/385
f 1740/2533/386 515/2531/386 516/2534/386 1742/2535/386
f 1742/2536/387 516/2534/387 517/2537/387 1805/2538/387
f 1805/2539/388 517/2537/388 518/2540/388 1806/2541/388
f 1806/2541/389 518/2540/389 519/2542/389 1764/2543/389
f 1764/2543/390 519/2542/390 520/2544/390 1766/2545/390
f 1766/2545/391 520/2544/391 521/2546/391 1783/2547/391
f 1783/2711/392 521/2546/392 522/2548/392 2050/2549/392
f 2050/2549/393 522/2548/393 523/2550/393 1873/2551/393
f 1873/2712/394 523/2550/394 524/2552/394 1872/2553/394
f 1872/2713/395 524/2552/395 525/2554/395 1924/2555/395
f 1924/2555/396 525/2554/396 526/2557/396 1923/2558/396
f 526/2557/397 527/2559/397 1922/2560/397 1923/2561/397
f 527/2559/398 528/2562/398 2031/2563/398 1922/2560/398
f 528/2562/399 529/2564/399 2030/2565/399 2031/2714/399
f 529/2564/400 530/2567/400 2029/2568/400 2030/2715/400
f 530/2567/401 531/2570/401 2028/2571/401 2029/2572/401
f 531/2570/402 532/2573/402 2027/2574/402 2028/2575/402
f 532/2573/403 533/2576/403 2026/2577/403 2027/2716/403
f 533/2576/404 534/2579/404 2025/2580/404 2026/2717/404
f 534/2579/405 535/2582/405 2022/2583/405 2025/2584/405
f 535/2582/406 536/2585/406 2020/2586/406 2022/2587/406
f 536/2585/407 537/2588/407 2018/2589/407 2020/2590/407
f 537/2588/408 538/2591/408 1914/2592/408 2018/2593/408
f 538/2591/409 539/2594/409 1913/2595/409 1914/2718/409
f 539/2594/410 540/2597/410 1911/2598/410 1913/2599/410
f 540/2597/411 541/2600/411 1865/2601/411 1911/2602/411
f 541/2600/412 542/2603/412 2046/2719/412 1865/2605/412
f 542/2603/413 543/2606/413 1789/2607/413 2046/2719/413
f 543/2606/414 544/2609/414 1787/2610/414 1789/2611/414
f 544/2609/415 545/2612/415 1786/2613/415 1787/2614/415
f 1786/2615/416 545/2612/416 546/2616/416 1802/2617/416
f 1802/2720/417 546/2616/417 474/1459/417 1728/2082/417
f 1780/2194/418 547/1463/418 548/2618/418 1779/2619/418
f 1779/2620/419 548/2618/419 549/2621/419 1839/2622/419
f 1839/2623/420 549/2621/420 550/2214/420 1841/2215/420
f 1841/2404/421 550/2214/421 551/2624/421 1837/2625/421
f 1837/2626/422 551/2624/422 552/1655/422 1861/2091/422
f 1861/2095/423 552/1655/423 553/1561/423 1862/2220/423
f 1862/2405/424 553/1561/424 554/2627/424 1857/2628/424
f 1857/2721/425 554/2627/425 555/2630/425 1858/2631/425
f 1858/2632/426 555/2630/426 556/2223/426 1883/2224/426
f 1883/2225/427 556/2223/427 557/1673/427 1880/1895/427
f 1880/2104/428 557/1673/428 558/2633/428 1876/2634/428
f 1876/2635/429 558/2633/429 559/1477/429 1877/2229/429
f 1877/2406/430 559/1477/430 560/2636/430 1879/2637/430
f 1879/2722/431 560/2636/431 561/2638/431 1881/2639/431
f 1881/2640/432 561/2638/432 562/1618/432 1882/2110/432
f 1882/2198/433 562/1618/433 563/2641/433 1884/2642/433
f 1884/2723/434 563/2641/434 564/2643/434 1915/2644/434
f 1915/2645/435 564/2643/435 565/1557/435 1916/2236/435
f 1916/2237/436 565/1557/436 566/2646/436 1917/2647/436
f 1917/2724/477 566/2646/477 567/1508/477 1918/1933/477
f 1918/1934/438 567/1508/438 568/2241/438 1919/2242/438
f 1919/2242/439 568/2241/439 569/2648/439 1920/2649/439
f 1920/2650/440 569/2648/440 570/2651/440 1890/2652/440
f 1890/2652/441 570/2651/441 571/1416/441 1905/2243/441
f 1905/2654/442 571/1416/442 572/1582/442 1885/2128/442
f 1885/2128/443 572/1582/443 573/2655/443 1878/2656/443
f 1878/2656/444 573/2655/444 574/2248/444 1874/2250/444
f 1874/2250/445 574/2248/445 575/2657/445 1875/2658/445
f 1875/2659/446 575/2657/446 576/2660/446 1921/2661/446
f 576/2660/447 577/1558/447 1863/1971/447 1921/2662/447
f 577/1558/448 578/2663/448 1848/2664/448 1863/1971/448
f 578/2663/449 579/2665/449 1871/2666/449 1848/2664/449
f 579/2665/450 580/2256/450 1842/2257/450 1871/2666/450
f 580/2256/451 581/2667/451 2278/2668/451 1842/2258/451
f 581/2667/452 582/1643/452 1775/2146/452 2278/2669/452
f 582/1643/453 583/1489/453 1782/2262/453 1775/2146/453
f 583/1489/454 584/2670/454 1765/2671/454 1782/2263/454
f 584/2670/455 585/2672/455 1757/2673/455 1765/2671/455
f 585/2672/478 586/2264/478 1763/2265/478 1757/2725/478
f 586/2264/457 587/1507/457 1754/2007/457 1763/2266/457
f 587/1507/458 588/2675/458 1741/2676/458 1754/2011/458
f 588/2675/459 589/1559/459 1727/2270/459 1741/2677/459
f 589/1559/460 590/2678/460 1725/2679/460 1727/2271/460
f 590/2678/127 591/2680/127 1731/2681/127 1725/2682/127
f 591/2680/461 592/1601/461 1724/2165/461 1731/2683/461
f 592/1601/462 593/2684/462 1719/2685/462 1724/2166/462
f 593/2684/463 594/2686/463 1721/2687/463 1719/2685/463
f 594/2686/464 595/1444/464 1720/2278/464 1721/2726/464
f 595/1444/465 596/2690/465 1723/2691/465 1720/2692/465
f 596/2690/466 597/1580/466 1722/2044/466 1723/2693/466
f 597/1580/467 598/2283/467 1730/2284/467 1722/2045/467
f 598/2283/468 599/2694/468 1726/2695/468 1730/2411/468
f 599/2694/469 600/2696/469 1735/2697/469 1726/2695/469
f 1735/2698/470 600/2696/470 601/1560/470 1750/2412/470
f 1750/2286/471 601/1560/471 602/1610/471 1753/2183/471
f 1753/2187/472 602/1610/472 603/2699/472 1762/2700/472
f 1762/2701/473 603/2699/473 604/2290/473 1793/2291/473
f 1793/2294/474 604/2290/474 605/2702/474 1772/2703/474
f 1772/2704/475 605/2702/475 606/2705/475 1777/2706/475
f 1777/2707/476 606/2705/476 547/1459/476 1780/2082/476
f 2295/1858/345 341/1463/345 342/2420/345 2299/2421/345
f 2299/2422/346 342/2420/346 343/2423/346 2325/2424/346
f 2325/2425/347 343/2423/347 344/2426/347 2331/2427/347
f 2331/2427/348 344/2426/348 345/2429/348 2332/2430/348
f 2332/2727/349 345/2429/349 346/2432/349 2326/2433/349
f 2326/2434/350 346/2432/350 347/2435/350 2390/2436/350
f 2390/2436/351 347/2435/351 348/2438/351 2391/2439/351
f 2391/2728/352 348/2438/352 349/2441/352 2392/2442/352
f 2392/2443/353 349/2441/353 350/2444/353 2379/2445/353
f 2379/2446/354 350/2444/354 351/2447/354 2371/2448/354
f 2371/2449/355 351/2447/355 352/2450/355 2359/2451/355
f 352/2450/356 353/2452/356 2373/2453/356 2359/2454/356
f 353/2452/357 354/2455/357 2372/2456/357 2373/2453/357
f 354/2455/358 355/2457/358 2370/2458/358 2372/2456/358
f 355/2457/359 356/2459/359 2349/2460/359 2370/2461/359
f 356/2459/360 357/2462/360 2380/2463/360 2349/2464/360
f 357/2462/361 358/2465/361 2378/2466/361 2380/2467/361
f 358/2465/362 359/2468/362 2320/2469/362 2378/2466/362
f 359/2468/363 360/2471/363 2316/2472/363 2320/2708/363
f 360/2471/364 361/2473/364 2314/2474/364 2316/2475/364
f 361/2473/365 362/2476/365 2327/2477/365 2314/2478/365
f 362/2476/366 363/2479/366 2307/2480/366 2327/2481/366
f 363/2479/367 364/2482/367 2310/2483/367 2307/2484/367
f 364/2482/368 365/2485/368 2333/2486/368 2310/2487/368
f 365/2485/369 366/2488/369 2330/2489/369 2333/2486/369
f 366/2488/370 367/2490/370 2300/2491/370 2330/2489/370
f 367/2490/371 368/2493/371 2296/2494/371 2300/2495/371
f 368/2493/372 369/2496/372 2289/2497/372 2296/2498/372
f 369/2496/373 370/2499/373 2019/2500/373 2289/2729/373
f 2019/2730/374 370/2499/374 371/2503/374 2021/2504/374
f 2021/2505/375 371/2503/375 372/2506/375 2023/2507/375
f 2023/2709/376 372/2506/376 373/2509/376 2024/2510/376
f 2024/2511/377 373/2509/377 374/2512/377 2008/2513/377
f 2008/2514/378 374/2512/378 375/2515/378 2009/2516/378
f 2009/2516/379 375/2515/379 376/2517/379 2010/2518/379
f 2010/2710/380 376/2517/380 377/2519/380 2011/2520/380
f 2011/2731/381 377/2519/381 378/2521/381 2012/2522/381
f 2012/2732/382 378/2521/382 379/2523/382 2013/2524/382
f 2013/2525/383 379/2523/383 380/2526/383 2015/2527/383
f 2015/2733/384 380/2526/384 381/2528/384 2032/2529/384
f 2032/2530/385 381/2528/385 382/2531/385 2047/2532/385
f 2047/2533/386 382/2531/386 383/2534/386 2048/2535/386
f 2048/2536/387 383/2534/387 384/2537/387 2049/2538/387
f 2049/2539/388 384/2537/388 385/2540/388 2076/2541/388
f 2076/2734/389 385/2540/389 386/2542/389 2077/2543/389
f 2077/2543/390 386/2542/390 387/2544/390 2067/2545/390
f 2067/2545/391 387/2544/391 388/2546/391 2308/2547/391
f 2308/2711/392 388/2546/392 389/2548/392 2323/2549/392
f 2323/2549/393 389/2548/393 390/2550/393 2394/2551/393
f 2394/2712/394 390/2550/394 391/2552/394 2384/2553/394
f 2384/2713/395 391/2552/395 392/2554/395 2509/2555/395
f 2509/2555/396 392/2554/396 393/2557/396 2508/2558/396
f 393/2557/397 394/2559/397 2507/2560/397 2508/2561/397
f 394/2559/398 395/2562/398 2506/2563/398 2507/2560/398
f 395/2562/399 396/2564/399 2505/2565/399 2506/2714/399
f 396/2564/400 397/2567/400 2425/2568/400 2505/2715/400
f 397/2567/401 398/2570/401 2423/2571/401 2425/2735/401
f 398/2570/402 399/2573/402 2421/2574/402 2423/2575/402
f 399/2573/403 400/2576/403 2418/2577/403 2421/2578/403
f 400/2576/404 401/2579/404 2417/2580/404 2418/2581/404
f 401/2579/405 402/2582/405 2432/2583/405 2417/2584/405
f 402/2582/406 403/2585/406 2504/2586/406 2432/2587/406
f 403/2585/407 404/2588/407 2503/2589/407 2504/2590/407
f 404/2588/408 405/2591/408 2502/2592/408 2503/2593/408
f 405/2591/409 406/2594/409 2501/2595/409 2502/2718/409
f 406/2594/410 407/2597/410 2500/2598/410 2501/2599/410
f 407/2597/411 408/2600/411 2389/2601/411 2500/2602/411
f 408/2600/412 409/2603/412 2388/2719/412 2389/2736/412
f 409/2603/413 410/2606/413 2324/2607/413 2388/2719/413
f 410/2606/414 411/2609/414 2329/2610/414 2324/2611/414
f 411/2609/415 412/2612/415 2304/2613/415 2329/2614/415
f 2304/2613/416 412/2612/416 413/2616/416 2288/2617/416
f 2288/2617/417 413/2616/417 341/1459/417 2295/2082/417
f 2315/2194/418 414/1463/418 415/2618/418 2317/2619/418
f 2317/2619/419 415/2618/419 416/2621/419 2321/2622/419
f 2321/2623/420 416/2621/420 417/2214/420 2350/2215/420
f 2350/2219/421 417/2214/421 418/2624/421 2351/2625/421
f 2351/2626/422 418/2624/422 419/1655/422 2381/2091/422
f 2381/2095/423 419/1655/423 420/1561/423 2382/2220/423
f 2382/2405/424 420/1561/424 421/2627/424 2374/2628/424
f 2374/2721/425 421/2627/425 422/2630/425 2375/2631/425
f 2375/2632/426 422/2630/426 423/2223/426 2358/2224/426
f 2358/2225/427 423/2223/427 424/1673/427 2366/1895/427
f 2366/2104/428 424/1673/428 425/2633/428 2433/2634/428
f 2433/2635/429 425/2633/429 426/1477/429 2434/2229/429
f 2434/2406/430 426/1477/430 427/2636/430 2435/2637/430
f 2435/2722/431 427/2636/431 428/2638/431 2436/2639/431
f 2436/2640/432 428/2638/432 429/1618/432 2437/2110/432
f 2437/2198/433 429/1618/433 430/2641/433 2438/2642/433
f 2438/2723/434 430/2641/434 431/2643/434 2439/2644/434
f 2439/2645/435 431/2643/435 432/1557/435 2440/2236/435
f 2440/2237/436 432/1557/436 433/2646/436 2441/2647/436
f 2441/2724/477 433/2646/477 434/1508/477 2442/1933/477
f 2442/1934/438 434/1508/438 435/2241/438 2443/2242/438
f 2443/2242/439 435/2241/439 436/2648/439 2444/2649/439
f 2444/2650/440 436/2648/440 437/2651/440 2397/2652/440
f 2397/2653/441 437/2651/441 438/1416/441 2408/2243/441
f 2408/2654/442 438/1416/442 439/1582/442 2396/2128/442
f 2396/2128/443 439/1582/443 440/2655/443 2510/2656/443
f 2510/2656/444 440/2655/444 441/2248/444 2363/2250/444
f 2363/2250/445 441/2248/445 442/2657/445 2367/2658/445
f 2367/2659/446 442/2657/446 443/2660/446 2376/2661/446
f 443/2660/447 444/1558/447 2357/1971/447 2376/2661/447
f 444/1558/448 445/2663/448 2383/2664/448 2357/1974/448
f 445/2663/449 446/2665/449 2352/2666/449 2383/2737/449
f 446/2665/450 447/2256/450 2393/2257/450 2352/2666/450
f 447/2256/451 448/2667/451 2322/2668/451 2393/2258/451
f 448/2667/452 449/1643/452 2309/2146/452 2322/2669/452
f 449/1643/453 450/1489/453 2306/2262/453 2309/2147/453
f 450/1489/454 451/2670/454 2312/2671/454 2306/2263/454
f 451/2670/455 452/2672/455 2334/2673/455 2312/2671/455
f 452/2672/478 453/2264/478 2066/2265/478 2334/2673/478
f 453/2264/457 454/1507/457 2075/2007/457 2066/2266/457
f 454/1507/458 455/2675/458 2064/2676/458 2075/2011/458
f 455/2675/459 456/1559/459 2063/2270/459 2064/2738/459
f 456/1559/460 457/2678/460 2065/2679/460 2063/2271/460
f 457/2678/127 458/2680/127 2014/2681/127 2065/2679/127
f 458/2680/461 459/1601/461 1996/2165/461 2014/2683/461
f 459/1601/462 460/2684/462 1998/2685/462 1996/2166/462
f 460/2684/463 461/2686/463 2000/2687/463 1998/2685/463
f 461/2686/464 462/1444/464 1999/2278/464 2000/2726/464
f 462/1444/465 463/2690/465 1997/2691/465 1999/2692/465
f 463/2690/466 464/1580/466 2275/2044/466 1997/2691/466
f 464/1580/467 465/2283/467 2293/2284/467 2275/2044/467
f 465/2283/468 466/2694/468 2297/2695/468 2293/2411/468
f 466/2694/469 467/2696/469 2294/2697/469 2297/2739/469
f 2294/2698/470 467/2696/470 468/1560/470 2302/2412/470
f 2302/2286/471 468/1560/471 469/1610/471 2298/2183/471
f 2298/2208/472 469/1610/472 470/2699/472 2301/2700/472
f 2301/2701/473 470/2699/473 471/2290/473 2305/2291/473
f 2305/2294/474 471/2290/474 472/2702/474 2311/2703/474
f 2311/2704/475 472/2702/475 473/2705/475 2313/2706/475
f 2313/2707/476 473/2705/476 414/1459/476 2315/2082/476
f 2477/1858/345 208/1463/345 209/2420/345 2469/2421/345
f 2469/2422/346 209/2420/346 210/2423/346 2548/2424/346
f 2548/2425/347 210/2423/347 211/2426/347 2614/2427/347
f 2614/2428/348 211/2426/348 212/2429/348 2549/2430/348
f 2549/2431/349 212/2429/349 213/2432/349 2550/2433/349
f 2550/2434/350 213/2432/350 214/2435/350 2617/2436/350
f 2617/2437/351 214/2435/351 215/2438/351 2618/2439/351
f 2618/2440/352 215/2438/352 216/2441/352 2619/2442/352
f 2619/2443/353 216/2441/353 217/2444/353 2590/2445/353
f 2590/2446/354 217/2444/354 218/2447/354 2576/2448/354
f 2576/2448/355 218/2447/355 219/2450/355 2622/2451/355
f 219/2450/356 220/2452/356 2578/2453/356 2622/2454/356
f 220/2452/357 221/2455/357 2577/2456/357 2578/2453/357
f 221/2455/358 222/2457/358 2582/2458/358 2577/2456/358
f 222/2457/359 223/2459/359 2566/2460/359 2582/2461/359
f 223/2459/360 224/2462/360 2591/2463/360 2566/2740/360
f 224/2462/361 225/2465/361 2589/2466/361 2591/2467/361
f 225/2465/362 226/2468/362 2537/2469/362 2589/2470/362
f 226/2468/363 227/2471/363 2544/2472/363 2537/2469/363
f 227/2471/364 228/2473/364 2529/2474/364 2544/2475/364
f 228/2473/365 229/2476/365 2531/2477/365 2529/2478/365
f 229/2476/366 230/2479/366 2525/2480/366 2531/2481/366
f 230/2479/367 231/2482/367 2551/2483/367 2525/2484/367
f 231/2482/368 232/2485/368 2518/2486/368 2551/2483/368
f 232/2485/369 233/2488/369 2748/2489/369 2518/2486/369
f 233/2488/370 234/2490/370 2470/2491/370 2748/2492/370
f 234/2490/371 235/2493/371 2478/2494/371 2470/2495/371
f 235/2493/372 236/2496/372 2479/2497/372 2478/2498/372
f 236/2496/373 237/2499/373 2480/2500/373 2479/2501/373
f 2480/2502/374 237/2499/374 238/2503/374 2481/2504/374
f 2481/2505/375 238/2503/375 239/2506/375 2482/2507/375
f 2482/2709/376 239/2506/376 240/2509/376 2483/2510/376
f 2483/2511/377 240/2509/377 241/2512/377 2416/2513/377
f 2416/2514/378 241/2512/378 242/2515/378 2419/2516/378
f 2419/2516/379 242/2515/379 243/2517/379 2420/2518/379
f 2420/2710/380 243/2517/380 244/2519/380 2422/2520/380
f 2422/2731/381 244/2519/381 245/2521/381 2424/2522/381
f 2424/2522/382 245/2521/382 246/2523/382 2426/2524/382
f 2426/2525/383 246/2523/383 247/2526/383 2486/2527/383
f 2486/2527/384 247/2526/384 248/2528/384 2487/2529/384
f 2487/2530/385 248/2528/385 249/2531/385 2488/2532/385
f 2488/2533/386 249/2531/386 250/2534/386 2489/2535/386
f 2489/2536/387 250/2534/387 251/2537/387 2491/2538/387
f 2491/2539/388 251/2537/388 252/2540/388 2473/2541/388
f 2473/2541/389 252/2540/389 253/2542/389 2467/2543/389
f 2467/2543/390 253/2542/390 254/2544/390 2521/2545/390
f 2521/2545/391 254/2544/391 255/2546/391 2533/2547/391
f 2533/2547/392 255/2546/392 256/2548/392 2539/2549/392
f 2539/2549/393 256/2548/393 257/2550/393 2570/2551/393
f 2570/2551/394 257/2550/394 258/2552/394 2594/2553/394
f 2594/2553/395 258/2552/395 259/2554/395 2735/2555/395
f 2735/2556/396 259/2554/396 260/2557/396 2734/2558/396
f 260/2557/397 261/2559/397 2733/2560/397 2734/2561/397
f 261/2559/398 262/2562/398 2661/2563/398 2733/2560/398
f 262/2562/399 263/2564/399 2660/2565/399 2661/2566/399
f 263/2564/400 264/2567/400 2666/2568/400 2660/2569/400
f 264/2567/401 265/2570/401 2668/2571/401 2666/2572/401
f 265/2570/402 266/2573/402 2674/2574/402 2668/2575/402
f 266/2573/403 267/2576/403 2721/2577/403 2674/2578/403
f 267/2576/404 268/2579/404 2720/2580/404 2721/2581/404
f 268/2579/405 269/2582/405 2719/2583/405 2720/2584/405
f 269/2582/406 270/2585/406 2718/2586/406 2719/2587/406
f 270/2585/407 271/2588/407 2726/2589/407 2718/2590/407
f 271/2588/408 272/2591/408 2725/2592/408 2726/2593/408
f 272/2591/409 273/2594/409 2724/2595/409 2725/2596/409
f 273/2594/410 274/2597/410 2723/2598/410 2724/2599/410
f 274/2597/411 275/2600/411 2616/2601/411 2723/2602/411
f 275/2600/412 276/2603/412 2615/2604/412 2616/2605/412
f 276/2603/413 277/2606/413 2547/2607/413 2615/2608/413
f 277/2606/414 278/2609/414 2741/2610/414 2547/2611/414
f 278/2609/415 279/2612/415 2499/2613/415 2741/2614/415
f 2499/2613/416 279/2612/416 280/2616/416 2476/2617/416
f 2476/2720/417 280/2616/417 208/1459/417 2477/2082/417
f 2543/1858/418 281/1463/418 282/2618/418 2536/2619/418
f 2536/2620/419 282/2618/419 283/2621/419 2538/2622/419
f 2538/2623/420 283/2621/420 284/2214/420 2567/2215/420
f 2567/2219/421 284/2214/421 285/2624/421 2568/2625/421
f 2568/2626/422 285/2624/422 286/1655/422 2592/2091/422
f 2592/2095/423 286/1655/423 287/1561/423 2742/2220/423
f 2742/2405/424 287/1561/424 288/2627/424 2743/2628/424
f 2743/2629/425 288/2627/425 289/2630/425 2744/2631/425
f 2744/2632/426 289/2630/426 290/2223/426 2621/2224/426
f 2621/2225/427 290/2223/427 291/1673/427 2624/1895/427
f 2624/1897/428 291/1673/428 292/2633/428 2630/2634/428
f 2630/2635/429 292/2633/429 293/1477/429 2631/2229/429
f 2631/2406/430 293/1477/430 294/2636/430 2632/2637/430
f 2632/2637/431 294/2636/431 295/2638/431 2633/2639/431
f 2633/2640/432 295/2638/432 296/1618/432 2634/2110/432
f 2634/2110/433 296/1618/433 297/2641/433 2635/2642/433
f 2635/2642/434 297/2641/434 298/2643/434 2727/2644/434
f 2727/2645/435 298/2643/435 299/1557/435 2728/2236/435
f 2728/2237/436 299/1557/436 300/2646/436 2729/2647/436
f 2729/2647/477 300/2646/477 301/1508/477 2730/1933/477
f 2730/1934/438 301/1508/438 302/2241/438 2731/2242/438
f 2731/2242/439 302/2241/439 303/2648/439 2732/2649/439
f 2732/2650/440 303/2648/440 304/2651/440 2639/2652/440
f 2639/2653/441 304/2651/441 305/1416/441 2659/2243/441
f 2659/2654/442 305/1416/442 306/1582/442 2627/2128/442
f 2627/2207/443 306/1582/443 307/2655/443 2636/2656/443
f 2636/2656/444 307/2655/444 308/2248/444 2623/2250/444
f 2623/2250/445 308/2248/445 309/2657/445 2625/2658/445
f 2625/2659/446 309/2657/446 310/2660/446 2745/2661/446
f 310/2660/447 311/1558/447 2583/1971/447 2745/2662/447
f 311/1558/448 312/2663/448 2593/2664/448 2583/1971/448
f 312/2663/449 313/2665/449 2569/2666/449 2593/2664/449
f 313/2665/450 314/2256/450 2558/2257/450 2569/2666/450
f 314/2256/451 315/2667/451 2540/2668/451 2558/2258/451
f 315/2667/452 316/1643/452 2528/2146/452 2540/2669/452
f 316/1643/453 317/1489/453 2532/2262/453 2528/2146/453
f 317/1489/454 318/2670/454 2553/2671/454 2532/2263/454
f 318/2670/455 319/2672/455 2520/2673/455 2553/2674/455
f 319/2672/478 320/2264/478 2513/2265/478 2520/2673/478
f 320/2264/457 321/1507/457 2490/2007/457 2513/2265/457
f 321/1507/458 322/2675/458 2463/2676/458 2490/2011/458
f 322/2675/459 323/1559/459 2472/2270/459 2463/2677/459
f 323/1559/460 324/2678/460 2458/2679/460 2472/2271/460
f 324/2678/127 325/2680/127 2485/2681/127 2458/2682/127
f 325/2680/461 326/1601/461 2449/2165/461 2485/2683/461
f 326/1601/462 327/2684/462 2453/2685/462 2449/2166/462
f 327/2684/463 328/2686/463 2446/2687/463 2453/2685/463
f 328/2686/464 329/1444/464 2445/2278/464 2446/2726/464
f 329/1444/465 330/2690/465 2452/2691/465 2445/2692/465
f 330/2690/466 331/1580/466 2484/2044/466 2452/2693/466
f 331/1580/467 332/2283/467 2457/2284/467 2484/2045/467
f 332/2283/468 333/2694/468 2471/2695/468 2457/2411/468
f 333/2694/469 334/2696/469 2462/2697/469 2471/2695/469
f 2462/2698/470 334/2696/470 335/1560/470 2465/2412/470
f 2465/2286/471 335/1560/471 336/1610/471 2749/2183/471
f 2749/2208/472 336/1610/472 337/2699/472 2512/2700/472
f 2512/2701/473 337/2699/473 338/2290/473 2519/2291/473
f 2519/2291/474 338/2290/474 339/2702/474 2552/2703/474
f 2552/2704/475 339/2702/475 340/2705/475 2530/2706/475
f 2530/2707/476 340/2705/476 281/1459/476 2543/2082/476
f 1404/1858/155 204/1463/155 205/1618/155 1407/2110/155
f 1407/2198/157 205/1618/157 206/1558/157 1491/1971/157
f 206/1558/106 207/1601/106 2281/2165/106 1491/1974/106
f 207/1601/156 204/1459/156 1404/2082/156 2281/2166/156
f 193/1463/479 194/1656/479 2283/2741/479 2290/1858/479
f 194/1656/106 195/1668/106 2282/2742/106 2283/2743/106
f 195/1668/156 196/1600/156 2280/2744/156 2282/2745/156
f 2280/2746/155 196/1600/155 197/1563/155 2292/2747/155
f 2292/2748/157 197/1563/157 198/1624/157 2287/2749/157
f 198/1624/106 199/1686/106 2291/2750/106 2287/2751/106
f 2291/2752/480 199/1686/480 200/1630/480 2286/2753/480
f 2286/2754/157 200/1630/157 201/1609/157 2303/2755/157
f 201/1609/481 202/1578/481 2285/2756/481 2303/2757/481
f 2285/2758/482 202/1578/482 203/1608/482 2386/2759/482
f 203/1608/156 193/1459/156 2290/2082/156 2386/2760/156
f 2385/1858/155 189/1463/155 190/1618/155 2284/2110/155
f 2284/2198/157 190/1618/157 191/1558/157 2401/1971/157 2338/2761/157
f 191/1558/106 192/1601/106 2400/2165/106 2401/1974/106
f 192/1601/156 189/1459/156 2385/2082/156 2400/2166/156
f 141/1463/483 142/2083/483 2355/2084/483 2368/1858/483
f 142/2083/484 143/2085/484 2353/2086/484 2355/2087/484
f 143/2085/485 144/2088/485 2347/2089/485 2353/2090/485
f 144/2088/486 145/1655/486 2345/2091/486 2347/2092/486
f 145/1655/487 146/2093/487 2343/2094/487 2345/2209/487
f 2343/2098/488 146/2093/488 147/2096/488 2339/2097/488
f 2339/2097/489 147/2096/489 148/2099/489 2337/2100/489
f 2337/2195/490 148/2099/490 149/1673/490 2341/1895/490
f 2341/1897/491 149/1673/491 150/2102/491 2335/2103/491
f 2335/2103/492 150/2102/492 151/2105/492 2328/2106/492
f 2328/2106/493 151/2105/493 152/2108/493 2318/2109/493
f 2318/2197/494 152/2108/494 153/1618/494 2319/2110/494
f 2319/2110/495 153/1618/495 154/2112/495 2387/2113/495
f 2387/2116/496 154/2112/496 155/2114/496 2336/2115/496
f 2336/2200/497 155/2114/497 156/2117/497 2342/2118/497
f 2342/2118/498 156/2117/498 157/1508/498 2340/1933/498
f 2340/1934/499 157/1508/499 158/2120/499 2348/2121/499
f 2348/2121/500 158/2120/500 159/26/500 2346/2123/500
f 2346/2124/501 159/26/501 160/2125/501 2344/2126/501
f 2344/2201/502 160/2125/502 161/1582/502 2377/2128/502
f 2377/2207/503 161/1582/503 162/2129/503 2354/2130/503
f 2354/2131/504 162/2129/504 163/2132/504 2356/2133/504
f 2356/2134/505 163/2132/505 164/2135/505 2369/2136/505
f 2369/2136/506 164/2135/506 165/1558/506 2365/1971/506
f 2365/1974/507 165/1558/507 166/2137/507 2362/2138/507
f 2362/2139/508 166/2137/508 167/2140/508 2431/2141/508
f 2431/2142/509 167/2140/509 168/2143/509 2395/2144/509
f 2395/2145/510 168/2143/510 169/1643/510 2407/2146/510
f 2407/2146/511 169/1643/511 170/2148/511 2399/2149/511
f 170/2148/512 171/2151/512 2403/2152/512 2399/2150/512
f 171/2151/513 172/2154/513 2430/2155/513 2403/2152/513
f 172/2154/514 173/1507/514 2412/2007/514 2430/2398/514
f 173/1507/515 174/2156/515 2410/2157/515 2412/2011/515
f 174/2156/516 175/2159/516 2415/2160/516 2410/2157/516
f 175/2159/517 176/2162/517 2413/2163/517 2415/2160/517
f 176/2162/518 177/1601/518 2414/2165/518 2413/2164/518
f 177/1601/519 178/2167/519 2409/2168/519 2414/2165/519
f 178/2167/520 179/2169/520 2411/2170/520 2409/2211/520
f 179/2169/521 180/2172/521 2429/2173/521 2411/2399/521
f 180/2172/522 181/1580/522 2402/2044/522 2429/2173/522
f 181/1580/523 182/2175/523 2398/2176/523 2402/2045/523
f 182/2175/524 183/2177/524 2404/2178/524 2398/2205/524
f 183/2177/525 184/2180/525 2406/2181/525 2404/2182/525
f 184/2180/526 185/1610/526 2405/2183/526 2406/2184/526
f 185/1610/527 186/2185/527 2360/2186/527 2405/2187/527
f 186/2185/528 187/2188/528 2361/2189/528 2360/2190/528
f 187/2188/529 188/2191/529 2364/2192/529 2361/2400/529
f 188/2191/530 141/1459/530 2368/2082/530 2364/2206/530
f 2428/1858/155 137/1463/155 138/1618/155 2427/2110/155
f 2427/2198/157 138/1618/157 139/1558/157 2498/1971/157
f 139/1558/106 140/1601/106 2747/2165/106 2498/1974/106
f 140/1601/156 137/1459/156 2428/2082/156 2747/2166/156
f 41/1463/332 42/2083/332 2702/2084/332 2699/2194/332
f 42/2083/160 43/2085/160 2701/2086/160 2702/2087/160
f 43/2085/161 44/2088/161 2706/2089/161 2701/2090/161
f 44/2088/162 45/1655/162 2705/2091/162 2706/2089/162
f 45/1655/163 46/2093/163 2704/2094/163 2705/2095/163
f 46/2093/164 47/2096/164 2709/2097/164 2704/2094/164
f 47/2096/165 48/2099/165 2708/2100/165 2709/2097/165
f 48/2099/166 49/1673/166 2683/1895/166 2708/2100/166
f 49/1673/167 50/2102/167 2677/2103/167 2683/2104/167
f 50/2102/168 51/2105/168 2670/2106/168 2677/2107/168
f 51/2105/169 52/2108/169 2647/2109/169 2670/2196/169
f 52/2108/170 53/1618/170 2643/2110/170 2647/2111/170
f 53/1618/171 54/2112/171 2651/2113/171 2643/2198/171
f 54/2112/172 55/2114/172 2655/2115/172 2651/2116/172
f 55/2114/173 56/2117/173 2737/2118/173 2655/2200/173
f 56/2117/174 57/1508/174 2738/1933/174 2737/2119/174
f 57/1508/175 58/2120/175 2598/2121/175 2738/1934/175
f 2598/2122/176 58/2120/176 59/26/176 2599/2123/176
f 2599/2124/177 59/26/177 60/2125/177 2601/2126/177 2600/2762/177
f 2601/2201/178 60/2125/178 61/1582/178 2602/2128/178
f 2602/2128/179 61/1582/179 62/2129/179 2603/2130/179
f 2603/2131/333 62/2129/333 63/2132/333 2604/2133/333
f 2604/2134/181 63/2132/181 64/2135/181 2605/2136/181
f 2605/2136/182 64/2135/182 65/1558/182 2606/1971/182
f 2606/1974/334 65/1558/334 66/2137/334 2607/2138/334
f 2607/2139/184 66/2137/184 67/2140/184 2608/2141/184
f 2608/2397/185 67/2140/185 68/2143/185 2609/2144/185
f 2609/2145/186 68/2143/186 69/1643/186 2610/2146/186
f 2610/2147/187 69/1643/187 70/2148/187 2611/2149/187
f 2611/2150/188 70/2148/188 71/2151/188 2613/2152/188
f 2613/2153/189 71/2151/189 72/2154/189 2740/2155/189
f 2740/2398/190 72/2154/190 73/1507/190 2658/2007/190
f 2658/2210/191 73/1507/191 74/2156/191 2654/2157/191
f 2654/2158/192 74/2156/192 75/2159/192 2642/2160/192
f 2642/2161/193 75/2159/193 76/2162/193 2649/2163/193
f 2649/2204/531 76/2162/531 77/1601/531 2673/2165/531
f 2673/2166/195 77/1601/195 78/2167/195 2688/2168/195
f 2688/2168/196 78/2167/196 79/2169/196 2686/2170/196
f 2686/2399/197 79/2169/197 80/2172/197 2717/2173/197
f 2717/2173/198 80/2172/198 81/1580/198 2716/2044/198
f 2716/2045/199 81/1580/199 82/2175/199 2715/2176/199
f 82/2175/200 83/2177/200 2714/2178/200 2715/2179/200
f 83/2177/201 84/2180/201 2712/2181/201 2714/2182/201
f 84/2180/202 85/1610/202 2711/2183/202 2712/2184/202
f 85/1610/203 86/2185/203 2703/2186/203 2711/2187/203
f 86/2185/204 87/2188/204 2700/2189/204 2703/2186/204
f 87/2188/205 88/2191/205 2698/2192/205 2700/2189/205
f 88/2191/206 41/1459/206 2699/2082/206 2698/2193/206
f 89/1463/207 90/2083/207 2564/2084/207 2556/1858/207
f 90/2083/208 91/2085/208 2560/2086/208 2564/2087/208
f 91/2085/209 92/2088/209 2587/2089/209 2560/2090/209
f 92/2088/210 93/1655/210 2572/2091/210 2587/2089/210
f 93/1655/335 94/2093/335 2580/2094/335 2572/2095/335
f 2580/2094/212 94/2093/212 95/2096/212 2739/2097/212
f 2739/2097/213 95/2096/213 96/2099/213 2628/2100/213
f 2628/2195/214 96/2099/214 97/1673/214 2656/1895/214
f 2656/1897/215 97/1673/215 98/2102/215 2652/2103/215
f 2652/2107/216 98/2102/216 99/2105/216 2644/2106/216
f 2644/2196/217 99/2105/217 100/2108/217 2646/2109/217
f 2646/2111/218 100/2108/218 101/1618/218 2669/2110/218
f 2669/2198/219 101/1618/219 102/2112/219 2671/2113/219
f 2671/2199/220 102/2112/220 103/2114/220 2675/2115/220
f 2675/2200/221 103/2114/221 104/2117/221 2678/2118/221
f 2678/2118/222 104/2117/222 105/1508/222 2684/1933/222
f 2684/1934/336 105/1508/336 106/2120/336 2682/2121/336
f 2682/2122/224 106/2120/224 107/26/224 2710/2123/224
f 2710/2123/532 107/26/532 108/2125/532 2691/2126/532
f 2691/2201/226 108/2125/226 109/1582/226 2689/2128/226
f 2689/2207/227 109/1582/227 110/2129/227 2696/2130/227
f 2696/2130/228 110/2129/228 111/2132/228 2694/2133/228
f 2694/2134/229 111/2132/229 112/2135/229 2693/2136/229
f 2693/2203/230 112/2135/230 113/1558/230 2695/1971/230
f 2695/1974/231 113/1558/231 114/2137/231 2692/2138/231
f 2692/2138/232 114/2137/232 115/2140/232 2697/2141/232
f 2697/2142/233 115/2140/233 116/2143/233 2690/2144/233
f 2690/2145/234 116/2143/234 117/1643/234 2713/2146/234
f 2713/2147/235 117/1643/235 118/2148/235 2681/2149/235
f 118/2148/236 119/2151/236 2685/2152/236 2681/2150/236
f 119/2151/237 120/2154/237 2676/2155/237 2685/2152/237
f 120/2154/238 121/1507/238 2679/2007/238 2676/2398/238
f 121/1507/239 122/2156/239 2687/2157/239 2679/2210/239
f 122/2156/337 123/2159/337 2672/2160/337 2687/2158/337
f 123/2159/241 124/2162/241 2648/2163/241 2672/2161/241
f 124/2162/242 125/1601/242 2650/2165/242 2648/2164/242
f 125/1601/243 126/2167/243 2645/2168/243 2650/2165/243
f 126/2167/244 127/2169/244 2653/2170/244 2645/2168/244
f 127/2169/245 128/2172/245 2657/2173/245 2653/2399/245
f 128/2172/246 129/1580/246 2629/2044/246 2657/2174/246
f 129/1580/533 130/2175/533 2612/2176/533 2629/2045/533
f 130/2175/248 131/2177/248 2581/2178/248 2612/2205/248
f 131/2177/249 132/2180/249 2573/2181/249 2581/2182/249
f 132/2180/250 133/1610/250 2588/2183/250 2573/2181/250
f 133/1610/251 134/2185/251 2561/2186/251 2588/2187/251
f 134/2185/252 135/2188/252 2565/2189/252 2561/2186/252
f 135/2188/253 136/2191/253 2557/2192/253 2565/2189/253
f 136/2191/254 89/1459/254 2556/2082/254 2557/2193/254
o Text
v 0.382629 0.107307 1.117985
v 0.380480 0.107307 1.129657
v 0.376981 0.107307 1.140514
v 0.372200 0.107307 1.150494
v 0.366204 0.107307 1.159533
v 0.359060 0.107307 1.167570
v 0.350836 0.107307 1.174542
v 0.341600 0.107307 1.180387
v 0.331419 0.107307 1.185041
v 0.320360 0.107307 1.188444
v 0.308491 0.107307 1.190531
v 0.295880 0.107307 1.191240
v 0.283765 0.107307 1.190503
v 0.272310 0.107307 1.188343
v 0.261590 0.107307 1.184839
v 0.251680 0.107307 1.180067
v 0.242655 0.107307 1.174105
v 0.234590 0.107307 1.167030
v 0.227560 0.107307 1.158921
v 0.221640 0.107307 1.149854
v 0.216905 0.107307 1.139906
v 0.213430 0.107307 1.129157
v 0.211290 0.107307 1.117682
v 0.210560 0.107307 1.105560
v 0.211317 0.107307 1.094182
v 0.213530 0.107307 1.083328
v 0.217107 0.107307 1.073087
v 0.221960 0.107307 1.063547
v 0.227997 0.107307 1.054797
v 0.235130 0.107307 1.046925
v 0.243268 0.107307 1.040021
v 0.252320 0.107307 1.034173
v 0.262197 0.107307 1.029471
v 0.272810 0.107307 1.026002
v 0.284068 0.107307 1.023855
v 0.295880 0.107307 1.023120
v 0.308264 0.107307 1.023828
v 0.319985 0.107307 1.025902
v 0.330963 0.107307 1.029268
v 0.341120 0.107307 1.033853
v 0.350377 0.107307 1.039584
v 0.358655 0.107307 1.046385
v 0.365876 0.107307 1.054184
v 0.371960 0.107307 1.062907
v 0.376829 0.107307 1.072479
v 0.380405 0.107307 1.082828
v 0.382608 0.107307 1.093880
v 0.383360 0.107307 1.105560
v 0.243756 0.107307 1.113864
v 0.245037 0.107307 1.121648
v 0.247123 0.107307 1.128876
v 0.249973 0.107307 1.135507
v 0.253549 0.107307 1.141503
v 0.257810 0.107307 1.146825
v 0.262716 0.107307 1.151435
v 0.268227 0.107307 1.155293
v 0.274303 0.107307 1.158362
v 0.280903 0.107307 1.160602
v 0.287989 0.107307 1.161974
v 0.295520 0.107307 1.162440
v 0.303713 0.107307 1.161995
v 0.311350 0.107307 1.160678
v 0.318403 0.107307 1.158519
v 0.324840 0.107307 1.155547
v 0.330633 0.107307 1.151789
v 0.335750 0.107307 1.147275
v 0.340163 0.107307 1.142034
v 0.343840 0.107307 1.136093
v 0.346753 0.107307 1.129483
v 0.348870 0.107307 1.122232
v 0.350163 0.107307 1.114368
v 0.350600 0.107307 1.105920
v 0.350128 0.107307 1.098278
v 0.348745 0.107307 1.091045
v 0.346499 0.107307 1.084270
v 0.343440 0.107307 1.078000
v 0.339616 0.107307 1.072286
v 0.335075 0.107307 1.067175
v 0.329867 0.107307 1.062717
v 0.324040 0.107307 1.058960
v 0.317643 0.107307 1.055953
v 0.310725 0.107307 1.053745
v 0.303334 0.107307 1.052384
v 0.295520 0.107307 1.051920
v 0.288140 0.107307 1.052384
v 0.281153 0.107307 1.053743
v 0.274606 0.107307 1.055948
v 0.268547 0.107307 1.058947
v 0.263022 0.107307 1.062691
v 0.258080 0.107307 1.067130
v 0.253768 0.107307 1.072214
v 0.250133 0.107307 1.077893
v 0.247224 0.107307 1.084118
v 0.245087 0.107307 1.090837
v 0.243770 0.107307 1.098001
v 0.243320 0.107307 1.105560
v 0.142160 0.107307 1.188000
v 0.142160 0.107307 0.942480
v 0.174200 0.107307 0.942480
v 0.174200 0.107307 1.188000
v 0.076951 0.107307 0.996304
v 0.074482 0.107307 0.995792
v 0.072134 0.107307 0.994967
v 0.069933 0.107307 0.993854
v 0.067902 0.107307 0.992475
v 0.066065 0.107307 0.990855
v 0.064445 0.107307 0.989018
v 0.063067 0.107307 0.986987
v 0.061953 0.107307 0.984786
v 0.061128 0.107307 0.982439
v 0.060616 0.107307 0.979969
v 0.060440 0.107307 0.977400
v 0.060616 0.107307 0.974832
v 0.061128 0.107307 0.972362
v 0.061953 0.107307 0.970015
v 0.063067 0.107307 0.967813
v 0.064445 0.107307 0.965782
v 0.066065 0.107307 0.963945
v 0.067902 0.107307 0.962325
v 0.069933 0.107307 0.960947
v 0.072134 0.107307 0.959833
v 0.074482 0.107307 0.959009
v 0.076951 0.107307 0.958496
v 0.079520 0.107307 0.958320
v 0.082089 0.107307 0.958496
v 0.084558 0.107307 0.959008
v 0.086906 0.107307 0.959833
v 0.089107 0.107307 0.960947
v 0.091138 0.107307 0.962325
v 0.092975 0.107307 0.963945
v 0.094595 0.107307 0.965782
v 0.095973 0.107307 0.967813
v 0.097087 0.107307 0.970015
v 0.097912 0.107307 0.972362
v 0.098424 0.107307 0.974832
v 0.098600 0.107307 0.977400
v 0.098424 0.107307 0.979969
v 0.097912 0.107307 0.982439
v 0.097087 0.107307 0.984786
v 0.095973 0.107307 0.986987
v 0.094595 0.107307 0.989018
v 0.092975 0.107307 0.990855
v 0.091138 0.107307 0.992475
v 0.089107 0.107307 0.993854
v 0.086906 0.107307 0.994967
v 0.084558 0.107307 0.995792
v 0.082089 0.107307 0.996304
v 0.079520 0.107307 0.996480
v 0.063320 0.107307 1.188000
v 0.063320 0.107307 1.026360
v 0.095360 0.107307 1.026360
v 0.095360 0.107307 1.188000
v -0.009040 0.107307 1.188000
v -0.133960 0.107307 1.066680
v -0.133960 0.107307 1.188000
v -0.169240 0.107307 1.188000
v -0.169240 0.107307 0.942480
v -0.133960 0.107307 0.942480
v -0.133960 0.107307 1.054800
v -0.030640 0.107307 0.942480
v 0.013280 0.107307 0.942480
v -0.093640 0.107307 1.058760
v 0.039560 0.107307 1.188000
v -0.403600 0.107307 1.188000
v -0.403600 0.107307 0.942480
v -0.368320 0.107307 0.942480
v -0.368320 0.107307 1.188000
v 0.195760 0.107307 0.078426
v 0.205167 0.107307 0.071268
v 0.213924 0.107307 0.063883
v 0.222013 0.107307 0.056307
v 0.229418 0.107307 0.048575
v 0.236120 0.107307 0.040725
v 0.242102 0.107307 0.032792
v 0.247347 0.107307 0.024813
v 0.251836 0.107307 0.016824
v 0.255553 0.107307 0.008862
v 0.258480 0.107307 0.000961
v 0.260600 0.107307 -0.006840
v 0.257828 0.107307 -0.005273
v 0.254923 0.107307 -0.003817
v 0.251904 0.107307 -0.002475
v 0.248787 0.107307 -0.001253
v 0.245590 0.107307 -0.000157
v 0.242330 0.107307 0.000810
v 0.239025 0.107307 0.001642
v 0.235693 0.107307 0.002333
v 0.232351 0.107307 0.002880
v 0.229017 0.107307 0.003277
v 0.225707 0.107307 0.003518
v 0.222440 0.107307 0.003600
v 0.212905 0.107307 0.002954
v 0.203793 0.107307 0.001068
v 0.195181 0.107307 -0.001974
v 0.187147 0.107307 -0.006093
v 0.179767 0.107307 -0.011207
v 0.173120 0.107307 -0.017235
v 0.167283 0.107307 -0.024095
v 0.162333 0.107307 -0.031707
v 0.158349 0.107307 -0.039988
v 0.155407 0.107307 -0.048858
v 0.153585 0.107307 -0.058236
v 0.152960 0.107307 -0.068040
v 0.153567 0.107307 -0.077109
v 0.155357 0.107307 -0.086052
v 0.158281 0.107307 -0.094742
v 0.162293 0.107307 -0.103053
v 0.167345 0.107307 -0.110860
v 0.173390 0.107307 -0.118035
v 0.180380 0.107307 -0.124453
v 0.188267 0.107307 -0.129987
v 0.197004 0.107307 -0.134511
v 0.206543 0.107307 -0.137898
v 0.216838 0.107307 -0.140024
v 0.227840 0.107307 -0.140760
v 0.238906 0.107307 -0.139979
v 0.249377 0.107307 -0.137695
v 0.259183 0.107307 -0.133993
v 0.268253 0.107307 -0.128960
v 0.276519 0.107307 -0.122682
v 0.283910 0.107307 -0.115245
v 0.290356 0.107307 -0.106736
v 0.295787 0.107307 -0.097240
v 0.300133 0.107307 -0.086844
v 0.303323 0.107307 -0.075635
v 0.305289 0.107307 -0.063698
v 0.305960 0.107307 -0.051120
v 0.305119 0.107307 -0.036121
v 0.302653 0.107307 -0.020918
v 0.298648 0.107307 -0.005653
v 0.293187 0.107307 0.009533
v 0.286356 0.107307 0.024500
v 0.278240 0.107307 0.039105
v 0.268924 0.107307 0.053208
v 0.258493 0.107307 0.066667
v 0.247033 0.107307 0.079341
v 0.234627 0.107307 0.091088
v 0.221361 0.107307 0.101769
v 0.207320 0.107307 0.111240
v 0.185720 0.107307 0.085320
v 0.232683 0.107307 -0.029963
v 0.235500 0.107307 -0.030217
v 0.238438 0.107307 -0.030645
v 0.241480 0.107307 -0.031253
v 0.244613 0.107307 -0.032047
v 0.247820 0.107307 -0.033030
v 0.251088 0.107307 -0.034208
v 0.254400 0.107307 -0.035587
v 0.257743 0.107307 -0.037170
v 0.261100 0.107307 -0.038963
v 0.264458 0.107307 -0.040972
v 0.267800 0.107307 -0.043200
v 0.268214 0.107307 -0.045288
v 0.268558 0.107307 -0.047242
v 0.268841 0.107307 -0.049078
v 0.269067 0.107307 -0.050813
v 0.269243 0.107307 -0.052464
v 0.269375 0.107307 -0.054045
v 0.269470 0.107307 -0.055574
v 0.269533 0.107307 -0.057067
v 0.269572 0.107307 -0.058539
v 0.269592 0.107307 -0.060008
v 0.269599 0.107307 -0.061490
v 0.269600 0.107307 -0.063000
v 0.269226 0.107307 -0.068863
v 0.268135 0.107307 -0.074530
v 0.266377 0.107307 -0.079943
v 0.264000 0.107307 -0.085040
v 0.261053 0.107307 -0.089763
v 0.257585 0.107307 -0.094050
v 0.253644 0.107307 -0.097843
v 0.249280 0.107307 -0.101080
v 0.244541 0.107307 -0.103703
v 0.239475 0.107307 -0.105650
v 0.234132 0.107307 -0.106863
v 0.228560 0.107307 -0.107280
v 0.222851 0.107307 -0.106948
v 0.217448 0.107307 -0.105975
v 0.212388 0.107307 -0.104394
v 0.207707 0.107307 -0.102240
v 0.203440 0.107307 -0.099546
v 0.199625 0.107307 -0.096345
v 0.196297 0.107307 -0.092672
v 0.193493 0.107307 -0.088560
v 0.191249 0.107307 -0.084043
v 0.189602 0.107307 -0.079155
v 0.188586 0.107307 -0.073929
v 0.188240 0.107307 -0.068400
v 0.188622 0.107307 -0.063180
v 0.189733 0.107307 -0.058172
v 0.191525 0.107307 -0.053421
v 0.193947 0.107307 -0.048973
v 0.196948 0.107307 -0.044876
v 0.200480 0.107307 -0.041175
v 0.204492 0.107307 -0.037916
v 0.208933 0.107307 -0.035147
v 0.213755 0.107307 -0.032912
v 0.218907 0.107307 -0.031258
v 0.224338 0.107307 -0.030232
v 0.230000 0.107307 -0.029880
v 0.015760 0.107307 0.078426
v 0.025167 0.107307 0.071268
v 0.033924 0.107307 0.063883
v 0.042013 0.107307 0.056307
v 0.049418 0.107307 0.048575
v 0.056120 0.107307 0.040725
v 0.062102 0.107307 0.032792
v 0.067347 0.107307 0.024813
v 0.071836 0.107307 0.016824
v 0.075553 0.107307 0.008862
v 0.078480 0.107307 0.000961
v 0.080600 0.107307 -0.006840
v 0.077828 0.107307 -0.005273
v 0.074923 0.107307 -0.003817
v 0.071904 0.107307 -0.002475
v 0.068787 0.107307 -0.001253
v 0.065590 0.107307 -0.000157
v 0.062330 0.107307 0.000810
v 0.059025 0.107307 0.001642
v 0.055693 0.107307 0.002333
v 0.052351 0.107307 0.002880
v 0.049017 0.107307 0.003277
v 0.045707 0.107307 0.003518
v 0.042440 0.107307 0.003600
v 0.032905 0.107307 0.002954
v 0.023793 0.107307 0.001068
v 0.015181 0.107307 -0.001974
v 0.007147 0.107307 -0.006093
v -0.000233 0.107307 -0.011207
v -0.006880 0.107307 -0.017235
v -0.012717 0.107307 -0.024095
v -0.017667 0.107307 -0.031707
v -0.021651 0.107307 -0.039988
v -0.024593 0.107307 -0.048858
v -0.026415 0.107307 -0.058236
v -0.027040 0.107307 -0.068040
v -0.026433 0.107307 -0.077109
v -0.024643 0.107307 -0.086052
v -0.021719 0.107307 -0.094742
v -0.017707 0.107307 -0.103053
v -0.012655 0.107307 -0.110860
v -0.006610 0.107307 -0.118035
v 0.000380 0.107307 -0.124453
v 0.008267 0.107307 -0.129987
v 0.017004 0.107307 -0.134511
v 0.026543 0.107307 -0.137898
v 0.036838 0.107307 -0.140024
v 0.047840 0.107307 -0.140760
v 0.058906 0.107307 -0.139979
v 0.069377 0.107307 -0.137695
v 0.079183 0.107307 -0.133993
v 0.088253 0.107307 -0.128960
v 0.096519 0.107307 -0.122682
v 0.103910 0.107307 -0.115245
v 0.110356 0.107307 -0.106736
v 0.115787 0.107307 -0.097240
v 0.120133 0.107307 -0.086844
v 0.123323 0.107307 -0.075635
v 0.125289 0.107307 -0.063698
v 0.125960 0.107307 -0.051120
v 0.125119 0.107307 -0.036121
v 0.122653 0.107307 -0.020918
v 0.118648 0.107307 -0.005653
v 0.113187 0.107307 0.009533
v 0.106356 0.107307 0.024500
v 0.098240 0.107307 0.039105
v 0.088924 0.107307 0.053208
v 0.078493 0.107307 0.066667
v 0.067033 0.107307 0.079341
v 0.054627 0.107307 0.091088
v 0.041361 0.107307 0.101769
v 0.027320 0.107307 0.111240
v 0.005720 0.107307 0.085320
v 0.052683 0.107307 -0.029963
v 0.055500 0.107307 -0.030217
v 0.058438 0.107307 -0.030645
v 0.061480 0.107307 -0.031253
v 0.064613 0.107307 -0.032047
v 0.067820 0.107307 -0.033030
v 0.071088 0.107307 -0.034208
v 0.074400 0.107307 -0.035587
v 0.077743 0.107307 -0.037170
v 0.081100 0.107307 -0.038963
v 0.084458 0.107307 -0.040972
v 0.087800 0.107307 -0.043200
v 0.088214 0.107307 -0.045288
v 0.088558 0.107307 -0.047242
v 0.088841 0.107307 -0.049078
v 0.089067 0.107307 -0.050813
v 0.089243 0.107307 -0.052464
v 0.089375 0.107307 -0.054045
v 0.089470 0.107307 -0.055574
v 0.089533 0.107307 -0.057067
v 0.089572 0.107307 -0.058539
v 0.089592 0.107307 -0.060008
v 0.089599 0.107307 -0.061490
v 0.089600 0.107307 -0.063000
v 0.089226 0.107307 -0.068863
v 0.088135 0.107307 -0.074530
v 0.086377 0.107307 -0.079943
v 0.084000 0.107307 -0.085040
v 0.081053 0.107307 -0.089763
v 0.077585 0.107307 -0.094050
v 0.073644 0.107307 -0.097843
v 0.069280 0.107307 -0.101080
v 0.064541 0.107307 -0.103703
v 0.059475 0.107307 -0.105650
v 0.054132 0.107307 -0.106863
v 0.048560 0.107307 -0.107280
v 0.042851 0.107307 -0.106948
v 0.037448 0.107307 -0.105975
v 0.032388 0.107307 -0.104394
v 0.027707 0.107307 -0.102240
v 0.023440 0.107307 -0.099546
v 0.019625 0.107307 -0.096345
v 0.016297 0.107307 -0.092672
v 0.013493 0.107307 -0.088560
v 0.011249 0.107307 -0.084043
v 0.009602 0.107307 -0.079155
v 0.008586 0.107307 -0.073929
v 0.008240 0.107307 -0.068400
v 0.008622 0.107307 -0.063180
v 0.009733 0.107307 -0.058172
v 0.011525 0.107307 -0.053421
v 0.013947 0.107307 -0.048973
v 0.016948 0.107307 -0.044876
v 0.020480 0.107307 -0.041175
v 0.024492 0.107307 -0.037916
v 0.028933 0.107307 -0.035147
v 0.033755 0.107307 -0.032912
v 0.038907 0.107307 -0.031258
v 0.044338 0.107307 -0.030232
v 0.050000 0.107307 -0.029880
v -0.164240 0.107307 0.078426
v -0.154833 0.107307 0.071268
v -0.146076 0.107307 0.063883
v -0.137987 0.107307 0.056307
v -0.130582 0.107307 0.048575
v -0.123880 0.107307 0.040725
v -0.117898 0.107307 0.032792
v -0.112653 0.107307 0.024813
v -0.108164 0.107307 0.016824
v -0.104447 0.107307 0.008862
v -0.101520 0.107307 0.000961
v -0.099400 0.107307 -0.006840
v -0.102172 0.107307 -0.005273
v -0.105077 0.107307 -0.003817
v -0.108096 0.107307 -0.002475
v -0.111213 0.107307 -0.001253
v -0.114410 0.107307 -0.000157
v -0.117670 0.107307 0.000810
v -0.120975 0.107307 0.001642
v -0.124307 0.107307 0.002333
v -0.127649 0.107307 0.002880
v -0.130983 0.107307 0.003277
v -0.134293 0.107307 0.003518
v -0.137560 0.107307 0.003600
v -0.147095 0.107307 0.002954
v -0.156207 0.107307 0.001068
v -0.164819 0.107307 -0.001974
v -0.172853 0.107307 -0.006093
v -0.180233 0.107307 -0.011207
v -0.186880 0.107307 -0.017235
v -0.192717 0.107307 -0.024095
v -0.197667 0.107307 -0.031707
v -0.201651 0.107307 -0.039988
v -0.204593 0.107307 -0.048858
v -0.206415 0.107307 -0.058236
v -0.207040 0.107307 -0.068040
v -0.206433 0.107307 -0.077109
v -0.204643 0.107307 -0.086052
v -0.201719 0.107307 -0.094742
v -0.197707 0.107307 -0.103053
v -0.192655 0.107307 -0.110860
v -0.186610 0.107307 -0.118035
v -0.179620 0.107307 -0.124453
v -0.171733 0.107307 -0.129987
v -0.162996 0.107307 -0.134511
v -0.153457 0.107307 -0.137898
v -0.143162 0.107307 -0.140024
v -0.132160 0.107307 -0.140760
v -0.121094 0.107307 -0.139979
v -0.110623 0.107307 -0.137695
v -0.100817 0.107307 -0.133993
v -0.091747 0.107307 -0.128960
v -0.083481 0.107307 -0.122682
v -0.076090 0.107307 -0.115245
v -0.069644 0.107307 -0.106736
v -0.064213 0.107307 -0.097240
v -0.059867 0.107307 -0.086844
v -0.056677 0.107307 -0.075635
v -0.054711 0.107307 -0.063698
v -0.054040 0.107307 -0.051120
v -0.054881 0.107307 -0.036121
v -0.057347 0.107307 -0.020918
v -0.061352 0.107307 -0.005653
v -0.066813 0.107307 0.009533
v -0.073644 0.107307 0.024500
v -0.081760 0.107307 0.039105
v -0.091076 0.107307 0.053208
v -0.101507 0.107307 0.066667
v -0.112967 0.107307 0.079341
v -0.125373 0.107307 0.091088
v -0.138639 0.107307 0.101769
v -0.152680 0.107307 0.111240
v -0.174280 0.107307 0.085320
v -0.127317 0.107307 -0.029963
v -0.124500 0.107307 -0.030217
v -0.121562 0.107307 -0.030645
v -0.118520 0.107307 -0.031253
v -0.115387 0.107307 -0.032047
v -0.112180 0.107307 -0.033030
v -0.108912 0.107307 -0.034208
v -0.105600 0.107307 -0.035587
v -0.102257 0.107307 -0.037170
v -0.098900 0.107307 -0.038963
v -0.095542 0.107307 -0.040972
v -0.092200 0.107307 -0.043200
v -0.091786 0.107307 -0.045288
v -0.091442 0.107307 -0.047242
v -0.091159 0.107307 -0.049078
v -0.090933 0.107307 -0.050813
v -0.090757 0.107307 -0.052464
v -0.090625 0.107307 -0.054045
v -0.090530 0.107307 -0.055574
v -0.090467 0.107307 -0.057067
v -0.090428 0.107307 -0.058539
v -0.090408 0.107307 -0.060008
v -0.090401 0.107307 -0.061490
v -0.090400 0.107307 -0.063000
v -0.090774 0.107307 -0.068863
v -0.091865 0.107307 -0.074530
v -0.093623 0.107307 -0.079943
v -0.096000 0.107307 -0.085040
v -0.098947 0.107307 -0.089763
v -0.102415 0.107307 -0.094050
v -0.106356 0.107307 -0.097843
v -0.110720 0.107307 -0.101080
v -0.115459 0.107307 -0.103703
v -0.120525 0.107307 -0.105650
v -0.125868 0.107307 -0.106863
v -0.131440 0.107307 -0.107280
v -0.137149 0.107307 -0.106948
v -0.142552 0.107307 -0.105975
v -0.147612 0.107307 -0.104394
v -0.152293 0.107307 -0.102240
v -0.156560 0.107307 -0.099546
v -0.160375 0.107307 -0.096345
v -0.163703 0.107307 -0.092672
v -0.166507 0.107307 -0.088560
v -0.168751 0.107307 -0.084043
v -0.170398 0.107307 -0.079155
v -0.171414 0.107307 -0.073929
v -0.171760 0.107307 -0.068400
v -0.171378 0.107307 -0.063180
v -0.170267 0.107307 -0.058172
v -0.168475 0.107307 -0.053421
v -0.166053 0.107307 -0.048973
v -0.163052 0.107307 -0.044876
v -0.159520 0.107307 -0.041175
v -0.155508 0.107307 -0.037916
v -0.151067 0.107307 -0.035147
v -0.146245 0.107307 -0.032912
v -0.141093 0.107307 -0.031258
v -0.135662 0.107307 -0.030232
v -0.130000 0.107307 -0.029880
v -0.344240 0.107307 0.078426
v -0.334833 0.107307 0.071268
v -0.326076 0.107307 0.063883
v -0.317987 0.107307 0.056307
v -0.310582 0.107307 0.048575
v -0.303880 0.107307 0.040725
v -0.297898 0.107307 0.032792
v -0.292653 0.107307 0.024813
v -0.288164 0.107307 0.016824
v -0.284447 0.107307 0.008862
v -0.281520 0.107307 0.000961
v -0.279400 0.107307 -0.006840
v -0.282172 0.107307 -0.005273
v -0.285077 0.107307 -0.003817
v -0.288096 0.107307 -0.002475
v -0.291213 0.107307 -0.001253
v -0.294410 0.107307 -0.000157
v -0.297670 0.107307 0.000810
v -0.300975 0.107307 0.001642
v -0.304307 0.107307 0.002333
v -0.307649 0.107307 0.002880
v -0.310983 0.107307 0.003277
v -0.314293 0.107307 0.003518
v -0.317560 0.107307 0.003600
v -0.327095 0.107307 0.002954
v -0.336207 0.107307 0.001068
v -0.344819 0.107307 -0.001974
v -0.352853 0.107307 -0.006093
v -0.360233 0.107307 -0.011207
v -0.366880 0.107307 -0.017235
v -0.372717 0.107307 -0.024095
v -0.377667 0.107307 -0.031707
v -0.381651 0.107307 -0.039988
v -0.384593 0.107307 -0.048858
v -0.386415 0.107307 -0.058236
v -0.387040 0.107307 -0.068040
v -0.386433 0.107307 -0.077109
v -0.384643 0.107307 -0.086052
v -0.381719 0.107307 -0.094742
v -0.377707 0.107307 -0.103053
v -0.372655 0.107307 -0.110860
v -0.366610 0.107307 -0.118035
v -0.359620 0.107307 -0.124453
v -0.351733 0.107307 -0.129987
v -0.342996 0.107307 -0.134511
v -0.333457 0.107307 -0.137898
v -0.323162 0.107307 -0.140024
v -0.312160 0.107307 -0.140760
v -0.301094 0.107307 -0.139979
v -0.290623 0.107307 -0.137695
v -0.280817 0.107307 -0.133993
v -0.271747 0.107307 -0.128960
v -0.263481 0.107307 -0.122682
v -0.256090 0.107307 -0.115245
v -0.249644 0.107307 -0.106736
v -0.244213 0.107307 -0.097240
v -0.239867 0.107307 -0.086844
v -0.236677 0.107307 -0.075635
v -0.234711 0.107307 -0.063698
v -0.234040 0.107307 -0.051120
v -0.234881 0.107307 -0.036121
v -0.237347 0.107307 -0.020918
v -0.241353 0.107307 -0.005653
v -0.246813 0.107307 0.009533
v -0.253644 0.107307 0.024500
v -0.261760 0.107307 0.039105
v -0.271076 0.107307 0.053208
v -0.281507 0.107307 0.066667
v -0.292968 0.107307 0.079341
v -0.305373 0.107307 0.091088
v -0.318639 0.107307 0.101769
v -0.332680 0.107307 0.111240
v -0.354280 0.107307 0.085320
v -0.307318 0.107307 -0.029963
v -0.304500 0.107307 -0.030217
v -0.301563 0.107307 -0.030645
v -0.298520 0.107307 -0.031253
v -0.295388 0.107307 -0.032047
v -0.292180 0.107307 -0.033030
v -0.288913 0.107307 -0.034208
v -0.285600 0.107307 -0.035587
v -0.282258 0.107307 -0.037170
v -0.278900 0.107307 -0.038963
v -0.275542 0.107307 -0.040972
v -0.272200 0.107307 -0.043200
v -0.271787 0.107307 -0.045288
v -0.271442 0.107307 -0.047242
v -0.271159 0.107307 -0.049078
v -0.270933 0.107307 -0.050813
v -0.270757 0.107307 -0.052464
v -0.270625 0.107307 -0.054045
v -0.270530 0.107307 -0.055574
v -0.270467 0.107307 -0.057067
v -0.270428 0.107307 -0.058539
v -0.270408 0.107307 -0.060008
v -0.270401 0.107307 -0.061490
v -0.270400 0.107307 -0.063000
v -0.270774 0.107307 -0.068863
v -0.271865 0.107307 -0.074530
v -0.273623 0.107307 -0.079943
v -0.276000 0.107307 -0.085040
v -0.278947 0.107307 -0.089763
v -0.282415 0.107307 -0.094050
v -0.286356 0.107307 -0.097843
v -0.290720 0.107307 -0.101080
v -0.295459 0.107307 -0.103703
v -0.300525 0.107307 -0.105650
v -0.305868 0.107307 -0.106863
v -0.311440 0.107307 -0.107280
v -0.317149 0.107307 -0.106948
v -0.322552 0.107307 -0.105975
v -0.327612 0.107307 -0.104394
v -0.332293 0.107307 -0.102240
v -0.336560 0.107307 -0.099546
v -0.340375 0.107307 -0.096345
v -0.343703 0.107307 -0.092672
v -0.346507 0.107307 -0.088560
v -0.348751 0.107307 -0.084043
v -0.350398 0.107307 -0.079155
v -0.351414 0.107307 -0.073929
v -0.351760 0.107307 -0.068400
v -0.351378 0.107307 -0.063180
v -0.350267 0.107307 -0.058172
v -0.348475 0.107307 -0.053421
v -0.346053 0.107307 -0.048973
v -0.343052 0.107307 -0.044876
v -0.339520 0.107307 -0.041175
v -0.335508 0.107307 -0.037916
v -0.331067 0.107307 -0.035147
v -0.326245 0.107307 -0.032912
v -0.321093 0.107307 -0.031258
v -0.315662 0.107307 -0.030232
v -0.310000 0.107307 -0.029880
v 0.234500 0.107307 -0.432000
v 0.222822 0.107307 -0.432675
v 0.211937 0.107307 -0.434667
v 0.201886 0.107307 -0.437929
v 0.192713 0.107307 -0.442413
v 0.184460 0.107307 -0.448073
v 0.177170 0.107307 -0.454860
v 0.170885 0.107307 -0.462727
v 0.165647 0.107307 -0.471627
v 0.161499 0.107307 -0.481511
v 0.158483 0.107307 -0.492333
v 0.156643 0.107307 -0.504046
v 0.156020 0.107307 -0.516600
v 0.156706 0.107307 -0.528011
v 0.158718 0.107307 -0.538797
v 0.161988 0.107307 -0.548888
v 0.166447 0.107307 -0.558213
v 0.172025 0.107307 -0.566704
v 0.178655 0.107307 -0.574290
v 0.186267 0.107307 -0.580901
v 0.194793 0.107307 -0.586467
v 0.204164 0.107307 -0.590918
v 0.214312 0.107307 -0.594184
v 0.225166 0.107307 -0.596194
v 0.236660 0.107307 -0.596880
v 0.239347 0.107307 -0.596842
v 0.242017 0.107307 -0.596725
v 0.244681 0.107307 -0.596526
v 0.247353 0.107307 -0.596240
v 0.250045 0.107307 -0.595864
v 0.252770 0.107307 -0.595395
v 0.255540 0.107307 -0.594828
v 0.258367 0.107307 -0.594160
v 0.261264 0.107307 -0.593387
v 0.264243 0.107307 -0.592505
v 0.267318 0.107307 -0.591511
v 0.270500 0.107307 -0.590400
v 0.270500 0.107307 -0.677520
v 0.302540 0.107307 -0.677520
v 0.302540 0.107307 -0.432000
v 0.267849 0.107307 -0.562988
v 0.265287 0.107307 -0.563914
v 0.262794 0.107307 -0.564739
v 0.260353 0.107307 -0.565467
v 0.257948 0.107307 -0.566100
v 0.255560 0.107307 -0.566640
v 0.253172 0.107307 -0.567091
v 0.250767 0.107307 -0.567454
v 0.248326 0.107307 -0.567731
v 0.245833 0.107307 -0.567927
v 0.243270 0.107307 -0.568042
v 0.240620 0.107307 -0.568080
v 0.233096 0.107307 -0.567621
v 0.226030 0.107307 -0.566270
v 0.219459 0.107307 -0.564064
v 0.213420 0.107307 -0.561040
v 0.207951 0.107307 -0.557236
v 0.203090 0.107307 -0.552690
v 0.198874 0.107307 -0.547439
v 0.195340 0.107307 -0.541520
v 0.192526 0.107307 -0.534971
v 0.190470 0.107307 -0.527830
v 0.189209 0.107307 -0.520134
v 0.188780 0.107307 -0.511920
v 0.189042 0.107307 -0.504526
v 0.189858 0.107307 -0.497500
v 0.191272 0.107307 -0.490894
v 0.193327 0.107307 -0.484760
v 0.196066 0.107307 -0.479151
v 0.199535 0.107307 -0.474120
v 0.203776 0.107307 -0.469719
v 0.208833 0.107307 -0.466000
v 0.214751 0.107307 -0.463016
v 0.221572 0.107307 -0.460820
v 0.229340 0.107307 -0.459464
v 0.238100 0.107307 -0.459000
v 0.270500 0.107307 -0.459000
v 0.270500 0.107307 -0.561960
v 0.084740 0.107307 -0.432000
v 0.084740 0.107307 -0.677520
v 0.116780 0.107307 -0.677520
v 0.116780 0.107307 -0.432000
v 0.047649 0.107307 -0.502016
v 0.045500 0.107307 -0.490343
v 0.042001 0.107307 -0.479486
v 0.037220 0.107307 -0.469507
v 0.031224 0.107307 -0.460467
v 0.024080 0.107307 -0.452430
v 0.015856 0.107307 -0.445458
v 0.006620 0.107307 -0.439613
v -0.003561 0.107307 -0.434959
v -0.014620 0.107307 -0.431557
v -0.026489 0.107307 -0.429470
v -0.039100 0.107307 -0.428760
v -0.051215 0.107307 -0.429497
v -0.062670 0.107307 -0.431657
v -0.073390 0.107307 -0.435161
v -0.083300 0.107307 -0.439934
v -0.092325 0.107307 -0.445896
v -0.100390 0.107307 -0.452970
v -0.107420 0.107307 -0.461080
v -0.113340 0.107307 -0.470147
v -0.118075 0.107307 -0.480094
v -0.121550 0.107307 -0.490844
v -0.123690 0.107307 -0.502318
v -0.124420 0.107307 -0.514440
v -0.123663 0.107307 -0.525818
v -0.121450 0.107307 -0.536672
v -0.117873 0.107307 -0.546913
v -0.113020 0.107307 -0.556453
v -0.106983 0.107307 -0.565204
v -0.099850 0.107307 -0.573075
v -0.091713 0.107307 -0.579979
v -0.082660 0.107307 -0.585827
v -0.072783 0.107307 -0.590530
v -0.062170 0.107307 -0.593998
v -0.050913 0.107307 -0.596145
v -0.039100 0.107307 -0.596880
v -0.026716 0.107307 -0.596172
v -0.014995 0.107307 -0.594099
v -0.004017 0.107307 -0.590732
v 0.006140 0.107307 -0.586147
v 0.015397 0.107307 -0.580417
v 0.023675 0.107307 -0.573615
v 0.030896 0.107307 -0.565816
v 0.036980 0.107307 -0.557093
v 0.041849 0.107307 -0.547521
v 0.045425 0.107307 -0.537172
v 0.047628 0.107307 -0.526120
v 0.048380 0.107307 -0.514440
v -0.091224 0.107307 -0.506137
v -0.089943 0.107307 -0.498352
v -0.087858 0.107307 -0.491124
v -0.085007 0.107307 -0.484493
v -0.081431 0.107307 -0.478497
v -0.077170 0.107307 -0.473175
v -0.072264 0.107307 -0.468565
v -0.066753 0.107307 -0.464707
v -0.060678 0.107307 -0.461638
v -0.054077 0.107307 -0.459398
v -0.046991 0.107307 -0.458026
v -0.039460 0.107307 -0.457560
v -0.031268 0.107307 -0.458005
v -0.023630 0.107307 -0.459322
v -0.016578 0.107307 -0.461481
v -0.010140 0.107307 -0.464454
v -0.004348 0.107307 -0.468211
v 0.000770 0.107307 -0.472725
v 0.005182 0.107307 -0.477967
v 0.008860 0.107307 -0.483907
v 0.011772 0.107307 -0.490517
v 0.013890 0.107307 -0.497768
v 0.015182 0.107307 -0.505632
v 0.015620 0.107307 -0.514080
v 0.015148 0.107307 -0.521722
v 0.013765 0.107307 -0.528955
v 0.011519 0.107307 -0.535731
v 0.008460 0.107307 -0.542000
v 0.004636 0.107307 -0.547714
v 0.000095 0.107307 -0.552825
v -0.005113 0.107307 -0.557283
v -0.010940 0.107307 -0.561040
v -0.017337 0.107307 -0.564047
v -0.024255 0.107307 -0.566255
v -0.031646 0.107307 -0.567616
v -0.039460 0.107307 -0.568080
v -0.046840 0.107307 -0.567616
v -0.053827 0.107307 -0.566257
v -0.060374 0.107307 -0.564053
v -0.066433 0.107307 -0.561053
v -0.071958 0.107307 -0.557309
v -0.076900 0.107307 -0.552870
v -0.081212 0.107307 -0.547786
v -0.084847 0.107307 -0.542107
v -0.087756 0.107307 -0.535883
v -0.089893 0.107307 -0.529163
v -0.091210 0.107307 -0.521999
v -0.091660 0.107307 -0.514440
v -0.169570 0.107307 -0.445498
v -0.177433 0.107307 -0.442427
v -0.185136 0.107307 -0.439695
v -0.192727 0.107307 -0.437293
v -0.200252 0.107307 -0.435212
v -0.207760 0.107307 -0.433440
v -0.215298 0.107307 -0.431968
v -0.222913 0.107307 -0.430787
v -0.230654 0.107307 -0.429885
v -0.238567 0.107307 -0.429253
v -0.246700 0.107307 -0.428882
v -0.255100 0.107307 -0.428760
v -0.273477 0.107307 -0.429836
v -0.290905 0.107307 -0.432987
v -0.307261 0.107307 -0.438098
v -0.322420 0.107307 -0.445053
v -0.336259 0.107307 -0.453739
v -0.348655 0.107307 -0.464040
v -0.359483 0.107307 -0.475841
v -0.368620 0.107307 -0.489027
v -0.375942 0.107307 -0.503483
v -0.381325 0.107307 -0.519093
v -0.384646 0.107307 -0.535744
v -0.385780 0.107307 -0.553320
v -0.384618 0.107307 -0.571028
v -0.381220 0.107307 -0.587885
v -0.375723 0.107307 -0.603760
v -0.368260 0.107307 -0.618520
v -0.358968 0.107307 -0.632036
v -0.347980 0.107307 -0.644175
v -0.335433 0.107307 -0.654807
v -0.321460 0.107307 -0.663800
v -0.306198 0.107307 -0.671023
v -0.289780 0.107307 -0.676345
v -0.272343 0.107307 -0.679635
v -0.254020 0.107307 -0.680760
v -0.246984 0.107307 -0.680659
v -0.240215 0.107307 -0.680339
v -0.233618 0.107307 -0.679776
v -0.227100 0.107307 -0.678947
v -0.220567 0.107307 -0.677828
v -0.213925 0.107307 -0.676395
v -0.207081 0.107307 -0.674625
v -0.199940 0.107307 -0.672494
v -0.192409 0.107307 -0.669977
v -0.184395 0.107307 -0.667052
v -0.175803 0.107307 -0.663694
v -0.166540 0.107307 -0.659880
v -0.166540 0.107307 -0.624240
v -0.173762 0.107307 -0.628042
v -0.181023 0.107307 -0.631527
v -0.188320 0.107307 -0.634691
v -0.195647 0.107307 -0.637533
v -0.202998 0.107307 -0.640051
v -0.210370 0.107307 -0.642240
v -0.217757 0.107307 -0.644100
v -0.225153 0.107307 -0.645627
v -0.232555 0.107307 -0.646819
v -0.239957 0.107307 -0.647673
v -0.247353 0.107307 -0.648188
v -0.254740 0.107307 -0.648360
v -0.267795 0.107307 -0.647529
v -0.280253 0.107307 -0.645100
v -0.292011 0.107307 -0.641171
v -0.302967 0.107307 -0.635840
v -0.313017 0.107307 -0.629204
v -0.322060 0.107307 -0.621360
v -0.329993 0.107307 -0.612406
v -0.336713 0.107307 -0.602440
v -0.342119 0.107307 -0.591559
v -0.346107 0.107307 -0.579860
v -0.348575 0.107307 -0.567441
v -0.349420 0.107307 -0.554400
v -0.348579 0.107307 -0.541071
v -0.346110 0.107307 -0.528493
v -0.342096 0.107307 -0.516746
v -0.336620 0.107307 -0.505907
v -0.329764 0.107307 -0.496052
v -0.321610 0.107307 -0.487260
v -0.312241 0.107307 -0.479608
v -0.301740 0.107307 -0.473173
v -0.290189 0.107307 -0.468034
v -0.277670 0.107307 -0.464267
v -0.264266 0.107307 -0.461950
v -0.250060 0.107307 -0.461160
v -0.245327 0.107307 -0.461248
v -0.240663 0.107307 -0.461505
v -0.236065 0.107307 -0.461920
v -0.231527 0.107307 -0.462480
v -0.227043 0.107307 -0.463176
v -0.222610 0.107307 -0.463995
v -0.218222 0.107307 -0.464927
v -0.213873 0.107307 -0.465960
v -0.209560 0.107307 -0.467083
v -0.205277 0.107307 -0.468285
v -0.201018 0.107307 -0.469555
v -0.196780 0.107307 -0.470880
v -0.196780 0.107307 -0.521280
v -0.243940 0.107307 -0.521280
v -0.243940 0.107307 -0.552960
v -0.161500 0.107307 -0.552960
v -0.161500 0.107307 -0.448920
v 0.294440 0.107307 -0.972000
v 0.282762 0.107307 -0.972675
v 0.271877 0.107307 -0.974667
v 0.261826 0.107307 -0.977929
v 0.252653 0.107307 -0.982414
v 0.244400 0.107307 -0.988073
v 0.237110 0.107307 -0.994860
v 0.230825 0.107307 -1.002727
v 0.225587 0.107307 -1.011627
v 0.221439 0.107307 -1.021512
v 0.218423 0.107307 -1.032334
v 0.216583 0.107307 -1.044046
v 0.215960 0.107307 -1.056600
v 0.216646 0.107307 -1.068011
v 0.218658 0.107307 -1.078797
v 0.221928 0.107307 -1.088888
v 0.226387 0.107307 -1.098214
v 0.231965 0.107307 -1.106704
v 0.238595 0.107307 -1.114290
v 0.246207 0.107307 -1.120901
v 0.254733 0.107307 -1.126467
v 0.264104 0.107307 -1.130918
v 0.274252 0.107307 -1.134184
v 0.285107 0.107307 -1.136194
v 0.296600 0.107307 -1.136880
v 0.299287 0.107307 -1.136842
v 0.301957 0.107307 -1.136725
v 0.304621 0.107307 -1.136526
v 0.307293 0.107307 -1.136240
v 0.309985 0.107307 -1.135865
v 0.312710 0.107307 -1.135395
v 0.315480 0.107307 -1.134828
v 0.318307 0.107307 -1.134160
v 0.321204 0.107307 -1.133387
v 0.324183 0.107307 -1.132505
v 0.327258 0.107307 -1.131511
v 0.330440 0.107307 -1.130400
v 0.330440 0.107307 -1.217520
v 0.362480 0.107307 -1.217520
v 0.362480 0.107307 -0.972000
v 0.327790 0.107307 -1.102988
v 0.325227 0.107307 -1.103914
v 0.322734 0.107307 -1.104739
v 0.320293 0.107307 -1.105467
v 0.317888 0.107307 -1.106100
v 0.315500 0.107307 -1.106640
v 0.313112 0.107307 -1.107091
v 0.310707 0.107307 -1.107454
v 0.308266 0.107307 -1.107731
v 0.305773 0.107307 -1.107927
v 0.303210 0.107307 -1.108042
v 0.300560 0.107307 -1.108080
v 0.293036 0.107307 -1.107621
v 0.285970 0.107307 -1.106270
v 0.279399 0.107307 -1.104064
v 0.273360 0.107307 -1.101040
v 0.267891 0.107307 -1.097237
v 0.263030 0.107307 -1.092690
v 0.258814 0.107307 -1.087439
v 0.255280 0.107307 -1.081520
v 0.252466 0.107307 -1.074971
v 0.250410 0.107307 -1.067830
v 0.249149 0.107307 -1.060134
v 0.248720 0.107307 -1.051920
v 0.248982 0.107307 -1.044526
v 0.249798 0.107307 -1.037500
v 0.251212 0.107307 -1.030894
v 0.253267 0.107307 -1.024760
v 0.256007 0.107307 -1.019151
v 0.259475 0.107307 -1.014120
v 0.263716 0.107307 -1.009719
v 0.268773 0.107307 -1.006000
v 0.274691 0.107307 -1.003016
v 0.281512 0.107307 -1.000820
v 0.289280 0.107307 -0.999464
v 0.298040 0.107307 -0.999000
v 0.330440 0.107307 -0.999000
v 0.330440 0.107307 -1.101960
v 0.186429 0.107307 -1.042016
v 0.184280 0.107307 -1.030344
v 0.180781 0.107307 -1.019487
v 0.176000 0.107307 -1.009507
v 0.170004 0.107307 -1.000467
v 0.162860 0.107307 -0.992430
v 0.154636 0.107307 -0.985458
v 0.145400 0.107307 -0.979614
v 0.135219 0.107307 -0.974959
v 0.124160 0.107307 -0.971557
v 0.112291 0.107307 -0.969470
v 0.099680 0.107307 -0.968760
v 0.087565 0.107307 -0.969497
v 0.076110 0.107307 -0.971657
v 0.065390 0.107307 -0.975161
v 0.055480 0.107307 -0.979934
v 0.046455 0.107307 -0.985896
v 0.038390 0.107307 -0.992970
v 0.031360 0.107307 -1.001080
v 0.025440 0.107307 -1.010147
v 0.020705 0.107307 -1.020094
v 0.017230 0.107307 -1.030844
v 0.015090 0.107307 -1.042318
v 0.014360 0.107307 -1.054440
v 0.015117 0.107307 -1.065818
v 0.017330 0.107307 -1.076672
v 0.020907 0.107307 -1.086913
v 0.025760 0.107307 -1.096454
v 0.031797 0.107307 -1.105204
v 0.038930 0.107307 -1.113075
v 0.047067 0.107307 -1.119979
v 0.056120 0.107307 -1.125827
v 0.065997 0.107307 -1.130530
v 0.076610 0.107307 -1.133999
v 0.087867 0.107307 -1.136145
v 0.099680 0.107307 -1.136880
v 0.112064 0.107307 -1.136173
v 0.123785 0.107307 -1.134099
v 0.134763 0.107307 -1.130732
v 0.144920 0.107307 -1.126147
v 0.154177 0.107307 -1.120417
v 0.162455 0.107307 -1.113615
v 0.169676 0.107307 -1.105816
v 0.175760 0.107307 -1.097094
v 0.180629 0.107307 -1.087521
v 0.184205 0.107307 -1.077172
v 0.186408 0.107307 -1.066121
v 0.187160 0.107307 -1.054440
v 0.047556 0.107307 -1.046137
v 0.048837 0.107307 -1.038352
v 0.050922 0.107307 -1.031125
v 0.053773 0.107307 -1.024494
v 0.057349 0.107307 -1.018498
v 0.061610 0.107307 -1.013175
v 0.066516 0.107307 -1.008566
v 0.072027 0.107307 -1.004707
v 0.078102 0.107307 -1.001638
v 0.084703 0.107307 -0.999399
v 0.091789 0.107307 -0.998026
v 0.099320 0.107307 -0.997560
v 0.107512 0.107307 -0.998006
v 0.115150 0.107307 -0.999322
v 0.122203 0.107307 -1.001481
v 0.128640 0.107307 -1.004454
v 0.134433 0.107307 -1.008211
v 0.139550 0.107307 -1.012725
v 0.143963 0.107307 -1.017967
v 0.147640 0.107307 -1.023907
v 0.150552 0.107307 -1.030517
v 0.152670 0.107307 -1.037769
v 0.153963 0.107307 -1.045633
v 0.154400 0.107307 -1.054080
v 0.153928 0.107307 -1.061722
v 0.152545 0.107307 -1.068955
v 0.150299 0.107307 -1.075731
v 0.147240 0.107307 -1.082000
v 0.143416 0.107307 -1.087715
v 0.138875 0.107307 -1.092825
v 0.133667 0.107307 -1.097283
v 0.127840 0.107307 -1.101040
v 0.121443 0.107307 -1.104047
v 0.114525 0.107307 -1.106255
v 0.107134 0.107307 -1.107616
v 0.099320 0.107307 -1.108080
v 0.091940 0.107307 -1.107616
v 0.084953 0.107307 -1.106257
v 0.078406 0.107307 -1.104053
v 0.072347 0.107307 -1.101054
v 0.066822 0.107307 -1.097309
v 0.061880 0.107307 -1.092870
v 0.057568 0.107307 -1.087786
v 0.053933 0.107307 -1.082107
v 0.051024 0.107307 -1.075883
v 0.048887 0.107307 -1.069164
v 0.047570 0.107307 -1.061999
v 0.047120 0.107307 -1.054440
v -0.012291 0.107307 -1.042016
v -0.014440 0.107307 -1.030344
v -0.017939 0.107307 -1.019487
v -0.022720 0.107307 -1.009507
v -0.028716 0.107307 -1.000467
v -0.035860 0.107307 -0.992430
v -0.044084 0.107307 -0.985458
v -0.053320 0.107307 -0.979614
v -0.063501 0.107307 -0.974959
v -0.074560 0.107307 -0.971557
v -0.086429 0.107307 -0.969470
v -0.099040 0.107307 -0.968760
v -0.111155 0.107307 -0.969497
v -0.122610 0.107307 -0.971657
v -0.133330 0.107307 -0.975161
v -0.143240 0.107307 -0.979934
v -0.152265 0.107307 -0.985896
v -0.160330 0.107307 -0.992970
v -0.167360 0.107307 -1.001080
v -0.173280 0.107307 -1.010147
v -0.178015 0.107307 -1.020094
v -0.181490 0.107307 -1.030844
v -0.183630 0.107307 -1.042318
v -0.184360 0.107307 -1.054440
v -0.183603 0.107307 -1.065818
v -0.181390 0.107307 -1.076672
v -0.177813 0.107307 -1.086913
v -0.172960 0.107307 -1.096454
v -0.166923 0.107307 -1.105204
v -0.159790 0.107307 -1.113075
v -0.151653 0.107307 -1.119979
v -0.142600 0.107307 -1.125827
v -0.132723 0.107307 -1.130530
v -0.122110 0.107307 -1.133999
v -0.110853 0.107307 -1.136145
v -0.099040 0.107307 -1.136880
v -0.086656 0.107307 -1.136173
v -0.074935 0.107307 -1.134099
v -0.063957 0.107307 -1.130732
v -0.053800 0.107307 -1.126147
v -0.044543 0.107307 -1.120417
v -0.036265 0.107307 -1.113615
v -0.029044 0.107307 -1.105816
v -0.022960 0.107307 -1.097094
v -0.018091 0.107307 -1.087521
v -0.014515 0.107307 -1.077172
v -0.012312 0.107307 -1.066121
v -0.011560 0.107307 -1.054440
v -0.151164 0.107307 -1.046137
v -0.149883 0.107307 -1.038352
v -0.147798 0.107307 -1.031125
v -0.144947 0.107307 -1.024494
v -0.141371 0.107307 -1.018498
v -0.137110 0.107307 -1.013175
v -0.132204 0.107307 -1.008566
v -0.126693 0.107307 -1.004707
v -0.120618 0.107307 -1.001638
v -0.114017 0.107307 -0.999399
v -0.106931 0.107307 -0.998026
v -0.099400 0.107307 -0.997560
v -0.091208 0.107307 -0.998006
v -0.083570 0.107307 -0.999322
v -0.076518 0.107307 -1.001481
v -0.070080 0.107307 -1.004454
v -0.064288 0.107307 -1.008211
v -0.059170 0.107307 -1.012725
v -0.054758 0.107307 -1.017967
v -0.051080 0.107307 -1.023907
v -0.048168 0.107307 -1.030517
v -0.046050 0.107307 -1.037769
v -0.044758 0.107307 -1.045633
v -0.044320 0.107307 -1.054080
v -0.044792 0.107307 -1.061722
v -0.046175 0.107307 -1.068955
v -0.048421 0.107307 -1.075731
v -0.051480 0.107307 -1.082000
v -0.055304 0.107307 -1.087715
v -0.059845 0.107307 -1.092825
v -0.065053 0.107307 -1.097283
v -0.070880 0.107307 -1.101040
v -0.077277 0.107307 -1.104047
v -0.084195 0.107307 -1.106255
v -0.091586 0.107307 -1.107616
v -0.099400 0.107307 -1.108080
v -0.106780 0.107307 -1.107616
v -0.113767 0.107307 -1.106257
v -0.120314 0.107307 -1.104053
v -0.126373 0.107307 -1.101054
v -0.131898 0.107307 -1.097309
v -0.136840 0.107307 -1.092870
v -0.141152 0.107307 -1.087786
v -0.144787 0.107307 -1.082107
v -0.147696 0.107307 -1.075883
v -0.149833 0.107307 -1.069164
v -0.151150 0.107307 -1.061999
v -0.151600 0.107307 -1.054440
v -0.229510 0.107307 -0.985499
v -0.237373 0.107307 -0.982427
v -0.245076 0.107307 -0.979695
v -0.252667 0.107307 -0.977294
v -0.260192 0.107307 -0.975212
v -0.267700 0.107307 -0.973440
v -0.275238 0.107307 -0.971969
v -0.282853 0.107307 -0.970787
v -0.290594 0.107307 -0.969885
v -0.298507 0.107307 -0.969254
v -0.306640 0.107307 -0.968882
v -0.315040 0.107307 -0.968760
v -0.333417 0.107307 -0.969836
v -0.350845 0.107307 -0.972987
v -0.367201 0.107307 -0.978098
v -0.382360 0.107307 -0.985054
v -0.396199 0.107307 -0.993739
v -0.408595 0.107307 -1.004040
v -0.419423 0.107307 -1.015841
v -0.428560 0.107307 -1.029027
v -0.435882 0.107307 -1.043483
v -0.441265 0.107307 -1.059093
v -0.444586 0.107307 -1.075744
v -0.445720 0.107307 -1.093320
v -0.444558 0.107307 -1.111028
v -0.441160 0.107307 -1.127885
v -0.435663 0.107307 -1.143760
v -0.428200 0.107307 -1.158520
v -0.418908 0.107307 -1.172036
v -0.407920 0.107307 -1.184175
v -0.395373 0.107307 -1.194807
v -0.381400 0.107307 -1.203800
v -0.366138 0.107307 -1.211023
v -0.349720 0.107307 -1.216345
v -0.332283 0.107307 -1.219635
v -0.313960 0.107307 -1.220760
v -0.306924 0.107307 -1.220659
v -0.300155 0.107307 -1.220338
v -0.293558 0.107307 -1.219776
v -0.287040 0.107307 -1.218947
v -0.280507 0.107307 -1.217828
v -0.273865 0.107307 -1.216395
v -0.267021 0.107307 -1.214625
v -0.259880 0.107307 -1.212494
v -0.252349 0.107307 -1.209977
v -0.244335 0.107307 -1.207052
v -0.235743 0.107307 -1.203694
v -0.226480 0.107307 -1.199880
v -0.226480 0.107307 -1.164240
v -0.233702 0.107307 -1.168042
v -0.240963 0.107307 -1.171527
v -0.248260 0.107307 -1.174692
v -0.255587 0.107307 -1.177534
v -0.262938 0.107307 -1.180051
v -0.270310 0.107307 -1.182240
v -0.277697 0.107307 -1.184100
v -0.285093 0.107307 -1.185627
v -0.292495 0.107307 -1.186819
v -0.299897 0.107307 -1.187674
v -0.307293 0.107307 -1.188188
v -0.314680 0.107307 -1.188360
v -0.327735 0.107307 -1.187529
v -0.340193 0.107307 -1.185100
v -0.351951 0.107307 -1.181171
v -0.362907 0.107307 -1.175840
v -0.372957 0.107307 -1.169204
v -0.382000 0.107307 -1.161360
v -0.389933 0.107307 -1.152406
v -0.396653 0.107307 -1.142440
v -0.402059 0.107307 -1.131559
v -0.406047 0.107307 -1.119860
v -0.408515 0.107307 -1.107441
v -0.409360 0.107307 -1.094400
v -0.408519 0.107307 -1.081071
v -0.406050 0.107307 -1.068493
v -0.402036 0.107307 -1.056746
v -0.396560 0.107307 -1.045907
v -0.389704 0.107307 -1.036052
v -0.381550 0.107307 -1.027260
v -0.372181 0.107307 -1.019608
v -0.361680 0.107307 -1.013173
v -0.350129 0.107307 -1.008034
v -0.337610 0.107307 -1.004267
v -0.324206 0.107307 -1.001950
v -0.310000 0.107307 -1.001160
v -0.305267 0.107307 -1.001248
v -0.300603 0.107307 -1.001505
v -0.296005 0.107307 -1.001920
v -0.291467 0.107307 -1.002480
v -0.286983 0.107307 -1.003176
v -0.282550 0.107307 -1.003995
v -0.278162 0.107307 -1.004927
v -0.273813 0.107307 -1.005960
v -0.269500 0.107307 -1.007083
v -0.265217 0.107307 -1.008285
v -0.260958 0.107307 -1.009555
v -0.256720 0.107307 -1.010880
v -0.256720 0.107307 -1.061280
v -0.303880 0.107307 -1.061280
v -0.303880 0.107307 -1.092960
v -0.221440 0.107307 -1.092960
v -0.221440 0.107307 -0.988920
v 0.382629 -0.012693 1.117985
v 0.380480 -0.012693 1.129657
v 0.376981 -0.012693 1.140514
v 0.372200 -0.012693 1.150494
v 0.366204 -0.012693 1.159533
v 0.359060 -0.012693 1.167570
v 0.350836 -0.012693 1.174542
v 0.341600 -0.012693 1.180387
v 0.331419 -0.012693 1.185041
v 0.320360 -0.012693 1.188444
v 0.308491 -0.012693 1.190531
v 0.295880 -0.012693 1.191240
v 0.283765 -0.012693 1.190503
v 0.272310 -0.012693 1.188343
v 0.261590 -0.012693 1.184839
v 0.251680 -0.012693 1.180067
v 0.242655 -0.012693 1.174105
v 0.234590 -0.012693 1.167030
v 0.227560 -0.012693 1.158921
v 0.221640 -0.012693 1.149854
v 0.216905 -0.012693 1.139906
v 0.213430 -0.012693 1.129157
v 0.211290 -0.012693 1.117682
v 0.210560 -0.012693 1.105560
v 0.211317 -0.012693 1.094182
v 0.213530 -0.012693 1.083328
v 0.217107 -0.012693 1.073087
v 0.221960 -0.012693 1.063547
v 0.227997 -0.012693 1.054797
v 0.235130 -0.012693 1.046925
v 0.243268 -0.012693 1.040021
v 0.252320 -0.012693 1.034173
v 0.262197 -0.012693 1.029471
v 0.272810 -0.012693 1.026002
v 0.284068 -0.012693 1.023855
v 0.295880 -0.012693 1.023120
v 0.308264 -0.012693 1.023828
v 0.319985 -0.012693 1.025902
v 0.330963 -0.012693 1.029268
v 0.341120 -0.012693 1.033853
v 0.350377 -0.012693 1.039584
v 0.358655 -0.012693 1.046385
v 0.365876 -0.012693 1.054184
v 0.371960 -0.012693 1.062907
v 0.376829 -0.012693 1.072479
v 0.380405 -0.012693 1.082828
v 0.382608 -0.012693 1.093880
v 0.383360 -0.012693 1.105560
v 0.243756 -0.012693 1.113864
v 0.245037 -0.012693 1.121648
v 0.247123 -0.012693 1.128876
v 0.249973 -0.012693 1.135507
v 0.253549 -0.012693 1.141503
v 0.257810 -0.012693 1.146825
v 0.262716 -0.012693 1.151435
v 0.268227 -0.012693 1.155293
v 0.274303 -0.012693 1.158362
v 0.280903 -0.012693 1.160602
v 0.287989 -0.012693 1.161974
v 0.295520 -0.012693 1.162440
v 0.303713 -0.012693 1.161995
v 0.311350 -0.012693 1.160678
v 0.318403 -0.012693 1.158519
v 0.324840 -0.012693 1.155547
v 0.330633 -0.012693 1.151789
v 0.335750 -0.012693 1.147275
v 0.340163 -0.012693 1.142034
v 0.343840 -0.012693 1.136093
v 0.346753 -0.012693 1.129483
v 0.348870 -0.012693 1.122232
v 0.350163 -0.012693 1.114368
v 0.350600 -0.012693 1.105920
v 0.350128 -0.012693 1.098278
v 0.348745 -0.012693 1.091045
v 0.346499 -0.012693 1.084270
v 0.343440 -0.012693 1.078000
v 0.339616 -0.012693 1.072286
v 0.335075 -0.012693 1.067175
v 0.329867 -0.012693 1.062717
v 0.324040 -0.012693 1.058960
v 0.317643 -0.012693 1.055953
v 0.310725 -0.012693 1.053745
v 0.303334 -0.012693 1.052384
v 0.295520 -0.012693 1.051920
v 0.288140 -0.012693 1.052384
v 0.281153 -0.012693 1.053743
v 0.274606 -0.012693 1.055948
v 0.268547 -0.012693 1.058947
v 0.263022 -0.012693 1.062691
v 0.258080 -0.012693 1.067130
v 0.253768 -0.012693 1.072214
v 0.250133 -0.012693 1.077893
v 0.247224 -0.012693 1.084118
v 0.245087 -0.012693 1.090837
v 0.243770 -0.012693 1.098001
v 0.243320 -0.012693 1.105560
v 0.142160 -0.012693 1.188000
v 0.142160 -0.012693 0.942480
v 0.174200 -0.012693 0.942480
v 0.174200 -0.012693 1.188000
v 0.076951 -0.012693 0.996304
v 0.074482 -0.012693 0.995792
v 0.072134 -0.012693 0.994967
v 0.069933 -0.012693 0.993854
v 0.067902 -0.012693 0.992475
v 0.066065 -0.012693 0.990855
v 0.064445 -0.012693 0.989018
v 0.063067 -0.012693 0.986987
v 0.061953 -0.012693 0.984786
v 0.061128 -0.012693 0.982439
v 0.060616 -0.012693 0.979969
v 0.060440 -0.012693 0.977400
v 0.060616 -0.012693 0.974832
v 0.061128 -0.012693 0.972362
v 0.061953 -0.012693 0.970015
v 0.063067 -0.012693 0.967813
v 0.064445 -0.012693 0.965782
v 0.066065 -0.012693 0.963945
v 0.067902 -0.012693 0.962325
v 0.069933 -0.012693 0.960947
v 0.072134 -0.012693 0.959833
v 0.074482 -0.012693 0.959009
v 0.076951 -0.012693 0.958496
v 0.079520 -0.012693 0.958320
v 0.082089 -0.012693 0.958496
v 0.084558 -0.012693 0.959008
v 0.086906 -0.012693 0.959833
v 0.089107 -0.012693 0.960947
v 0.091138 -0.012693 0.962325
v 0.092975 -0.012693 0.963945
v 0.094595 -0.012693 0.965782
v 0.095973 -0.012693 0.967813
v 0.097087 -0.012693 0.970015
v 0.097912 -0.012693 0.972362
v 0.098424 -0.012693 0.974832
v 0.098600 -0.012693 0.977400
v 0.098424 -0.012693 0.979969
v 0.097912 -0.012693 0.982439
v 0.097087 -0.012693 0.984786
v 0.095973 -0.012693 0.986987
v 0.094595 -0.012693 0.989018
v 0.092975 -0.012693 0.990855
v 0.091138 -0.012693 0.992475
v 0.089107 -0.012693 0.993854
v 0.086906 -0.012693 0.994967
v 0.084558 -0.012693 0.995792
v 0.082089 -0.012693 0.996304
v 0.079520 -0.012693 0.996480
v 0.063320 -0.012693 1.188000
v 0.063320 -0.012693 1.026360
v 0.095360 -0.012693 1.026360
v 0.095360 -0.012693 1.188000
v -0.009040 -0.012693 1.188000
v -0.133960 -0.012693 1.066680
v -0.133960 -0.012693 1.188000
v -0.169240 -0.012693 1.188000
v -0.169240 -0.012693 0.942480
v -0.133960 -0.012693 0.942480
v -0.133960 -0.012693 1.054800
v -0.030640 -0.012693 0.942480
v 0.013280 -0.012693 0.942480
v -0.093640 -0.012693 1.058760
v 0.039560 -0.012693 1.188000
v -0.403600 -0.012693 1.188000
v -0.403600 -0.012693 0.942480
v -0.368320 -0.012693 0.942480
v -0.368320 -0.012693 1.188000
v 0.195760 -0.012693 0.078426
v 0.205167 -0.012693 0.071268
v 0.213924 -0.012693 0.063883
v 0.222013 -0.012693 0.056307
v 0.229418 -0.012693 0.048575
v 0.236120 -0.012693 0.040725
v 0.242102 -0.012693 0.032792
v 0.247347 -0.012693 0.024813
v 0.251836 -0.012693 0.016824
v 0.255553 -0.012693 0.008862
v 0.258480 -0.012693 0.000961
v 0.260600 -0.012693 -0.006840
v 0.257828 -0.012693 -0.005273
v 0.254923 -0.012693 -0.003817
v 0.251904 -0.012693 -0.002475
v 0.248787 -0.012693 -0.001253
v 0.245590 -0.012693 -0.000157
v 0.242330 -0.012693 0.000810
v 0.239025 -0.012693 0.001642
v 0.235693 -0.012693 0.002333
v 0.232351 -0.012693 0.002880
v 0.229017 -0.012693 0.003277
v 0.225707 -0.012693 0.003518
v 0.222440 -0.012693 0.003600
v 0.212905 -0.012693 0.002954
v 0.203793 -0.012693 0.001068
v 0.195181 -0.012693 -0.001974
v 0.187147 -0.012693 -0.006093
v 0.179767 -0.012693 -0.011207
v 0.173120 -0.012693 -0.017235
v 0.167283 -0.012693 -0.024095
v 0.162333 -0.012693 -0.031707
v 0.158349 -0.012693 -0.039988
v 0.155407 -0.012693 -0.048858
v 0.153585 -0.012693 -0.058236
v 0.152960 -0.012693 -0.068040
v 0.153567 -0.012693 -0.077109
v 0.155357 -0.012693 -0.086052
v 0.158281 -0.012693 -0.094742
v 0.162293 -0.012693 -0.103053
v 0.167345 -0.012693 -0.110860
v 0.173390 -0.012693 -0.118035
v 0.180380 -0.012693 -0.124453
v 0.188267 -0.012693 -0.129987
v 0.197004 -0.012693 -0.134511
v 0.206543 -0.012693 -0.137898
v 0.216838 -0.012693 -0.140024
v 0.227840 -0.012693 -0.140760
v 0.238906 -0.012693 -0.139979
v 0.249377 -0.012693 -0.137695
v 0.259183 -0.012693 -0.133993
v 0.268253 -0.012693 -0.128960
v 0.276519 -0.012693 -0.122682
v 0.283910 -0.012693 -0.115245
v 0.290356 -0.012693 -0.106736
v 0.295787 -0.012693 -0.097240
v 0.300133 -0.012693 -0.086844
v 0.303323 -0.012693 -0.075635
v 0.305289 -0.012693 -0.063698
v 0.305960 -0.012693 -0.051120
v 0.305119 -0.012693 -0.036121
v 0.302653 -0.012693 -0.020918
v 0.298648 -0.012693 -0.005653
v 0.293187 -0.012693 0.009533
v 0.286356 -0.012693 0.024500
v 0.278240 -0.012693 0.039105
v 0.268924 -0.012693 0.053208
v 0.258493 -0.012693 0.066667
v 0.247033 -0.012693 0.079341
v 0.234627 -0.012693 0.091088
v 0.221361 -0.012693 0.101769
v 0.207320 -0.012693 0.111240
v 0.185720 -0.012693 0.085320
v 0.232683 -0.012693 -0.029963
v 0.235500 -0.012693 -0.030217
v 0.238438 -0.012693 -0.030645
v 0.241480 -0.012693 -0.031253
v 0.244613 -0.012693 -0.032047
v 0.247820 -0.012693 -0.033030
v 0.251088 -0.012693 -0.034208
v 0.254400 -0.012693 -0.035587
v 0.257743 -0.012693 -0.037170
v 0.261100 -0.012693 -0.038963
v 0.264458 -0.012693 -0.040972
v 0.267800 -0.012693 -0.043200
v 0.268214 -0.012693 -0.045288
v 0.268558 -0.012693 -0.047242
v 0.268841 -0.012693 -0.049078
v 0.269067 -0.012693 -0.050813
v 0.269243 -0.012693 -0.052464
v 0.269375 -0.012693 -0.054045
v 0.269470 -0.012693 -0.055574
v 0.269533 -0.012693 -0.057067
v 0.269572 -0.012693 -0.058539
v 0.269592 -0.012693 -0.060008
v 0.269599 -0.012693 -0.061490
v 0.269600 -0.012693 -0.063000
v 0.269226 -0.012693 -0.068863
v 0.268135 -0.012693 -0.074530
v 0.266377 -0.012693 -0.079943
v 0.264000 -0.012693 -0.085040
v 0.261053 -0.012693 -0.089763
v 0.257585 -0.012693 -0.094050
v 0.253644 -0.012693 -0.097843
v 0.249280 -0.012693 -0.101080
v 0.244541 -0.012693 -0.103703
v 0.239475 -0.012693 -0.105650
v 0.234132 -0.012693 -0.106863
v 0.228560 -0.012693 -0.107280
v 0.222851 -0.012693 -0.106948
v 0.217448 -0.012693 -0.105975
v 0.212388 -0.012693 -0.104394
v 0.207707 -0.012693 -0.102240
v 0.203440 -0.012693 -0.099546
v 0.199625 -0.012693 -0.096345
v 0.196297 -0.012693 -0.092672
v 0.193493 -0.012693 -0.088560
v 0.191249 -0.012693 -0.084043
v 0.189602 -0.012693 -0.079155
v 0.188586 -0.012693 -0.073929
v 0.188240 -0.012693 -0.068400
v 0.188622 -0.012693 -0.063180
v 0.189733 -0.012693 -0.058172
v 0.191525 -0.012693 -0.053421
v 0.193947 -0.012693 -0.048973
v 0.196948 -0.012693 -0.044876
v 0.200480 -0.012693 -0.041175
v 0.204492 -0.012693 -0.037916
v 0.208933 -0.012693 -0.035147
v 0.213755 -0.012693 -0.032912
v 0.218907 -0.012693 -0.031258
v 0.224338 -0.012693 -0.030232
v 0.230000 -0.012693 -0.029880
v 0.015760 -0.012693 0.078426
v 0.025167 -0.012693 0.071268
v 0.033924 -0.012693 0.063883
v 0.042013 -0.012693 0.056307
v 0.049418 -0.012693 0.048575
v 0.056120 -0.012693 0.040725
v 0.062102 -0.012693 0.032792
v 0.067347 -0.012693 0.024813
v 0.071836 -0.012693 0.016824
v 0.075553 -0.012693 0.008862
v 0.078480 -0.012693 0.000961
v 0.080600 -0.012693 -0.006840
v 0.077828 -0.012693 -0.005273
v 0.074923 -0.012693 -0.003817
v 0.071904 -0.012693 -0.002475
v 0.068787 -0.012693 -0.001253
v 0.065590 -0.012693 -0.000157
v 0.062330 -0.012693 0.000810
v 0.059025 -0.012693 0.001642
v 0.055693 -0.012693 0.002333
v 0.052351 -0.012693 0.002880
v 0.049017 -0.012693 0.003277
v 0.045707 -0.012693 0.003518
v 0.042440 -0.012693 0.003600
v 0.032905 -0.012693 0.002954
v 0.023793 -0.012693 0.001068
v 0.015181 -0.012693 -0.001974
v 0.007147 -0.012693 -0.006093
v -0.000233 -0.012693 -0.011207
v -0.006880 -0.012693 -0.017235
v -0.012717 -0.012693 -0.024095
v -0.017667 -0.012693 -0.031707
v -0.021651 -0.012693 -0.039988
v -0.024593 -0.012693 -0.048858
v -0.026415 -0.012693 -0.058236
v -0.027040 -0.012693 -0.068040
v -0.026433 -0.012693 -0.077109
v -0.024643 -0.012693 -0.086052
v -0.021719 -0.012693 -0.094742
v -0.017707 -0.012693 -0.103053
v -0.012655 -0.012693 -0.110860
v -0.006610 -0.012693 -0.118035
v 0.000380 -0.012693 -0.124453
v 0.008267 -0.012693 -0.129987
v 0.017004 -0.012693 -0.134511
v 0.026543 -0.012693 -0.137898
v 0.036838 -0.012693 -0.140024
v 0.047840 -0.012693 -0.140760
v 0.058906 -0.012693 -0.139979
v 0.069377 -0.012693 -0.137695
v 0.079183 -0.012693 -0.133993
v 0.088253 -0.012693 -0.128960
v 0.096519 -0.012693 -0.122682
v 0.103910 -0.012693 -0.115245
v 0.110356 -0.012693 -0.106736
v 0.115787 -0.012693 -0.097240
v 0.120133 -0.012693 -0.086844
v 0.123323 -0.012693 -0.075635
v 0.125289 -0.012693 -0.063698
v 0.125960 -0.012693 -0.051120
v 0.125119 -0.012693 -0.036121
v 0.122653 -0.012693 -0.020918
v 0.118648 -0.012693 -0.005653
v 0.113187 -0.012693 0.009533
v 0.106356 -0.012693 0.024500
v 0.098240 -0.012693 0.039105
v 0.088924 -0.012693 0.053208
v 0.078493 -0.012693 0.066667
v 0.067033 -0.012693 0.079341
v 0.054627 -0.012693 0.091088
v 0.041361 -0.012693 0.101769
v 0.027320 -0.012693 0.111240
v 0.005720 -0.012693 0.085320
v 0.052683 -0.012693 -0.029963
v 0.055500 -0.012693 -0.030217
v 0.058438 -0.012693 -0.030645
v 0.061480 -0.012693 -0.031253
v 0.064613 -0.012693 -0.032047
v 0.067820 -0.012693 -0.033030
v 0.071088 -0.012693 -0.034208
v 0.074400 -0.012693 -0.035587
v 0.077743 -0.012693 -0.037170
v 0.081100 -0.012693 -0.038963
v 0.084458 -0.012693 -0.040972
v 0.087800 -0.012693 -0.043200
v 0.088214 -0.012693 -0.045288
v 0.088558 -0.012693 -0.047242
v 0.088841 -0.012693 -0.049078
v 0.089067 -0.012693 -0.050813
v 0.089243 -0.012693 -0.052464
v 0.089375 -0.012693 -0.054045
v 0.089470 -0.012693 -0.055574
v 0.089533 -0.012693 -0.057067
v 0.089572 -0.012693 -0.058539
v 0.089592 -0.012693 -0.060008
v 0.089599 -0.012693 -0.061490
v 0.089600 -0.012693 -0.063000
v 0.089226 -0.012693 -0.068863
v 0.088135 -0.012693 -0.074530
v 0.086377 -0.012693 -0.079943
v 0.084000 -0.012693 -0.085040
v 0.081053 -0.012693 -0.089763
v 0.077585 -0.012693 -0.094050
v 0.073644 -0.012693 -0.097843
v 0.069280 -0.012693 -0.101080
v 0.064541 -0.012693 -0.103703
v 0.059475 -0.012693 -0.105650
v 0.054132 -0.012693 -0.106863
v 0.048560 -0.012693 -0.107280
v 0.042851 -0.012693 -0.106948
v 0.037448 -0.012693 -0.105975
v 0.032388 -0.012693 -0.104394
v 0.027707 -0.012693 -0.102240
v 0.023440 -0.012693 -0.099546
v 0.019625 -0.012693 -0.096345
v 0.016297 -0.012693 -0.092672
v 0.013493 -0.012693 -0.088560
v 0.011249 -0.012693 -0.084043
v 0.009602 -0.012693 -0.079155
v 0.008586 -0.012693 -0.073929
v 0.008240 -0.012693 -0.068400
v 0.008622 -0.012693 -0.063180
v 0.009733 -0.012693 -0.058172
v 0.011525 -0.012693 -0.053421
v 0.013947 -0.012693 -0.048973
v 0.016948 -0.012693 -0.044876
v 0.020480 -0.012693 -0.041175
v 0.024492 -0.012693 -0.037916
v 0.028933 -0.012693 -0.035147
v 0.033755 -0.012693 -0.032912
v 0.038907 -0.012693 -0.031258
v 0.044338 -0.012693 -0.030232
v 0.050000 -0.012693 -0.029880
v -0.164240 -0.012693 0.078426
v -0.154833 -0.012693 0.071268
v -0.146076 -0.012693 0.063883
v -0.137987 -0.012693 0.056307
v -0.130582 -0.012693 0.048575
v -0.123880 -0.012693 0.040725
v -0.117898 -0.012693 0.032792
v -0.112653 -0.012693 0.024813
v -0.108164 -0.012693 0.016824
v -0.104447 -0.012693 0.008862
v -0.101520 -0.012693 0.000961
v -0.099400 -0.012693 -0.006840
v -0.102172 -0.012693 -0.005273
v -0.105077 -0.012693 -0.003817
v -0.108096 -0.012693 -0.002475
v -0.111213 -0.012693 -0.001253
v -0.114410 -0.012693 -0.000157
v -0.117670 -0.012693 0.000810
v -0.120975 -0.012693 0.001642
v -0.124307 -0.012693 0.002333
v -0.127649 -0.012693 0.002880
v -0.130983 -0.012693 0.003277
v -0.134293 -0.012693 0.003518
v -0.137560 -0.012693 0.003600
v -0.147095 -0.012693 0.002954
v -0.156207 -0.012693 0.001068
v -0.164819 -0.012693 -0.001974
v -0.172853 -0.012693 -0.006093
v -0.180233 -0.012693 -0.011207
v -0.186880 -0.012693 -0.017235
v -0.192717 -0.012693 -0.024095
v -0.197667 -0.012693 -0.031707
v -0.201651 -0.012693 -0.039988
v -0.204593 -0.012693 -0.048858
v -0.206415 -0.012693 -0.058236
v -0.207040 -0.012693 -0.068040
v -0.206433 -0.012693 -0.077109
v -0.204643 -0.012693 -0.086052
v -0.201719 -0.012693 -0.094742
v -0.197707 -0.012693 -0.103053
v -0.192655 -0.012693 -0.110860
v -0.186610 -0.012693 -0.118035
v -0.179620 -0.012693 -0.124453
v -0.171733 -0.012693 -0.129987
v -0.162996 -0.012693 -0.134511
v -0.153457 -0.012693 -0.137898
v -0.143162 -0.012693 -0.140024
v -0.132160 -0.012693 -0.140760
v -0.121094 -0.012693 -0.139979
v -0.110623 -0.012693 -0.137695
v -0.100817 -0.012693 -0.133993
v -0.091747 -0.012693 -0.128960
v -0.083481 -0.012693 -0.122682
v -0.076090 -0.012693 -0.115245
v -0.069644 -0.012693 -0.106736
v -0.064213 -0.012693 -0.097240
v -0.059867 -0.012693 -0.086844
v -0.056677 -0.012693 -0.075635
v -0.054711 -0.012693 -0.063698
v -0.054040 -0.012693 -0.051120
v -0.054881 -0.012693 -0.036121
v -0.057347 -0.012693 -0.020918
v -0.061352 -0.012693 -0.005653
v -0.066813 -0.012693 0.009533
v -0.073644 -0.012693 0.024500
v -0.081760 -0.012693 0.039105
v -0.091076 -0.012693 0.053208
v -0.101507 -0.012693 0.066667
v -0.112967 -0.012693 0.079341
v -0.125373 -0.012693 0.091088
v -0.138639 -0.012693 0.101769
v -0.152680 -0.012693 0.111240
v -0.174280 -0.012693 0.085320
v -0.127317 -0.012693 -0.029963
v -0.124500 -0.012693 -0.030217
v -0.121562 -0.012693 -0.030645
v -0.118520 -0.012693 -0.031253
v -0.115387 -0.012693 -0.032047
v -0.112180 -0.012693 -0.033030
v -0.108912 -0.012693 -0.034208
v -0.105600 -0.012693 -0.035587
v -0.102257 -0.012693 -0.037170
v -0.098900 -0.012693 -0.038963
v -0.095542 -0.012693 -0.040972
v -0.092200 -0.012693 -0.043200
v -0.091786 -0.012693 -0.045288
v -0.091442 -0.012693 -0.047242
v -0.091159 -0.012693 -0.049078
v -0.090933 -0.012693 -0.050813
v -0.090757 -0.012693 -0.052464
v -0.090625 -0.012693 -0.054045
v -0.090530 -0.012693 -0.055574
v -0.090467 -0.012693 -0.057067
v -0.090428 -0.012693 -0.058539
v -0.090408 -0.012693 -0.060008
v -0.090401 -0.012693 -0.061490
v -0.090400 -0.012693 -0.063000
v -0.090774 -0.012693 -0.068863
v -0.091865 -0.012693 -0.074530
v -0.093623 -0.012693 -0.079943
v -0.096000 -0.012693 -0.085040
v -0.098947 -0.012693 -0.089763
v -0.102415 -0.012693 -0.094050
v -0.106356 -0.012693 -0.097843
v -0.110720 -0.012693 -0.101080
v -0.115459 -0.012693 -0.103703
v -0.120525 -0.012693 -0.105650
v -0.125868 -0.012693 -0.106863
v -0.131440 -0.012693 -0.107280
v -0.137149 -0.012693 -0.106948
v -0.142552 -0.012693 -0.105975
v -0.147612 -0.012693 -0.104394
v -0.152293 -0.012693 -0.102240
v -0.156560 -0.012693 -0.099546
v -0.160375 -0.012693 -0.096345
v -0.163703 -0.012693 -0.092672
v -0.166507 -0.012693 -0.088560
v -0.168751 -0.012693 -0.084043
v -0.170398 -0.012693 -0.079155
v -0.171414 -0.012693 -0.073929
v -0.171760 -0.012693 -0.068400
v -0.171378 -0.012693 -0.063180
v -0.170267 -0.012693 -0.058172
v -0.168475 -0.012693 -0.053421
v -0.166053 -0.012693 -0.048973
v -0.163052 -0.012693 -0.044876
v -0.159520 -0.012693 -0.041175
v -0.155508 -0.012693 -0.037916
v -0.151067 -0.012693 -0.035147
v -0.146245 -0.012693 -0.032912
v -0.141093 -0.012693 -0.031258
v -0.135662 -0.012693 -0.030232
v -0.130000 -0.012693 -0.029880
v -0.344240 -0.012693 0.078426
v -0.334833 -0.012693 0.071268
v -0.326076 -0.012693 0.063883
v -0.317987 -0.012693 0.056307
v -0.310582 -0.012693 0.048575
v -0.303880 -0.012693 0.040725
v -0.297898 -0.012693 0.032792
v -0.292653 -0.012693 0.024813
v -0.288164 -0.012693 0.016824
v -0.284447 -0.012693 0.008862
v -0.281520 -0.012693 0.000961
v -0.279400 -0.012693 -0.006840
v -0.282172 -0.012693 -0.005273
v -0.285077 -0.012693 -0.003817
v -0.288096 -0.012693 -0.002475
v -0.291213 -0.012693 -0.001253
v -0.294410 -0.012693 -0.000157
v -0.297670 -0.012693 0.000810
v -0.300975 -0.012693 0.001642
v -0.304307 -0.012693 0.002333
v -0.307649 -0.012693 0.002880
v -0.310983 -0.012693 0.003277
v -0.314293 -0.012693 0.003518
v -0.317560 -0.012693 0.003600
v -0.327095 -0.012693 0.002954
v -0.336207 -0.012693 0.001068
v -0.344819 -0.012693 -0.001974
v -0.352853 -0.012693 -0.006093
v -0.360233 -0.012693 -0.011207
v -0.366880 -0.012693 -0.017235
v -0.372717 -0.012693 -0.024095
v -0.377667 -0.012693 -0.031707
v -0.381651 -0.012693 -0.039988
v -0.384593 -0.012693 -0.048858
v -0.386415 -0.012693 -0.058236
v -0.387040 -0.012693 -0.068040
v -0.386433 -0.012693 -0.077109
v -0.384643 -0.012693 -0.086052
v -0.381719 -0.012693 -0.094742
v -0.377707 -0.012693 -0.103053
v -0.372655 -0.012693 -0.110860
v -0.366610 -0.012693 -0.118035
v -0.359620 -0.012693 -0.124453
v -0.351733 -0.012693 -0.129987
v -0.342996 -0.012693 -0.134511
v -0.333457 -0.012693 -0.137898
v -0.323162 -0.012693 -0.140024
v -0.312160 -0.012693 -0.140760
v -0.301094 -0.012693 -0.139979
v -0.290623 -0.012693 -0.137695
v -0.280817 -0.012693 -0.133993
v -0.271747 -0.012693 -0.128960
v -0.263481 -0.012693 -0.122682
v -0.256090 -0.012693 -0.115245
v -0.249644 -0.012693 -0.106736
v -0.244213 -0.012693 -0.097240
v -0.239867 -0.012693 -0.086844
v -0.236677 -0.012693 -0.075635
v -0.234711 -0.012693 -0.063698
v -0.234040 -0.012693 -0.051120
v -0.234881 -0.012693 -0.036121
v -0.237347 -0.012693 -0.020918
v -0.241353 -0.012693 -0.005653
v -0.246813 -0.012693 0.009533
v -0.253644 -0.012693 0.024500
v -0.261760 -0.012693 0.039105
v -0.271076 -0.012693 0.053208
v -0.281507 -0.012693 0.066667
v -0.292968 -0.012693 0.079341
v -0.305373 -0.012693 0.091088
v -0.318639 -0.012693 0.101769
v -0.332680 -0.012693 0.111240
v -0.354280 -0.012693 0.085320
v -0.307318 -0.012693 -0.029963
v -0.304500 -0.012693 -0.030217
v -0.301563 -0.012693 -0.030645
v -0.298520 -0.012693 -0.031253
v -0.295388 -0.012693 -0.032047
v -0.292180 -0.012693 -0.033030
v -0.288913 -0.012693 -0.034208
v -0.285600 -0.012693 -0.035587
v -0.282258 -0.012693 -0.037170
v -0.278900 -0.012693 -0.038963
v -0.275542 -0.012693 -0.040972
v -0.272200 -0.012693 -0.043200
v -0.271787 -0.012693 -0.045288
v -0.271442 -0.012693 -0.047242
v -0.271159 -0.012693 -0.049078
v -0.270933 -0.012693 -0.050813
v -0.270757 -0.012693 -0.052464
v -0.270625 -0.012693 -0.054045
v -0.270530 -0.012693 -0.055574
v -0.270467 -0.012693 -0.057067
v -0.270428 -0.012693 -0.058539
v -0.270408 -0.012693 -0.060008
v -0.270401 -0.012693 -0.061490
v -0.270400 -0.012693 -0.063000
v -0.270774 -0.012693 -0.068863
v -0.271865 -0.012693 -0.074530
v -0.273623 -0.012693 -0.079943
v -0.276000 -0.012693 -0.085040
v -0.278947 -0.012693 -0.089763
v -0.282415 -0.012693 -0.094050
v -0.286356 -0.012693 -0.097843
v -0.290720 -0.012693 -0.101080
v -0.295459 -0.012693 -0.103703
v -0.300525 -0.012693 -0.105650
v -0.305868 -0.012693 -0.106863
v -0.311440 -0.012693 -0.107280
v -0.317149 -0.012693 -0.106948
v -0.322552 -0.012693 -0.105975
v -0.327612 -0.012693 -0.104394
v -0.332293 -0.012693 -0.102240
v -0.336560 -0.012693 -0.099546
v -0.340375 -0.012693 -0.096345
v -0.343703 -0.012693 -0.092672
v -0.346507 -0.012693 -0.088560
v -0.348751 -0.012693 -0.084043
v -0.350398 -0.012693 -0.079155
v -0.351414 -0.012693 -0.073929
v -0.351760 -0.012693 -0.068400
v -0.351378 -0.012693 -0.063180
v -0.350267 -0.012693 -0.058172
v -0.348475 -0.012693 -0.053421
v -0.346053 -0.012693 -0.048973
v -0.343052 -0.012693 -0.044876
v -0.339520 -0.012693 -0.041175
v -0.335508 -0.012693 -0.037916
v -0.331067 -0.012693 -0.035147
v -0.326245 -0.012693 -0.032912
v -0.321093 -0.012693 -0.031258
v -0.315662 -0.012693 -0.030232
v -0.310000 -0.012693 -0.029880
v 0.234500 -0.012693 -0.432000
v 0.222822 -0.012693 -0.432675
v 0.211937 -0.012693 -0.434667
v 0.201886 -0.012693 -0.437929
v 0.192713 -0.012693 -0.442413
v 0.184460 -0.012693 -0.448073
v 0.177170 -0.012693 -0.454860
v 0.170885 -0.012693 -0.462727
v 0.165647 -0.012693 -0.471627
v 0.161499 -0.012693 -0.481511
v 0.158483 -0.012693 -0.492333
v 0.156643 -0.012693 -0.504046
v 0.156020 -0.012693 -0.516600
v 0.156706 -0.012693 -0.528011
v 0.158718 -0.012693 -0.538797
v 0.161988 -0.012693 -0.548888
v 0.166447 -0.012693 -0.558213
v 0.172025 -0.012693 -0.566704
v 0.178655 -0.012693 -0.574290
v 0.186267 -0.012693 -0.580901
v 0.194793 -0.012693 -0.586467
v 0.204164 -0.012693 -0.590918
v 0.214312 -0.012693 -0.594184
v 0.225166 -0.012693 -0.596194
v 0.236660 -0.012693 -0.596880
v 0.239347 -0.012693 -0.596842
v 0.242017 -0.012693 -0.596725
v 0.244681 -0.012693 -0.596526
v 0.247353 -0.012693 -0.596240
v 0.250045 -0.012693 -0.595864
v 0.252770 -0.012693 -0.595395
v 0.255540 -0.012693 -0.594828
v 0.258367 -0.012693 -0.594160
v 0.261264 -0.012693 -0.593387
v 0.264243 -0.012693 -0.592505
v 0.267318 -0.012693 -0.591511
v 0.270500 -0.012693 -0.590400
v 0.270500 -0.012693 -0.677520
v 0.302540 -0.012693 -0.677520
v 0.302540 -0.012693 -0.432000
v 0.267849 -0.012693 -0.562988
v 0.265287 -0.012693 -0.563914
v 0.262794 -0.012693 -0.564739
v 0.260353 -0.012693 -0.565467
v 0.257948 -0.012693 -0.566100
v 0.255560 -0.012693 -0.566640
v 0.253172 -0.012693 -0.567091
v 0.250767 -0.012693 -0.567454
v 0.248326 -0.012693 -0.567731
v 0.245833 -0.012693 -0.567927
v 0.243270 -0.012693 -0.568042
v 0.240620 -0.012693 -0.568080
v 0.233096 -0.012693 -0.567621
v 0.226030 -0.012693 -0.566270
v 0.219459 -0.012693 -0.564064
v 0.213420 -0.012693 -0.561040
v 0.207951 -0.012693 -0.557236
v 0.203090 -0.012693 -0.552690
v 0.198874 -0.012693 -0.547439
v 0.195340 -0.012693 -0.541520
v 0.192526 -0.012693 -0.534971
v 0.190470 -0.012693 -0.527830
v 0.189209 -0.012693 -0.520134
v 0.188780 -0.012693 -0.511920
v 0.189042 -0.012693 -0.504526
v 0.189858 -0.012693 -0.497500
v 0.191272 -0.012693 -0.490894
v 0.193327 -0.012693 -0.484760
v 0.196066 -0.012693 -0.479151
v 0.199535 -0.012693 -0.474120
v 0.203776 -0.012693 -0.469719
v 0.208833 -0.012693 -0.466000
v 0.214751 -0.012693 -0.463016
v 0.221572 -0.012693 -0.460820
v 0.229340 -0.012693 -0.459464
v 0.238100 -0.012693 -0.459000
v 0.270500 -0.012693 -0.459000
v 0.270500 -0.012693 -0.561960
v 0.084740 -0.012693 -0.432000
v 0.084740 -0.012693 -0.677520
v 0.116780 -0.012693 -0.677520
v 0.116780 -0.012693 -0.432000
v 0.047649 -0.012693 -0.502016
v 0.045500 -0.012693 -0.490343
v 0.042001 -0.012693 -0.479486
v 0.037220 -0.012693 -0.469507
v 0.031224 -0.012693 -0.460467
v 0.024080 -0.012693 -0.452430
v 0.015856 -0.012693 -0.445458
v 0.006620 -0.012693 -0.439613
v -0.003561 -0.012693 -0.434959
v -0.014620 -0.012693 -0.431557
v -0.026489 -0.012693 -0.429470
v -0.039100 -0.012693 -0.428760
v -0.051215 -0.012693 -0.429497
v -0.062670 -0.012693 -0.431657
v -0.073390 -0.012693 -0.435161
v -0.083300 -0.012693 -0.439934
v -0.092325 -0.012693 -0.445896
v -0.100390 -0.012693 -0.452970
v -0.107420 -0.012693 -0.461080
v -0.113340 -0.012693 -0.470147
v -0.118075 -0.012693 -0.480094
v -0.121550 -0.012693 -0.490844
v -0.123690 -0.012693 -0.502318
v -0.124420 -0.012693 -0.514440
v -0.123663 -0.012693 -0.525818
v -0.121450 -0.012693 -0.536672
v -0.117873 -0.012693 -0.546913
v -0.113020 -0.012693 -0.556453
v -0.106983 -0.012693 -0.565204
v -0.099850 -0.012693 -0.573075
v -0.091713 -0.012693 -0.579979
v -0.082660 -0.012693 -0.585827
v -0.072783 -0.012693 -0.590530
v -0.062170 -0.012693 -0.593998
v -0.050913 -0.012693 -0.596145
v -0.039100 -0.012693 -0.596880
v -0.026716 -0.012693 -0.596172
v -0.014995 -0.012693 -0.594099
v -0.004017 -0.012693 -0.590732
v 0.006140 -0.012693 -0.586147
v 0.015397 -0.012693 -0.580417
v 0.023675 -0.012693 -0.573615
v 0.030896 -0.012693 -0.565816
v 0.036980 -0.012693 -0.557093
v 0.041849 -0.012693 -0.547521
v 0.045425 -0.012693 -0.537172
v 0.047628 -0.012693 -0.526120
v 0.048380 -0.012693 -0.514440
v -0.091224 -0.012693 -0.506137
v -0.089943 -0.012693 -0.498352
v -0.087858 -0.012693 -0.491124
v -0.085007 -0.012693 -0.484493
v -0.081431 -0.012693 -0.478497
v -0.077170 -0.012693 -0.473175
v -0.072264 -0.012693 -0.468565
v -0.066753 -0.012693 -0.464707
v -0.060678 -0.012693 -0.461638
v -0.054077 -0.012693 -0.459398
v -0.046991 -0.012693 -0.458026
v -0.039460 -0.012693 -0.457560
v -0.031268 -0.012693 -0.458005
v -0.023630 -0.012693 -0.459322
v -0.016578 -0.012693 -0.461481
v -0.010140 -0.012693 -0.464454
v -0.004348 -0.012693 -0.468211
v 0.000770 -0.012693 -0.472725
v 0.005182 -0.012693 -0.477967
v 0.008860 -0.012693 -0.483907
v 0.011772 -0.012693 -0.490517
v 0.013890 -0.012693 -0.497768
v 0.015182 -0.012693 -0.505632
v 0.015620 -0.012693 -0.514080
v 0.015148 -0.012693 -0.521722
v 0.013765 -0.012693 -0.528955
v 0.011519 -0.012693 -0.535731
v 0.008460 -0.012693 -0.542000
v 0.004636 -0.012693 -0.547714
v 0.000095 -0.012693 -0.552825
v -0.005113 -0.012693 -0.557283
v -0.010940 -0.012693 -0.561040
v -0.017337 -0.012693 -0.564047
v -0.024255 -0.012693 -0.566255
v -0.031646 -0.012693 -0.567616
v -0.039460 -0.012693 -0.568080
v -0.046840 -0.012693 -0.567616
v -0.053827 -0.012693 -0.566257
v -0.060374 -0.012693 -0.564053
v -0.066433 -0.012693 -0.561053
v -0.071958 -0.012693 -0.557309
v -0.076900 -0.012693 -0.552870
v -0.081212 -0.012693 -0.547786
v -0.084847 -0.012693 -0.542107
v -0.087756 -0.012693 -0.535883
v -0.089893 -0.012693 -0.529163
v -0.091210 -0.012693 -0.521999
v -0.091660 -0.012693 -0.514440
v -0.169570 -0.012693 -0.445498
v -0.177433 -0.012693 -0.442427
v -0.185136 -0.012693 -0.439695
v -0.192727 -0.012693 -0.437293
v -0.200252 -0.012693 -0.435212
v -0.207760 -0.012693 -0.433440
v -0.215298 -0.012693 -0.431968
v -0.222913 -0.012693 -0.430787
v -0.230654 -0.012693 -0.429885
v -0.238567 -0.012693 -0.429253
v -0.246700 -0.012693 -0.428882
v -0.255100 -0.012693 -0.428760
v -0.273477 -0.012693 -0.429836
v -0.290905 -0.012693 -0.432987
v -0.307261 -0.012693 -0.438098
v -0.322420 -0.012693 -0.445053
v -0.336259 -0.012693 -0.453739
v -0.348655 -0.012693 -0.464040
v -0.359483 -0.012693 -0.475841
v -0.368620 -0.012693 -0.489027
v -0.375942 -0.012693 -0.503483
v -0.381325 -0.012693 -0.519093
v -0.384646 -0.012693 -0.535744
v -0.385780 -0.012693 -0.553320
v -0.384618 -0.012693 -0.571028
v -0.381220 -0.012693 -0.587885
v -0.375723 -0.012693 -0.603760
v -0.368260 -0.012693 -0.618520
v -0.358968 -0.012693 -0.632036
v -0.347980 -0.012693 -0.644175
v -0.335433 -0.012693 -0.654807
v -0.321460 -0.012693 -0.663800
v -0.306198 -0.012693 -0.671023
v -0.289780 -0.012693 -0.676345
v -0.272343 -0.012693 -0.679635
v -0.254020 -0.012693 -0.680760
v -0.246984 -0.012693 -0.680659
v -0.240215 -0.012693 -0.680339
v -0.233618 -0.012693 -0.679776
v -0.227100 -0.012693 -0.678947
v -0.220567 -0.012693 -0.677828
v -0.213925 -0.012693 -0.676395
v -0.207081 -0.012693 -0.674625
v -0.199940 -0.012693 -0.672494
v -0.192409 -0.012693 -0.669977
v -0.184395 -0.012693 -0.667052
v -0.175803 -0.012693 -0.663694
v -0.166540 -0.012693 -0.659880
v -0.166540 -0.012693 -0.624240
v -0.173762 -0.012693 -0.628042
v -0.181023 -0.012693 -0.631527
v -0.188320 -0.012693 -0.634691
v -0.195647 -0.012693 -0.637533
v -0.202998 -0.012693 -0.640051
v -0.210370 -0.012693 -0.642240
v -0.217757 -0.012693 -0.644100
v -0.225153 -0.012693 -0.645627
v -0.232555 -0.012693 -0.646819
v -0.239957 -0.012693 -0.647673
v -0.247353 -0.012693 -0.648188
v -0.254740 -0.012693 -0.648360
v -0.267795 -0.012693 -0.647529
v -0.280253 -0.012693 -0.645100
v -0.292011 -0.012693 -0.641171
v -0.302967 -0.012693 -0.635840
v -0.313017 -0.012693 -0.629204
v -0.322060 -0.012693 -0.621360
v -0.329993 -0.012693 -0.612406
v -0.336713 -0.012693 -0.602440
v -0.342119 -0.012693 -0.591559
v -0.346107 -0.012693 -0.579860
v -0.348575 -0.012693 -0.567441
v -0.349420 -0.012693 -0.554400
v -0.348579 -0.012693 -0.541071
v -0.346110 -0.012693 -0.528493
v -0.342096 -0.012693 -0.516746
v -0.336620 -0.012693 -0.505907
v -0.329764 -0.012693 -0.496052
v -0.321610 -0.012693 -0.487260
v -0.312241 -0.012693 -0.479608
v -0.301740 -0.012693 -0.473173
v -0.290189 -0.012693 -0.468034
v -0.277670 -0.012693 -0.464267
v -0.264266 -0.012693 -0.461950
v -0.250060 -0.012693 -0.461160
v -0.245327 -0.012693 -0.461248
v -0.240663 -0.012693 -0.461505
v -0.236065 -0.012693 -0.461920
v -0.231527 -0.012693 -0.462480
v -0.227043 -0.012693 -0.463176
v -0.222610 -0.012693 -0.463995
v -0.218222 -0.012693 -0.464927
v -0.213873 -0.012693 -0.465960
v -0.209560 -0.012693 -0.467083
v -0.205277 -0.012693 -0.468285
v -0.201018 -0.012693 -0.469555
v -0.196780 -0.012693 -0.470880
v -0.196780 -0.012693 -0.521280
v -0.243940 -0.012693 -0.521280
v -0.243940 -0.012693 -0.552960
v -0.161500 -0.012693 -0.552960
v -0.161500 -0.012693 -0.448920
v 0.294440 -0.012693 -0.972000
v 0.282762 -0.012693 -0.972675
v 0.271877 -0.012693 -0.974667
v 0.261826 -0.012693 -0.977929
v 0.252653 -0.012693 -0.982414
v 0.244400 -0.012693 -0.988073
v 0.237110 -0.012693 -0.994860
v 0.230825 -0.012693 -1.002727
v 0.225587 -0.012693 -1.011627
v 0.221439 -0.012693 -1.021512
v 0.218423 -0.012693 -1.032334
v 0.216583 -0.012693 -1.044046
v 0.215960 -0.012693 -1.056600
v 0.216646 -0.012693 -1.068011
v 0.218658 -0.012693 -1.078797
v 0.221928 -0.012693 -1.088888
v 0.226387 -0.012693 -1.098214
v 0.231965 -0.012693 -1.106704
v 0.238595 -0.012693 -1.114290
v 0.246207 -0.012693 -1.120901
v 0.254733 -0.012693 -1.126467
v 0.264104 -0.012693 -1.130918
v 0.274252 -0.012693 -1.134184
v 0.285107 -0.012693 -1.136194
v 0.296600 -0.012693 -1.136880
v 0.299287 -0.012693 -1.136842
v 0.301957 -0.012693 -1.136725
v 0.304621 -0.012693 -1.136526
v 0.307293 -0.012693 -1.136240
v 0.309985 -0.012693 -1.135865
v 0.312710 -0.012693 -1.135395
v 0.315480 -0.012693 -1.134828
v 0.318307 -0.012693 -1.134160
v 0.321204 -0.012693 -1.133387
v 0.324183 -0.012693 -1.132505
v 0.327258 -0.012693 -1.131511
v 0.330440 -0.012693 -1.130400
v 0.330440 -0.012693 -1.217520
v 0.362480 -0.012693 -1.217520
v 0.362480 -0.012693 -0.972000
v 0.327790 -0.012693 -1.102988
v 0.325227 -0.012693 -1.103914
v 0.322734 -0.012693 -1.104739
v 0.320293 -0.012693 -1.105467
v 0.317888 -0.012693 -1.106100
v 0.315500 -0.012693 -1.106640
v 0.313112 -0.012693 -1.107091
v 0.310707 -0.012693 -1.107454
v 0.308266 -0.012693 -1.107731
v 0.305773 -0.012693 -1.107927
v 0.303210 -0.012693 -1.108042
v 0.300560 -0.012693 -1.108080
v 0.293036 -0.012693 -1.107621
v 0.285970 -0.012693 -1.106270
v 0.279399 -0.012693 -1.104064
v 0.273360 -0.012693 -1.101040
v 0.267891 -0.012693 -1.097237
v 0.263030 -0.012693 -1.092690
v 0.258814 -0.012693 -1.087439
v 0.255280 -0.012693 -1.081520
v 0.252466 -0.012693 -1.074971
v 0.250410 -0.012693 -1.067830
v 0.249149 -0.012693 -1.060134
v 0.248720 -0.012693 -1.051920
v 0.248982 -0.012693 -1.044526
v 0.249798 -0.012693 -1.037500
v 0.251212 -0.012693 -1.030894
v 0.253267 -0.012693 -1.024760
v 0.256007 -0.012693 -1.019151
v 0.259475 -0.012693 -1.014120
v 0.263716 -0.012693 -1.009719
v 0.268773 -0.012693 -1.006000
v 0.274691 -0.012693 -1.003016
v 0.281512 -0.012693 -1.000820
v 0.289280 -0.012693 -0.999464
v 0.298040 -0.012693 -0.999000
v 0.330440 -0.012693 -0.999000
v 0.330440 -0.012693 -1.101960
v 0.186429 -0.012693 -1.042016
v 0.184280 -0.012693 -1.030344
v 0.180781 -0.012693 -1.019487
v 0.176000 -0.012693 -1.009507
v 0.170004 -0.012693 -1.000467
v 0.162860 -0.012693 -0.992430
v 0.154636 -0.012693 -0.985458
v 0.145400 -0.012693 -0.979614
v 0.135219 -0.012693 -0.974959
v 0.124160 -0.012693 -0.971557
v 0.112291 -0.012693 -0.969470
v 0.099680 -0.012693 -0.968760
v 0.087565 -0.012693 -0.969497
v 0.076110 -0.012693 -0.971657
v 0.065390 -0.012693 -0.975161
v 0.055480 -0.012693 -0.979934
v 0.046455 -0.012693 -0.985896
v 0.038390 -0.012693 -0.992970
v 0.031360 -0.012693 -1.001080
v 0.025440 -0.012693 -1.010147
v 0.020705 -0.012693 -1.020094
v 0.017230 -0.012693 -1.030844
v 0.015090 -0.012693 -1.042318
v 0.014360 -0.012693 -1.054440
v 0.015117 -0.012693 -1.065818
v 0.017330 -0.012693 -1.076672
v 0.020907 -0.012693 -1.086913
v 0.025760 -0.012693 -1.096454
v 0.031797 -0.012693 -1.105204
v 0.038930 -0.012693 -1.113075
v 0.047067 -0.012693 -1.119979
v 0.056120 -0.012693 -1.125827
v 0.065997 -0.012693 -1.130530
v 0.076610 -0.012693 -1.133999
v 0.087867 -0.012693 -1.136145
v 0.099680 -0.012693 -1.136880
v 0.112064 -0.012693 -1.136173
v 0.123785 -0.012693 -1.134099
v 0.134763 -0.012693 -1.130732
v 0.144920 -0.012693 -1.126147
v 0.154177 -0.012693 -1.120417
v 0.162455 -0.012693 -1.113615
v 0.169676 -0.012693 -1.105816
v 0.175760 -0.012693 -1.097094
v 0.180629 -0.012693 -1.087521
v 0.184205 -0.012693 -1.077172
v 0.186408 -0.012693 -1.066121
v 0.187160 -0.012693 -1.054440
v 0.047556 -0.012693 -1.046137
v 0.048837 -0.012693 -1.038352
v 0.050922 -0.012693 -1.031125
v 0.053773 -0.012693 -1.024494
v 0.057349 -0.012693 -1.018498
v 0.061610 -0.012693 -1.013175
v 0.066516 -0.012693 -1.008566
v 0.072027 -0.012693 -1.004707
v 0.078102 -0.012693 -1.001638
v 0.084703 -0.012693 -0.999399
v 0.091789 -0.012693 -0.998026
v 0.099320 -0.012693 -0.997560
v 0.107512 -0.012693 -0.998006
v 0.115150 -0.012693 -0.999322
v 0.122203 -0.012693 -1.001481
v 0.128640 -0.012693 -1.004454
v 0.134433 -0.012693 -1.008211
v 0.139550 -0.012693 -1.012725
v 0.143963 -0.012693 -1.017967
v 0.147640 -0.012693 -1.023907
v 0.150552 -0.012693 -1.030517
v 0.152670 -0.012693 -1.037769
v 0.153963 -0.012693 -1.045633
v 0.154400 -0.012693 -1.054080
v 0.153928 -0.012693 -1.061722
v 0.152545 -0.012693 -1.068955
v 0.150299 -0.012693 -1.075731
v 0.147240 -0.012693 -1.082000
v 0.143416 -0.012693 -1.087715
v 0.138875 -0.012693 -1.092825
v 0.133667 -0.012693 -1.097283
v 0.127840 -0.012693 -1.101040
v 0.121443 -0.012693 -1.104047
v 0.114525 -0.012693 -1.106255
v 0.107134 -0.012693 -1.107616
v 0.099320 -0.012693 -1.108080
v 0.091940 -0.012693 -1.107616
v 0.084953 -0.012693 -1.106257
v 0.078406 -0.012693 -1.104053
v 0.072347 -0.012693 -1.101054
v 0.066822 -0.012693 -1.097309
v 0.061880 -0.012693 -1.092870
v 0.057568 -0.012693 -1.087786
v 0.053933 -0.012693 -1.082107
v 0.051024 -0.012693 -1.075883
v 0.048887 -0.012693 -1.069164
v 0.047570 -0.012693 -1.061999
v 0.047120 -0.012693 -1.054440
v -0.012291 -0.012693 -1.042016
v -0.014440 -0.012693 -1.030344
v -0.017939 -0.012693 -1.019487
v -0.022720 -0.012693 -1.009507
v -0.028716 -0.012693 -1.000467
v -0.035860 -0.012693 -0.992430
v -0.044084 -0.012693 -0.985458
v -0.053320 -0.012693 -0.979614
v -0.063501 -0.012693 -0.974959
v -0.074560 -0.012693 -0.971557
v -0.086429 -0.012693 -0.969470
v -0.099040 -0.012693 -0.968760
v -0.111155 -0.012693 -0.969497
v -0.122610 -0.012693 -0.971657
v -0.133330 -0.012693 -0.975161
v -0.143240 -0.012693 -0.979934
v -0.152265 -0.012693 -0.985896
v -0.160330 -0.012693 -0.992970
v -0.167360 -0.012693 -1.001080
v -0.173280 -0.012693 -1.010147
v -0.178015 -0.012693 -1.020094
v -0.181490 -0.012693 -1.030844
v -0.183630 -0.012693 -1.042318
v -0.184360 -0.012693 -1.054440
v -0.183603 -0.012693 -1.065818
v -0.181390 -0.012693 -1.076672
v -0.177813 -0.012693 -1.086913
v -0.172960 -0.012693 -1.096454
v -0.166923 -0.012693 -1.105204
v -0.159790 -0.012693 -1.113075
v -0.151653 -0.012693 -1.119979
v -0.142600 -0.012693 -1.125827
v -0.132723 -0.012693 -1.130530
v -0.122110 -0.012693 -1.133999
v -0.110853 -0.012693 -1.136145
v -0.099040 -0.012693 -1.136880
v -0.086656 -0.012693 -1.136173
v -0.074935 -0.012693 -1.134099
v -0.063957 -0.012693 -1.130732
v -0.053800 -0.012693 -1.126147
v -0.044543 -0.012693 -1.120417
v -0.036265 -0.012693 -1.113615
v -0.029044 -0.012693 -1.105816
v -0.022960 -0.012693 -1.097094
v -0.018091 -0.012693 -1.087521
v -0.014515 -0.012693 -1.077172
v -0.012312 -0.012693 -1.066121
v -0.011560 -0.012693 -1.054440
v -0.151164 -0.012693 -1.046137
v -0.149883 -0.012693 -1.038352
v -0.147798 -0.012693 -1.031125
v -0.144947 -0.012693 -1.024494
v -0.141371 -0.012693 -1.018498
v -0.137110 -0.012693 -1.013175
v -0.132204 -0.012693 -1.008566
v -0.126693 -0.012693 -1.004707
v -0.120618 -0.012693 -1.001638
v -0.114017 -0.012693 -0.999399
v -0.106931 -0.012693 -0.998026
v -0.099400 -0.012693 -0.997560
v -0.091208 -0.012693 -0.998006
v -0.083570 -0.012693 -0.999322
v -0.076518 -0.012693 -1.001481
v -0.070080 -0.012693 -1.004454
v -0.064288 -0.012693 -1.008211
v -0.059170 -0.012693 -1.012725
v -0.054758 -0.012693 -1.017967
v -0.051080 -0.012693 -1.023907
v -0.048168 -0.012693 -1.030517
v -0.046050 -0.012693 -1.037769
v -0.044758 -0.012693 -1.045633
v -0.044320 -0.012693 -1.054080
v -0.044792 -0.012693 -1.061722
v -0.046175 -0.012693 -1.068955
v -0.048421 -0.012693 -1.075731
v -0.051480 -0.012693 -1.082000
v -0.055304 -0.012693 -1.087715
v -0.059845 -0.012693 -1.092825
v -0.065053 -0.012693 -1.097283
v -0.070880 -0.012693 -1.101040
v -0.077277 -0.012693 -1.104047
v -0.084195 -0.012693 -1.106255
v -0.091586 -0.012693 -1.107616
v -0.099400 -0.012693 -1.108080
v -0.106780 -0.012693 -1.107616
v -0.113767 -0.012693 -1.106257
v -0.120314 -0.012693 -1.104053
v -0.126373 -0.012693 -1.101054
v -0.131898 -0.012693 -1.097309
v -0.136840 -0.012693 -1.092870
v -0.141152 -0.012693 -1.087786
v -0.144787 -0.012693 -1.082107
v -0.147696 -0.012693 -1.075883
v -0.149833 -0.012693 -1.069164
v -0.151150 -0.012693 -1.061999
v -0.151600 -0.012693 -1.054440
v -0.229510 -0.012693 -0.985499
v -0.237373 -0.012693 -0.982427
v -0.245076 -0.012693 -0.979695
v -0.252667 -0.012693 -0.977294
v -0.260192 -0.012693 -0.975212
v -0.267700 -0.012693 -0.973440
v -0.275238 -0.012693 -0.971969
v -0.282853 -0.012693 -0.970787
v -0.290594 -0.012693 -0.969885
v -0.298507 -0.012693 -0.969254
v -0.306640 -0.012693 -0.968882
v -0.315040 -0.012693 -0.968760
v -0.333417 -0.012693 -0.969836
v -0.350845 -0.012693 -0.972987
v -0.367201 -0.012693 -0.978098
v -0.382360 -0.012693 -0.985054
v -0.396199 -0.012693 -0.993739
v -0.408595 -0.012693 -1.004040
v -0.419423 -0.012693 -1.015841
v -0.428560 -0.012693 -1.029027
v -0.435882 -0.012693 -1.043483
v -0.441265 -0.012693 -1.059093
v -0.444586 -0.012693 -1.075744
v -0.445720 -0.012693 -1.093320
v -0.444558 -0.012693 -1.111028
v -0.441160 -0.012693 -1.127885
v -0.435663 -0.012693 -1.143760
v -0.428200 -0.012693 -1.158520
v -0.418908 -0.012693 -1.172036
v -0.407920 -0.012693 -1.184175
v -0.395373 -0.012693 -1.194807
v -0.381400 -0.012693 -1.203800
v -0.366138 -0.012693 -1.211023
v -0.349720 -0.012693 -1.216345
v -0.332283 -0.012693 -1.219635
v -0.313960 -0.012693 -1.220760
v -0.306924 -0.012693 -1.220659
v -0.300155 -0.012693 -1.220338
v -0.293558 -0.012693 -1.219776
v -0.287040 -0.012693 -1.218947
v -0.280507 -0.012693 -1.217828
v -0.273865 -0.012693 -1.216395
v -0.267021 -0.012693 -1.214625
v -0.259880 -0.012693 -1.212494
v -0.252349 -0.012693 -1.209977
v -0.244335 -0.012693 -1.207052
v -0.235743 -0.012693 -1.203694
v -0.226480 -0.012693 -1.199880
v -0.226480 -0.012693 -1.164240
v -0.233702 -0.012693 -1.168042
v -0.240963 -0.012693 -1.171527
v -0.248260 -0.012693 -1.174692
v -0.255587 -0.012693 -1.177534
v -0.262938 -0.012693 -1.180051
v -0.270310 -0.012693 -1.182240
v -0.277697 -0.012693 -1.184100
v -0.285093 -0.012693 -1.185627
v -0.292495 -0.012693 -1.186819
v -0.299897 -0.012693 -1.187674
v -0.307293 -0.012693 -1.188188
v -0.314680 -0.012693 -1.188360
v -0.327735 -0.012693 -1.187529
v -0.340193 -0.012693 -1.185100
v -0.351951 -0.012693 -1.181171
v -0.362907 -0.012693 -1.175840
v -0.372957 -0.012693 -1.169204
v -0.382000 -0.012693 -1.161360
v -0.389933 -0.012693 -1.152406
v -0.396653 -0.012693 -1.142440
v -0.402059 -0.012693 -1.131559
v -0.406047 -0.012693 -1.119860
v -0.408515 -0.012693 -1.107441
v -0.409360 -0.012693 -1.094400
v -0.408519 -0.012693 -1.081071
v -0.406050 -0.012693 -1.068493
v -0.402036 -0.012693 -1.056746
v -0.396560 -0.012693 -1.045907
v -0.389704 -0.012693 -1.036052
v -0.381550 -0.012693 -1.027260
v -0.372181 -0.012693 -1.019608
v -0.361680 -0.012693 -1.013173
v -0.350129 -0.012693 -1.008034
v -0.337610 -0.012693 -1.004267
v -0.324206 -0.012693 -1.001950
v -0.310000 -0.012693 -1.001160
v -0.305267 -0.012693 -1.001248
v -0.300603 -0.012693 -1.001505
v -0.296005 -0.012693 -1.001920
v -0.291467 -0.012693 -1.002480
v -0.286983 -0.012693 -1.003176
v -0.282550 -0.012693 -1.003995
v -0.278162 -0.012693 -1.004927
v -0.273813 -0.012693 -1.005960
v -0.269500 -0.012693 -1.007083
v -0.265217 -0.012693 -1.008285
v -0.260958 -0.012693 -1.009555
v -0.256720 -0.012693 -1.010880
v -0.256720 -0.012693 -1.061280
v -0.303880 -0.012693 -1.061280
v -0.303880 -0.012693 -1.092960
v -0.221440 -0.012693 -1.092960
v -0.221440 -0.012693 -0.988920
v -0.229510 -0.012693 -0.985499
v -0.229510 0.107307 -0.985499
v -0.237373 -0.012693 -0.982427
v -0.237373 0.107307 -0.982427
v -0.245076 -0.012693 -0.979695
v -0.245076 0.107307 -0.979695
v -0.252667 -0.012693 -0.977294
v -0.252667 0.107307 -0.977294
v -0.260192 -0.012693 -0.975212
v -0.260192 0.107307 -0.975212
v -0.267700 -0.012693 -0.973440
v -0.267700 0.107307 -0.973440
v -0.275238 -0.012693 -0.971969
v -0.275238 0.107307 -0.971969
v -0.282853 -0.012693 -0.970787
v -0.282853 0.107307 -0.970787
v -0.290594 -0.012693 -0.969885
v -0.290594 0.107307 -0.969885
v -0.298507 -0.012693 -0.969254
v -0.298507 0.107307 -0.969254
v -0.306640 -0.012693 -0.968882
v -0.306640 0.107307 -0.968882
v -0.315040 -0.012693 -0.968760
v -0.315040 0.107307 -0.968760
v -0.333417 -0.012693 -0.969836
v -0.333417 0.107307 -0.969836
v -0.350845 -0.012693 -0.972987
v -0.350845 0.107307 -0.972987
v -0.367201 -0.012693 -0.978098
v -0.367201 0.107307 -0.978098
v -0.382360 -0.012693 -0.985054
v -0.382360 0.107307 -0.985054
v -0.396199 -0.012693 -0.993739
v -0.396199 0.107307 -0.993739
v -0.408595 -0.012693 -1.004040
v -0.408595 0.107307 -1.004040
v -0.419423 -0.012693 -1.015841
v -0.419423 0.107307 -1.015841
v -0.428560 -0.012693 -1.029027
v -0.428560 0.107307 -1.029027
v -0.435882 -0.012693 -1.043483
v -0.435882 0.107307 -1.043483
v -0.441265 -0.012693 -1.059093
v -0.441265 0.107307 -1.059093
v -0.444586 -0.012693 -1.075744
v -0.444586 0.107307 -1.075744
v -0.445720 -0.012693 -1.093320
v -0.445720 0.107307 -1.093320
v -0.444558 -0.012693 -1.111028
v -0.444558 0.107307 -1.111028
v -0.441160 -0.012693 -1.127885
v -0.441160 0.107307 -1.127885
v -0.435663 -0.012693 -1.143760
v -0.435663 0.107307 -1.143760
v -0.428200 -0.012693 -1.158520
v -0.428200 0.107307 -1.158520
v -0.418908 -0.012693 -1.172036
v -0.418908 0.107307 -1.172036
v -0.407920 -0.012693 -1.184175
v -0.407920 0.107307 -1.184175
v -0.395373 -0.012693 -1.194807
v -0.395373 0.107307 -1.194807
v -0.381400 -0.012693 -1.203800
v -0.381400 0.107307 -1.203800
v -0.366138 -0.012693 -1.211023
v -0.366138 0.107307 -1.211023
v -0.349720 -0.012693 -1.216345
v -0.349720 0.107307 -1.216345
v -0.332283 -0.012693 -1.219635
v -0.332283 0.107307 -1.219635
v -0.313960 -0.012693 -1.220760
v -0.313960 0.107307 -1.220760
v -0.306924 -0.012693 -1.220659
v -0.306924 0.107307 -1.220659
v -0.300155 -0.012693 -1.220338
v -0.300155 0.107307 -1.220338
v -0.293558 -0.012693 -1.219776
v -0.293558 0.107307 -1.219776
v -0.287040 -0.012693 -1.218947
v -0.287040 0.107307 -1.218947
v -0.280507 -0.012693 -1.217828
v -0.280507 0.107307 -1.217828
v -0.273865 -0.012693 -1.216395
v -0.273865 0.107307 -1.216395
v -0.267021 -0.012693 -1.214625
v -0.267021 0.107307 -1.214625
v -0.259880 -0.012693 -1.212494
v -0.259880 0.107307 -1.212494
v -0.252349 -0.012693 -1.209977
v -0.252349 0.107307 -1.209977
v -0.244335 -0.012693 -1.207052
v -0.244335 0.107307 -1.207052
v -0.235743 -0.012693 -1.203694
v -0.235743 0.107307 -1.203694
v -0.226480 -0.012693 -1.199880
v -0.226480 0.107307 -1.199880
v -0.226480 -0.012693 -1.164240
v -0.226480 0.107307 -1.164240
v -0.233702 -0.012693 -1.168042
v -0.233702 0.107307 -1.168042
v -0.240963 -0.012693 -1.171527
v -0.240963 0.107307 -1.171527
v -0.248260 -0.012693 -1.174692
v -0.248260 0.107307 -1.174692
v -0.255587 -0.012693 -1.177534
v -0.255587 0.107307 -1.177534
v -0.262938 -0.012693 -1.180051
v -0.262938 0.107307 -1.180051
v -0.270310 -0.012693 -1.182240
v -0.270310 0.107307 -1.182240
v -0.277697 -0.012693 -1.184100
v -0.277697 0.107307 -1.184100
v -0.285093 -0.012693 -1.185627
v -0.285093 0.107307 -1.185627
v -0.292495 -0.012693 -1.186819
v -0.292495 0.107307 -1.186819
v -0.299897 -0.012693 -1.187674
v -0.299897 0.107307 -1.187674
v -0.307293 -0.012693 -1.188188
v -0.307293 0.107307 -1.188188
v -0.314680 -0.012693 -1.188360
v -0.314680 0.107307 -1.188360
v -0.327735 -0.012693 -1.187529
v -0.327735 0.107307 -1.187529
v -0.340193 -0.012693 -1.185100
v -0.340193 0.107307 -1.185100
v -0.351951 -0.012693 -1.181171
v -0.351951 0.107307 -1.181171
v -0.362907 -0.012693 -1.175840
v -0.362907 0.107307 -1.175840
v -0.372957 -0.012693 -1.169204
v -0.372957 0.107307 -1.169204
v -0.382000 -0.012693 -1.161360
v -0.382000 0.107307 -1.161360
v -0.389933 -0.012693 -1.152406
v -0.389933 0.107307 -1.152406
v -0.396653 -0.012693 -1.142440
v -0.396653 0.107307 -1.142440
v -0.402059 -0.012693 -1.131559
v -0.402059 0.107307 -1.131559
v -0.406047 -0.012693 -1.119860
v -0.406047 0.107307 -1.119860
v -0.408515 -0.012693 -1.107441
v -0.408515 0.107307 -1.107441
v -0.409360 -0.012693 -1.094400
v -0.409360 0.107307 -1.094400
v -0.408519 -0.012693 -1.081071
v -0.408519 0.107307 -1.081071
v -0.406050 -0.012693 -1.068493
v -0.406050 0.107307 -1.068493
v -0.402036 -0.012693 -1.056746
v -0.402036 0.107307 -1.056746
v -0.396560 -0.012693 -1.045907
v -0.396560 0.107307 -1.045907
v -0.389704 -0.012693 -1.036052
v -0.389704 0.107307 -1.036052
v -0.381550 -0.012693 -1.027260
v -0.381550 0.107307 -1.027260
v -0.372181 -0.012693 -1.019608
v -0.372181 0.107307 -1.019608
v -0.361680 -0.012693 -1.013173
v -0.361680 0.107307 -1.013173
v -0.350129 -0.012693 -1.008034
v -0.350129 0.107307 -1.008034
v -0.337610 -0.012693 -1.004267
v -0.337610 0.107307 -1.004267
v -0.324206 -0.012693 -1.001950
v -0.324206 0.107307 -1.001950
v -0.310000 -0.012693 -1.001160
v -0.310000 0.107307 -1.001160
v -0.305267 -0.012693 -1.001248
v -0.305267 0.107307 -1.001248
v -0.300603 -0.012693 -1.001505
v -0.300603 0.107307 -1.001505
v -0.296005 -0.012693 -1.001920
v -0.296005 0.107307 -1.001920
v -0.291467 -0.012693 -1.002480
v -0.291467 0.107307 -1.002480
v -0.286983 -0.012693 -1.003176
v -0.286983 0.107307 -1.003176
v -0.282550 -0.012693 -1.003995
v -0.282550 0.107307 -1.003995
v -0.278162 -0.012693 -1.004927
v -0.278162 0.107307 -1.004927
v -0.273813 -0.012693 -1.005960
v -0.273813 0.107307 -1.005960
v -0.269500 -0.012693 -1.007083
v -0.269500 0.107307 -1.007083
v -0.265217 -0.012693 -1.008285
v -0.265217 0.107307 -1.008285
v -0.260958 -0.012693 -1.009555
v -0.260958 0.107307 -1.009555
v -0.256720 -0.012693 -1.010880
v -0.256720 0.107307 -1.010880
v -0.256720 -0.012693 -1.061280
v -0.256720 0.107307 -1.061280
v -0.303880 -0.012693 -1.061280
v -0.303880 0.107307 -1.061280
v -0.303880 -0.012693 -1.092960
v -0.303880 0.107307 -1.092960
v -0.221440 -0.012693 -1.092960
v -0.221440 0.107307 -1.092960
v -0.221440 -0.012693 -0.988920
v -0.221440 0.107307 -0.988920
v -0.012291 -0.012693 -1.042016
v -0.012291 0.107307 -1.042016
v -0.014440 -0.012693 -1.030344
v -0.014440 0.107307 -1.030344
v -0.017939 -0.012693 -1.019487
v -0.017939 0.107307 -1.019487
v -0.022720 -0.012693 -1.009507
v -0.022720 0.107307 -1.009507
v -0.028716 -0.012693 -1.000467
v -0.028716 0.107307 -1.000467
v -0.035860 -0.012693 -0.992430
v -0.035860 0.107307 -0.992430
v -0.044084 -0.012693 -0.985458
v -0.044084 0.107307 -0.985458
v -0.053320 -0.012693 -0.979614
v -0.053320 0.107307 -0.979614
v -0.063501 -0.012693 -0.974959
v -0.063501 0.107307 -0.974959
v -0.074560 -0.012693 -0.971557
v -0.074560 0.107307 -0.971557
v -0.086429 -0.012693 -0.969470
v -0.086429 0.107307 -0.969470
v -0.099040 -0.012693 -0.968760
v -0.099040 0.107307 -0.968760
v -0.111155 -0.012693 -0.969497
v -0.111155 0.107307 -0.969497
v -0.122610 -0.012693 -0.971657
v -0.122610 0.107307 -0.971657
v -0.133330 -0.012693 -0.975161
v -0.133330 0.107307 -0.975161
v -0.143240 -0.012693 -0.979934
v -0.143240 0.107307 -0.979934
v -0.152265 -0.012693 -0.985896
v -0.152265 0.107307 -0.985896
v -0.160330 -0.012693 -0.992970
v -0.160330 0.107307 -0.992970
v -0.167360 -0.012693 -1.001080
v -0.167360 0.107307 -1.001080
v -0.173280 -0.012693 -1.010147
v -0.173280 0.107307 -1.010147
v -0.178015 -0.012693 -1.020094
v -0.178015 0.107307 -1.020094
v -0.181490 -0.012693 -1.030844
v -0.181490 0.107307 -1.030844
v -0.183630 -0.012693 -1.042318
v -0.183630 0.107307 -1.042318
v -0.184360 -0.012693 -1.054440
v -0.184360 0.107307 -1.054440
v -0.183603 -0.012693 -1.065818
v -0.183603 0.107307 -1.065818
v -0.181390 -0.012693 -1.076672
v -0.181390 0.107307 -1.076672
v -0.177813 -0.012693 -1.086913
v -0.177813 0.107307 -1.086913
v -0.172960 -0.012693 -1.096454
v -0.172960 0.107307 -1.096454
v -0.166923 -0.012693 -1.105204
v -0.166923 0.107307 -1.105204
v -0.159790 -0.012693 -1.113075
v -0.159790 0.107307 -1.113075
v -0.151653 -0.012693 -1.119979
v -0.151653 0.107307 -1.119979
v -0.142600 -0.012693 -1.125827
v -0.142600 0.107307 -1.125827
v -0.132723 -0.012693 -1.130530
v -0.132723 0.107307 -1.130530
v -0.122110 -0.012693 -1.133999
v -0.122110 0.107307 -1.133999
v -0.110853 -0.012693 -1.136145
v -0.110853 0.107307 -1.136145
v -0.099040 -0.012693 -1.136880
v -0.099040 0.107307 -1.136880
v -0.086656 -0.012693 -1.136173
v -0.086656 0.107307 -1.136173
v -0.074935 -0.012693 -1.134099
v -0.074935 0.107307 -1.134099
v -0.063957 -0.012693 -1.130732
v -0.063957 0.107307 -1.130732
v -0.053800 -0.012693 -1.126147
v -0.053800 0.107307 -1.126147
v -0.044543 -0.012693 -1.120417
v -0.044543 0.107307 -1.120417
v -0.036265 -0.012693 -1.113615
v -0.036265 0.107307 -1.113615
v -0.029044 -0.012693 -1.105816
v -0.029044 0.107307 -1.105816
v -0.022960 -0.012693 -1.097094
v -0.022960 0.107307 -1.097094
v -0.018091 -0.012693 -1.087521
v -0.018091 0.107307 -1.087521
v -0.014515 -0.012693 -1.077172
v -0.014515 0.107307 -1.077172
v -0.012312 -0.012693 -1.066121
v -0.012312 0.107307 -1.066121
v -0.011560 -0.012693 -1.054440
v -0.011560 0.107307 -1.054440
v -0.151164 -0.012693 -1.046137
v -0.151164 0.107307 -1.046137
v -0.149883 -0.012693 -1.038352
v -0.149883 0.107307 -1.038352
v -0.147798 -0.012693 -1.031125
v -0.147798 0.107307 -1.031125
v -0.144947 -0.012693 -1.024494
v -0.144947 0.107307 -1.024494
v -0.141371 -0.012693 -1.018498
v -0.141371 0.107307 -1.018498
v -0.137110 -0.012693 -1.013175
v -0.137110 0.107307 -1.013175
v -0.132204 -0.012693 -1.008566
v -0.132204 0.107307 -1.008566
v -0.126693 -0.012693 -1.004707
v -0.126693 0.107307 -1.004707
v -0.120618 -0.012693 -1.001638
v -0.120618 0.107307 -1.001638
v -0.114017 -0.012693 -0.999399
v -0.114017 0.107307 -0.999399
v -0.106931 -0.012693 -0.998026
v -0.106931 0.107307 -0.998026
v -0.099400 -0.012693 -0.997560
v -0.099400 0.107307 -0.997560
v -0.091208 -0.012693 -0.998006
v -0.091208 0.107307 -0.998006
v -0.083570 -0.012693 -0.999322
v -0.083570 0.107307 -0.999322
v -0.076518 -0.012693 -1.001481
v -0.076518 0.107307 -1.001481
v -0.070080 -0.012693 -1.004454
v -0.070080 0.107307 -1.004454
v -0.064288 -0.012693 -1.008211
v -0.064288 0.107307 -1.008211
v -0.059170 -0.012693 -1.012725
v -0.059170 0.107307 -1.012725
v -0.054758 -0.012693 -1.017967
v -0.054758 0.107307 -1.017967
v -0.051080 -0.012693 -1.023907
v -0.051080 0.107307 -1.023907
v -0.048168 -0.012693 -1.030517
v -0.048168 0.107307 -1.030517
v -0.046050 -0.012693 -1.037769
v -0.046050 0.107307 -1.037769
v -0.044758 -0.012693 -1.045633
v -0.044758 0.107307 -1.045633
v -0.044320 -0.012693 -1.054080
v -0.044320 0.107307 -1.054080
v -0.044792 -0.012693 -1.061722
v -0.044792 0.107307 -1.061722
v -0.046175 -0.012693 -1.068955
v -0.046175 0.107307 -1.068955
v -0.048421 -0.012693 -1.075731
v -0.048421 0.107307 -1.075731
v -0.051480 -0.012693 -1.082000
v -0.051480 0.107307 -1.082000
v -0.055304 -0.012693 -1.087715
v -0.055304 0.107307 -1.087715
v -0.059845 -0.012693 -1.092825
v -0.059845 0.107307 -1.092825
v -0.065053 -0.012693 -1.097283
v -0.065053 0.107307 -1.097283
v -0.070880 -0.012693 -1.101040
v -0.070880 0.107307 -1.101040
v -0.077277 -0.012693 -1.104047
v -0.077277 0.107307 -1.104047
v -0.084195 -0.012693 -1.106255
v -0.084195 0.107307 -1.106255
v -0.091586 -0.012693 -1.107616
v -0.091586 0.107307 -1.107616
v -0.099400 -0.012693 -1.108080
v -0.099400 0.107307 -1.108080
v -0.106780 -0.012693 -1.107616
v -0.106780 0.107307 -1.107616
v -0.113767 -0.012693 -1.106257
v -0.113767 0.107307 -1.106257
v -0.120314 -0.012693 -1.104053
v -0.120314 0.107307 -1.104053
v -0.126373 -0.012693 -1.101054
v -0.126373 0.107307 -1.101054
v -0.131898 -0.012693 -1.097309
v -0.131898 0.107307 -1.097309
v -0.136840 -0.012693 -1.092870
v -0.136840 0.107307 -1.092870
v -0.141152 -0.012693 -1.087786
v -0.141152 0.107307 -1.087786
v -0.144787 -0.012693 -1.082107
v -0.144787 0.107307 -1.082107
v -0.147696 -0.012693 -1.075883
v -0.147696 0.107307 -1.075883
v -0.149833 -0.012693 -1.069164
v -0.149833 0.107307 -1.069164
v -0.151150 -0.012693 -1.061999
v -0.151150 0.107307 -1.061999
v -0.151600 -0.012693 -1.054440
v -0.151600 0.107307 -1.054440
v 0.186429 -0.012693 -1.042016
v 0.186429 0.107307 -1.042016
v 0.184280 -0.012693 -1.030344
v 0.184280 0.107307 -1.030344
v 0.180781 -0.012693 -1.019487
v 0.180781 0.107307 -1.019487
v 0.176000 -0.012693 -1.009507
v 0.176000 0.107307 -1.009507
v 0.170004 -0.012693 -1.000467
v 0.170004 0.107307 -1.000467
v 0.162860 -0.012693 -0.992430
v 0.162860 0.107307 -0.992430
v 0.154636 -0.012693 -0.985458
v 0.154636 0.107307 -0.985458
v 0.145400 -0.012693 -0.979614
v 0.145400 0.107307 -0.979614
v 0.135219 -0.012693 -0.974959
v 0.135219 0.107307 -0.974959
v 0.124160 -0.012693 -0.971557
v 0.124160 0.107307 -0.971557
v 0.112291 -0.012693 -0.969470
v 0.112291 0.107307 -0.969470
v 0.099680 -0.012693 -0.968760
v 0.099680 0.107307 -0.968760
v 0.087565 -0.012693 -0.969497
v 0.087565 0.107307 -0.969497
v 0.076110 -0.012693 -0.971657
v 0.076110 0.107307 -0.971657
v 0.065390 -0.012693 -0.975161
v 0.065390 0.107307 -0.975161
v 0.055480 -0.012693 -0.979934
v 0.055480 0.107307 -0.979934
v 0.046455 -0.012693 -0.985896
v 0.046455 0.107307 -0.985896
v 0.038390 -0.012693 -0.992970
v 0.038390 0.107307 -0.992970
v 0.031360 -0.012693 -1.001080
v 0.031360 0.107307 -1.001080
v 0.025440 -0.012693 -1.010147
v 0.025440 0.107307 -1.010147
v 0.020705 -0.012693 -1.020094
v 0.020705 0.107307 -1.020094
v 0.017230 -0.012693 -1.030844
v 0.017230 0.107307 -1.030844
v 0.015090 -0.012693 -1.042318
v 0.015090 0.107307 -1.042318
v 0.014360 -0.012693 -1.054440
v 0.014360 0.107307 -1.054440
v 0.015117 -0.012693 -1.065818
v 0.015117 0.107307 -1.065818
v 0.017330 -0.012693 -1.076672
v 0.017330 0.107307 -1.076672
v 0.020907 -0.012693 -1.086913
v 0.020907 0.107307 -1.086913
v 0.025760 -0.012693 -1.096454
v 0.025760 0.107307 -1.096454
v 0.031797 -0.012693 -1.105204
v 0.031797 0.107307 -1.105204
v 0.038930 -0.012693 -1.113075
v 0.038930 0.107307 -1.113075
v 0.047067 -0.012693 -1.119979
v 0.047067 0.107307 -1.119979
v 0.056120 -0.012693 -1.125827
v 0.056120 0.107307 -1.125827
v 0.065997 -0.012693 -1.130530
v 0.065997 0.107307 -1.130530
v 0.076610 -0.012693 -1.133999
v 0.076610 0.107307 -1.133999
v 0.087867 -0.012693 -1.136145
v 0.087867 0.107307 -1.136145
v 0.099680 -0.012693 -1.136880
v 0.099680 0.107307 -1.136880
v 0.112064 -0.012693 -1.136173
v 0.112064 0.107307 -1.136173
v 0.123785 -0.012693 -1.134099
v 0.123785 0.107307 -1.134099
v 0.134763 -0.012693 -1.130732
v 0.134763 0.107307 -1.130732
v 0.144920 -0.012693 -1.126147
v 0.144920 0.107307 -1.126147
v 0.154177 -0.012693 -1.120417
v 0.154177 0.107307 -1.120417
v 0.162455 -0.012693 -1.113615
v 0.162455 0.107307 -1.113615
v 0.169676 -0.012693 -1.105816
v 0.169676 0.107307 -1.105816
v 0.175760 -0.012693 -1.097094
v 0.175760 0.107307 -1.097094
v 0.180629 -0.012693 -1.087521
v 0.180629 0.107307 -1.087521
v 0.184205 -0.012693 -1.077172
v 0.184205 0.107307 -1.077172
v 0.186408 -0.012693 -1.066121
v 0.186408 0.107307 -1.066121
v 0.187160 -0.012693 -1.054440
v 0.187160 0.107307 -1.054440
v 0.047556 -0.012693 -1.046137
v 0.047556 0.107307 -1.046137
v 0.048837 -0.012693 -1.038352
v 0.048837 0.107307 -1.038352
v 0.050922 -0.012693 -1.031125
v 0.050922 0.107307 -1.031125
v 0.053773 -0.012693 -1.024494
v 0.053773 0.107307 -1.024494
v 0.057349 -0.012693 -1.018498
v 0.057349 0.107307 -1.018498
v 0.061610 -0.012693 -1.013175
v 0.061610 0.107307 -1.013175
v 0.066516 -0.012693 -1.008566
v 0.066516 0.107307 -1.008566
v 0.072027 -0.012693 -1.004707
v 0.072027 0.107307 -1.004707
v 0.078102 -0.012693 -1.001638
v 0.078102 0.107307 -1.001638
v 0.084703 -0.012693 -0.999399
v 0.084703 0.107307 -0.999399
v 0.091789 -0.012693 -0.998026
v 0.091789 0.107307 -0.998026
v 0.099320 -0.012693 -0.997560
v 0.099320 0.107307 -0.997560
v 0.107512 -0.012693 -0.998006
v 0.107512 0.107307 -0.998006
v 0.115150 -0.012693 -0.999322
v 0.115150 0.107307 -0.999322
v 0.122203 -0.012693 -1.001481
v 0.122203 0.107307 -1.001481
v 0.128640 -0.012693 -1.004454
v 0.128640 0.107307 -1.004454
v 0.134433 -0.012693 -1.008211
v 0.134433 0.107307 -1.008211
v 0.139550 -0.012693 -1.012725
v 0.139550 0.107307 -1.012725
v 0.143963 -0.012693 -1.017967
v 0.143963 0.107307 -1.017967
v 0.147640 -0.012693 -1.023907
v 0.147640 0.107307 -1.023907
v 0.150552 -0.012693 -1.030517
v 0.150552 0.107307 -1.030517
v 0.152670 -0.012693 -1.037769
v 0.152670 0.107307 -1.037769
v 0.153963 -0.012693 -1.045633
v 0.153963 0.107307 -1.045633
v 0.154400 -0.012693 -1.054080
v 0.154400 0.107307 -1.054080
v 0.153928 -0.012693 -1.061722
v 0.153928 0.107307 -1.061722
v 0.152545 -0.012693 -1.068955
v 0.152545 0.107307 -1.068955
v 0.150299 -0.012693 -1.075731
v 0.150299 0.107307 -1.075731
v 0.147240 -0.012693 -1.082000
v 0.147240 0.107307 -1.082000
v 0.143416 -0.012693 -1.087715
v 0.143416 0.107307 -1.087715
v 0.138875 -0.012693 -1.092825
v 0.138875 0.107307 -1.092825
v 0.133667 -0.012693 -1.097283
v 0.133667 0.107307 -1.097283
v 0.127840 -0.012693 -1.101040
v 0.127840 0.107307 -1.101040
v 0.121443 -0.012693 -1.104047
v 0.121443 0.107307 -1.104047
v 0.114525 -0.012693 -1.106255
v 0.114525 0.107307 -1.106255
v 0.107134 -0.012693 -1.107616
v 0.107134 0.107307 -1.107616
v 0.099320 -0.012693 -1.108080
v 0.099320 0.107307 -1.108080
v 0.091940 -0.012693 -1.107616
v 0.091940 0.107307 -1.107616
v 0.084953 -0.012693 -1.106257
v 0.084953 0.107307 -1.106257
v 0.078406 -0.012693 -1.104053
v 0.078406 0.107307 -1.104053
v 0.072347 -0.012693 -1.101054
v 0.072347 0.107307 -1.101054
v 0.066822 -0.012693 -1.097309
v 0.066822 0.107307 -1.097309
v 0.061880 -0.012693 -1.092870
v 0.061880 0.107307 -1.092870
v 0.057568 -0.012693 -1.087786
v 0.057568 0.107307 -1.087786
v 0.053933 -0.012693 -1.082107
v 0.053933 0.107307 -1.082107
v 0.051024 -0.012693 -1.075883
v 0.051024 0.107307 -1.075883
v 0.048887 -0.012693 -1.069164
v 0.048887 0.107307 -1.069164
v 0.047570 -0.012693 -1.061999
v 0.047570 0.107307 -1.061999
v 0.047120 -0.012693 -1.054440
v 0.047120 0.107307 -1.054440
v 0.294440 -0.012693 -0.972000
v 0.294440 0.107307 -0.972000
v 0.282762 -0.012693 -0.972675
v 0.282762 0.107307 -0.972675
v 0.271877 -0.012693 -0.974667
v 0.271877 0.107307 -0.974667
v 0.261826 -0.012693 -0.977929
v 0.261826 0.107307 -0.977929
v 0.252653 -0.012693 -0.982414
v 0.252653 0.107307 -0.982414
v 0.244400 -0.012693 -0.988073
v 0.244400 0.107307 -0.988073
v 0.237110 -0.012693 -0.994860
v 0.237110 0.107307 -0.994860
v 0.230825 -0.012693 -1.002727
v 0.230825 0.107307 -1.002727
v 0.225587 -0.012693 -1.011627
v 0.225587 0.107307 -1.011627
v 0.221439 -0.012693 -1.021512
v 0.221439 0.107307 -1.021512
v 0.218423 -0.012693 -1.032334
v 0.218423 0.107307 -1.032334
v 0.216583 -0.012693 -1.044046
v 0.216583 0.107307 -1.044046
v 0.215960 -0.012693 -1.056600
v 0.215960 0.107307 -1.056600
v 0.216646 -0.012693 -1.068011
v 0.216646 0.107307 -1.068011
v 0.218658 -0.012693 -1.078797
v 0.218658 0.107307 -1.078797
v 0.221928 -0.012693 -1.088888
v 0.221928 0.107307 -1.088888
v 0.226387 -0.012693 -1.098214
v 0.226387 0.107307 -1.098214
v 0.231965 -0.012693 -1.106704
v 0.231965 0.107307 -1.106704
v 0.238595 -0.012693 -1.114290
v 0.238595 0.107307 -1.114290
v 0.246207 -0.012693 -1.120901
v 0.246207 0.107307 -1.120901
v 0.254733 -0.012693 -1.126467
v 0.254733 0.107307 -1.126467
v 0.264104 -0.012693 -1.130918
v 0.264104 0.107307 -1.130918
v 0.274252 -0.012693 -1.134184
v 0.274252 0.107307 -1.134184
v 0.285107 -0.012693 -1.136194
v 0.285107 0.107307 -1.136194
v 0.296600 -0.012693 -1.136880
v 0.296600 0.107307 -1.136880
v 0.299287 -0.012693 -1.136842
v 0.299287 0.107307 -1.136842
v 0.301957 -0.012693 -1.136725
v 0.301957 0.107307 -1.136725
v 0.304621 -0.012693 -1.136526
v 0.304621 0.107307 -1.136526
v 0.307293 -0.012693 -1.136240
v 0.307293 0.107307 -1.136240
v 0.309985 -0.012693 -1.135865
v 0.309985 0.107307 -1.135865
v 0.312710 -0.012693 -1.135395
v 0.312710 0.107307 -1.135395
v 0.315480 -0.012693 -1.134828
v 0.315480 0.107307 -1.134828
v 0.318307 -0.012693 -1.134160
v 0.318307 0.107307 -1.134160
v 0.321204 -0.012693 -1.133387
v 0.321204 0.107307 -1.133387
v 0.324183 -0.012693 -1.132505
v 0.324183 0.107307 -1.132505
v 0.327258 -0.012693 -1.131511
v 0.327258 0.107307 -1.131511
v 0.330440 -0.012693 -1.130400
v 0.330440 0.107307 -1.130400
v 0.330440 -0.012693 -1.217520
v 0.330440 0.107307 -1.217520
v 0.362480 -0.012693 -1.217520
v 0.362480 0.107307 -1.217520
v 0.362480 -0.012693 -0.972000
v 0.362480 0.107307 -0.972000
v 0.327790 -0.012693 -1.102988
v 0.327790 0.107307 -1.102988
v 0.325227 -0.012693 -1.103914
v 0.325227 0.107307 -1.103914
v 0.322734 -0.012693 -1.104739
v 0.322734 0.107307 -1.104739
v 0.320293 -0.012693 -1.105467
v 0.320293 0.107307 -1.105467
v 0.317888 -0.012693 -1.106100
v 0.317888 0.107307 -1.106100
v 0.315500 -0.012693 -1.106640
v 0.315500 0.107307 -1.106640
v 0.313112 -0.012693 -1.107091
v 0.313112 0.107307 -1.107091
v 0.310707 -0.012693 -1.107454
v 0.310707 0.107307 -1.107454
v 0.308266 -0.012693 -1.107731
v 0.308266 0.107307 -1.107731
v 0.305773 -0.012693 -1.107927
v 0.305773 0.107307 -1.107927
v 0.303210 -0.012693 -1.108042
v 0.303210 0.107307 -1.108042
v 0.300560 -0.012693 -1.108080
v 0.300560 0.107307 -1.108080
v 0.293036 -0.012693 -1.107621
v 0.293036 0.107307 -1.107621
v 0.285970 -0.012693 -1.106270
v 0.285970 0.107307 -1.106270
v 0.279399 -0.012693 -1.104064
v 0.279399 0.107307 -1.104064
v 0.273360 -0.012693 -1.101040
v 0.273360 0.107307 -1.101040
v 0.267891 -0.012693 -1.097237
v 0.267891 0.107307 -1.097237
v 0.263030 -0.012693 -1.092690
v 0.263030 0.107307 -1.092690
v 0.258814 -0.012693 -1.087439
v 0.258814 0.107307 -1.087439
v 0.255280 -0.012693 -1.081520
v 0.255280 0.107307 -1.081520
v 0.252466 -0.012693 -1.074971
v 0.252466 0.107307 -1.074971
v 0.250410 -0.012693 -1.067830
v 0.250410 0.107307 -1.067830
v 0.249149 -0.012693 -1.060134
v 0.249149 0.107307 -1.060134
v 0.248720 -0.012693 -1.051920
v 0.248720 0.107307 -1.051920
v 0.248982 -0.012693 -1.044526
v 0.248982 0.107307 -1.044526
v 0.249798 -0.012693 -1.037500
v 0.249798 0.107307 -1.037500
v 0.251212 -0.012693 -1.030894
v 0.251212 0.107307 -1.030894
v 0.253267 -0.012693 -1.024760
v 0.253267 0.107307 -1.024760
v 0.256007 -0.012693 -1.019151
v 0.256007 0.107307 -1.019151
v 0.259475 -0.012693 -1.014120
v 0.259475 0.107307 -1.014120
v 0.263716 -0.012693 -1.009719
v 0.263716 0.107307 -1.009719
v 0.268773 -0.012693 -1.006000
v 0.268773 0.107307 -1.006000
v 0.274691 -0.012693 -1.003016
v 0.274691 0.107307 -1.003016
v 0.281512 -0.012693 -1.000820
v 0.281512 0.107307 -1.000820
v 0.289280 -0.012693 -0.999464
v 0.289280 0.107307 -0.999464
v 0.298040 -0.012693 -0.999000
v 0.298040 0.107307 -0.999000
v 0.330440 -0.012693 -0.999000
v 0.330440 0.107307 -0.999000
v 0.330440 -0.012693 -1.101960
v 0.330440 0.107307 -1.101960
v -0.169570 -0.012693 -0.445498
v -0.169570 0.107307 -0.445498
v -0.177433 -0.012693 -0.442427
v -0.177433 0.107307 -0.442427
v -0.185136 -0.012693 -0.439695
v -0.185136 0.107307 -0.439695
v -0.192727 -0.012693 -0.437293
v -0.192727 0.107307 -0.437293
v -0.200252 -0.012693 -0.435212
v -0.200252 0.107307 -0.435212
v -0.207760 -0.012693 -0.433440
v -0.207760 0.107307 -0.433440
v -0.215298 -0.012693 -0.431968
v -0.215298 0.107307 -0.431968
v -0.222913 -0.012693 -0.430787
v -0.222913 0.107307 -0.430787
v -0.230654 -0.012693 -0.429885
v -0.230654 0.107307 -0.429885
v -0.238567 -0.012693 -0.429253
v -0.238567 0.107307 -0.429253
v -0.246700 -0.012693 -0.428882
v -0.246700 0.107307 -0.428882
v -0.255100 -0.012693 -0.428760
v -0.255100 0.107307 -0.428760
v -0.273477 -0.012693 -0.429836
v -0.273477 0.107307 -0.429836
v -0.290905 -0.012693 -0.432987
v -0.290905 0.107307 -0.432987
v -0.307261 -0.012693 -0.438098
v -0.307261 0.107307 -0.438098
v -0.322420 -0.012693 -0.445053
v -0.322420 0.107307 -0.445053
v -0.336259 -0.012693 -0.453739
v -0.336259 0.107307 -0.453739
v -0.348655 -0.012693 -0.464040
v -0.348655 0.107307 -0.464040
v -0.359483 -0.012693 -0.475841
v -0.359483 0.107307 -0.475841
v -0.368620 -0.012693 -0.489027
v -0.368620 0.107307 -0.489027
v -0.375942 -0.012693 -0.503483
v -0.375942 0.107307 -0.503483
v -0.381325 -0.012693 -0.519093
v -0.381325 0.107307 -0.519093
v -0.384646 -0.012693 -0.535744
v -0.384646 0.107307 -0.535744
v -0.385780 -0.012693 -0.553320
v -0.385780 0.107307 -0.553320
v -0.384618 -0.012693 -0.571028
v -0.384618 0.107307 -0.571028
v -0.381220 -0.012693 -0.587885
v -0.381220 0.107307 -0.587885
v -0.375723 -0.012693 -0.603760
v -0.375723 0.107307 -0.603760
v -0.368260 -0.012693 -0.618520
v -0.368260 0.107307 -0.618520
v -0.358968 -0.012693 -0.632036
v -0.358968 0.107307 -0.632036
v -0.347980 -0.012693 -0.644175
v -0.347980 0.107307 -0.644175
v -0.335433 -0.012693 -0.654807
v -0.335433 0.107307 -0.654807
v -0.321460 -0.012693 -0.663800
v -0.321460 0.107307 -0.663800
v -0.306198 -0.012693 -0.671023
v -0.306198 0.107307 -0.671023
v -0.289780 -0.012693 -0.676345
v -0.289780 0.107307 -0.676345
v -0.272343 -0.012693 -0.679635
v -0.272343 0.107307 -0.679635
v -0.254020 -0.012693 -0.680760
v -0.254020 0.107307 -0.680760
v -0.246984 -0.012693 -0.680659
v -0.246984 0.107307 -0.680659
v -0.240215 -0.012693 -0.680339
v -0.240215 0.107307 -0.680339
v -0.233618 -0.012693 -0.679776
v -0.233618 0.107307 -0.679776
v -0.227100 -0.012693 -0.678947
v -0.227100 0.107307 -0.678947
v -0.220567 -0.012693 -0.677828
v -0.220567 0.107307 -0.677828
v -0.213925 -0.012693 -0.676395
v -0.213925 0.107307 -0.676395
v -0.207081 -0.012693 -0.674625
v -0.207081 0.107307 -0.674625
v -0.199940 -0.012693 -0.672494
v -0.199940 0.107307 -0.672494
v -0.192409 -0.012693 -0.669977
v -0.192409 0.107307 -0.669977
v -0.184395 -0.012693 -0.667052
v -0.184395 0.107307 -0.667052
v -0.175803 -0.012693 -0.663694
v -0.175803 0.107307 -0.663694
v -0.166540 -0.012693 -0.659880
v -0.166540 0.107307 -0.659880
v -0.166540 -0.012693 -0.624240
v -0.166540 0.107307 -0.624240
v -0.173762 -0.012693 -0.628042
v -0.173762 0.107307 -0.628042
v -0.181023 -0.012693 -0.631527
v -0.181023 0.107307 -0.631527
v -0.188320 -0.012693 -0.634691
v -0.188320 0.107307 -0.634691
v -0.195647 -0.012693 -0.637533
v -0.195647 0.107307 -0.637533
v -0.202998 -0.012693 -0.640051
v -0.202998 0.107307 -0.640051
v -0.210370 -0.012693 -0.642240
v -0.210370 0.107307 -0.642240
v -0.217757 -0.012693 -0.644100
v -0.217757 0.107307 -0.644100
v -0.225153 -0.012693 -0.645627
v -0.225153 0.107307 -0.645627
v -0.232555 -0.012693 -0.646819
v -0.232555 0.107307 -0.646819
v -0.239957 -0.012693 -0.647673
v -0.239957 0.107307 -0.647673
v -0.247353 -0.012693 -0.648188
v -0.247353 0.107307 -0.648188
v -0.254740 -0.012693 -0.648360
v -0.254740 0.107307 -0.648360
v -0.267795 -0.012693 -0.647529
v -0.267795 0.107307 -0.647529
v -0.280253 -0.012693 -0.645100
v -0.280253 0.107307 -0.645100
v -0.292011 -0.012693 -0.641171
v -0.292011 0.107307 -0.641171
v -0.302967 -0.012693 -0.635840
v -0.302967 0.107307 -0.635840
v -0.313017 -0.012693 -0.629204
v -0.313017 0.107307 -0.629204
v -0.322060 -0.012693 -0.621360
v -0.322060 0.107307 -0.621360
v -0.329993 -0.012693 -0.612406
v -0.329993 0.107307 -0.612406
v -0.336713 -0.012693 -0.602440
v -0.336713 0.107307 -0.602440
v -0.342119 -0.012693 -0.591559
v -0.342119 0.107307 -0.591559
v -0.346107 -0.012693 -0.579860
v -0.346107 0.107307 -0.579860
v -0.348575 -0.012693 -0.567441
v -0.348575 0.107307 -0.567441
v -0.349420 -0.012693 -0.554400
v -0.349420 0.107307 -0.554400
v -0.348579 -0.012693 -0.541071
v -0.348579 0.107307 -0.541071
v -0.346110 -0.012693 -0.528493
v -0.346110 0.107307 -0.528493
v -0.342096 -0.012693 -0.516746
v -0.342096 0.107307 -0.516746
v -0.336620 -0.012693 -0.505907
v -0.336620 0.107307 -0.505907
v -0.329764 -0.012693 -0.496052
v -0.329764 0.107307 -0.496052
v -0.321610 -0.012693 -0.487260
v -0.321610 0.107307 -0.487260
v -0.312241 -0.012693 -0.479608
v -0.312241 0.107307 -0.479608
v -0.301740 -0.012693 -0.473173
v -0.301740 0.107307 -0.473173
v -0.290189 -0.012693 -0.468034
v -0.290189 0.107307 -0.468034
v -0.277670 -0.012693 -0.464267
v -0.277670 0.107307 -0.464267
v -0.264266 -0.012693 -0.461950
v -0.264266 0.107307 -0.461950
v -0.250060 -0.012693 -0.461160
v -0.250060 0.107307 -0.461160
v -0.245327 -0.012693 -0.461248
v -0.245327 0.107307 -0.461248
v -0.240663 -0.012693 -0.461505
v -0.240663 0.107307 -0.461505
v -0.236065 -0.012693 -0.461920
v -0.236065 0.107307 -0.461920
v -0.231527 -0.012693 -0.462480
v -0.231527 0.107307 -0.462480
v -0.227043 -0.012693 -0.463176
v -0.227043 0.107307 -0.463176
v -0.222610 -0.012693 -0.463995
v -0.222610 0.107307 -0.463995
v -0.218222 -0.012693 -0.464927
v -0.218222 0.107307 -0.464927
v -0.213873 -0.012693 -0.465960
v -0.213873 0.107307 -0.465960
v -0.209560 -0.012693 -0.467083
v -0.209560 0.107307 -0.467083
v -0.205277 -0.012693 -0.468285
v -0.205277 0.107307 -0.468285
v -0.201018 -0.012693 -0.469555
v -0.201018 0.107307 -0.469555
v -0.196780 -0.012693 -0.470880
v -0.196780 0.107307 -0.470880
v -0.196780 -0.012693 -0.521280
v -0.196780 0.107307 -0.521280
v -0.243940 -0.012693 -0.521280
v -0.243940 0.107307 -0.521280
v -0.243940 -0.012693 -0.552960
v -0.243940 0.107307 -0.552960
v -0.161500 -0.012693 -0.552960
v -0.161500 0.107307 -0.552960
v -0.161500 -0.012693 -0.448920
v -0.161500 0.107307 -0.448920
v 0.047649 -0.012693 -0.502016
v 0.047649 0.107307 -0.502016
v 0.045500 -0.012693 -0.490343
v 0.045500 0.107307 -0.490343
v 0.042001 -0.012693 -0.479486
v 0.042001 0.107307 -0.479486
v 0.037220 -0.012693 -0.469507
v 0.037220 0.107307 -0.469507
v 0.031224 -0.012693 -0.460467
v 0.031224 0.107307 -0.460467
v 0.024080 -0.012693 -0.452430
v 0.024080 0.107307 -0.452430
v 0.015856 -0.012693 -0.445458
v 0.015856 0.107307 -0.445458
v 0.006620 -0.012693 -0.439613
v 0.006620 0.107307 -0.439613
v -0.003561 -0.012693 -0.434959
v -0.003561 0.107307 -0.434959
v -0.014620 -0.012693 -0.431557
v -0.014620 0.107307 -0.431557
v -0.026489 -0.012693 -0.429470
v -0.026489 0.107307 -0.429470
v -0.039100 -0.012693 -0.428760
v -0.039100 0.107307 -0.428760
v -0.051215 -0.012693 -0.429497
v -0.051215 0.107307 -0.429497
v -0.062670 -0.012693 -0.431657
v -0.062670 0.107307 -0.431657
v -0.073390 -0.012693 -0.435161
v -0.073390 0.107307 -0.435161
v -0.083300 -0.012693 -0.439934
v -0.083300 0.107307 -0.439934
v -0.092325 -0.012693 -0.445896
v -0.092325 0.107307 -0.445896
v -0.100390 -0.012693 -0.452970
v -0.100390 0.107307 -0.452970
v -0.107420 -0.012693 -0.461080
v -0.107420 0.107307 -0.461080
v -0.113340 -0.012693 -0.470147
v -0.113340 0.107307 -0.470147
v -0.118075 -0.012693 -0.480094
v -0.118075 0.107307 -0.480094
v -0.121550 -0.012693 -0.490844
v -0.121550 0.107307 -0.490844
v -0.123690 -0.012693 -0.502318
v -0.123690 0.107307 -0.502318
v -0.124420 -0.012693 -0.514440
v -0.124420 0.107307 -0.514440
v -0.123663 -0.012693 -0.525818
v -0.123663 0.107307 -0.525818
v -0.121450 -0.012693 -0.536672
v -0.121450 0.107307 -0.536672
v -0.117873 -0.012693 -0.546913
v -0.117873 0.107307 -0.546913
v -0.113020 -0.012693 -0.556453
v -0.113020 0.107307 -0.556453
v -0.106983 -0.012693 -0.565204
v -0.106983 0.107307 -0.565204
v -0.099850 -0.012693 -0.573075
v -0.099850 0.107307 -0.573075
v -0.091713 -0.012693 -0.579979
v -0.091713 0.107307 -0.579979
v -0.082660 -0.012693 -0.585827
v -0.082660 0.107307 -0.585827
v -0.072783 -0.012693 -0.590530
v -0.072783 0.107307 -0.590530
v -0.062170 -0.012693 -0.593998
v -0.062170 0.107307 -0.593998
v -0.050913 -0.012693 -0.596145
v -0.050913 0.107307 -0.596145
v -0.039100 -0.012693 -0.596880
v -0.039100 0.107307 -0.596880
v -0.026716 -0.012693 -0.596172
v -0.026716 0.107307 -0.596172
v -0.014995 -0.012693 -0.594099
v -0.014995 0.107307 -0.594099
v -0.004017 -0.012693 -0.590732
v -0.004017 0.107307 -0.590732
v 0.006140 -0.012693 -0.586147
v 0.006140 0.107307 -0.586147
v 0.015397 -0.012693 -0.580417
v 0.015397 0.107307 -0.580417
v 0.023675 -0.012693 -0.573615
v 0.023675 0.107307 -0.573615
v 0.030896 -0.012693 -0.565816
v 0.030896 0.107307 -0.565816
v 0.036980 -0.012693 -0.557093
v 0.036980 0.107307 -0.557093
v 0.041849 -0.012693 -0.547521
v 0.041849 0.107307 -0.547521
v 0.045425 -0.012693 -0.537172
v 0.045425 0.107307 -0.537172
v 0.047628 -0.012693 -0.526120
v 0.047628 0.107307 -0.526120
v 0.048380 -0.012693 -0.514440
v 0.048380 0.107307 -0.514440
v -0.091224 -0.012693 -0.506137
v -0.091224 0.107307 -0.506137
v -0.089943 -0.012693 -0.498352
v -0.089943 0.107307 -0.498352
v -0.087858 -0.012693 -0.491124
v -0.087858 0.107307 -0.491124
v -0.085007 -0.012693 -0.484493
v -0.085007 0.107307 -0.484493
v -0.081431 -0.012693 -0.478497
v -0.081431 0.107307 -0.478497
v -0.077170 -0.012693 -0.473175
v -0.077170 0.107307 -0.473175
v -0.072264 -0.012693 -0.468565
v -0.072264 0.107307 -0.468565
v -0.066753 -0.012693 -0.464707
v -0.066753 0.107307 -0.464707
v -0.060678 -0.012693 -0.461638
v -0.060678 0.107307 -0.461638
v -0.054077 -0.012693 -0.459398
v -0.054077 0.107307 -0.459398
v -0.046991 -0.012693 -0.458026
v -0.046991 0.107307 -0.458026
v -0.039460 -0.012693 -0.457560
v -0.039460 0.107307 -0.457560
v -0.031268 -0.012693 -0.458005
v -0.031268 0.107307 -0.458005
v -0.023630 -0.012693 -0.459322
v -0.023630 0.107307 -0.459322
v -0.016578 -0.012693 -0.461481
v -0.016578 0.107307 -0.461481
v -0.010140 -0.012693 -0.464454
v -0.010140 0.107307 -0.464454
v -0.004348 -0.012693 -0.468211
v -0.004348 0.107307 -0.468211
v 0.000770 -0.012693 -0.472725
v 0.000770 0.107307 -0.472725
v 0.005182 -0.012693 -0.477967
v 0.005182 0.107307 -0.477967
v 0.008860 -0.012693 -0.483907
v 0.008860 0.107307 -0.483907
v 0.011772 -0.012693 -0.490517
v 0.011772 0.107307 -0.490517
v 0.013890 -0.012693 -0.497768
v 0.013890 0.107307 -0.497768
v 0.015182 -0.012693 -0.505632
v 0.015182 0.107307 -0.505632
v 0.015620 -0.012693 -0.514080
v 0.015620 0.107307 -0.514080
v 0.015148 -0.012693 -0.521722
v 0.015148 0.107307 -0.521722
v 0.013765 -0.012693 -0.528955
v 0.013765 0.107307 -0.528955
v 0.011519 -0.012693 -0.535731
v 0.011519 0.107307 -0.535731
v 0.008460 -0.012693 -0.542000
v 0.008460 0.107307 -0.542000
v 0.004636 -0.012693 -0.547714
v 0.004636 0.107307 -0.547714
v 0.000095 -0.012693 -0.552825
v 0.000095 0.107307 -0.552825
v -0.005113 -0.012693 -0.557283
v -0.005113 0.107307 -0.557283
v -0.010940 -0.012693 -0.561040
v -0.010940 0.107307 -0.561040
v -0.017337 -0.012693 -0.564047
v -0.017337 0.107307 -0.564047
v -0.024255 -0.012693 -0.566255
v -0.024255 0.107307 -0.566255
v -0.031646 -0.012693 -0.567616
v -0.031646 0.107307 -0.567616
v -0.039460 -0.012693 -0.568080
v -0.039460 0.107307 -0.568080
v -0.046840 -0.012693 -0.567616
v -0.046840 0.107307 -0.567616
v -0.053827 -0.012693 -0.566257
v -0.053827 0.107307 -0.566257
v -0.060374 -0.012693 -0.564053
v -0.060374 0.107307 -0.564053
v -0.066433 -0.012693 -0.561053
v -0.066433 0.107307 -0.561053
v -0.071958 -0.012693 -0.557309
v -0.071958 0.107307 -0.557309
v -0.076900 -0.012693 -0.552870
v -0.076900 0.107307 -0.552870
v -0.081212 -0.012693 -0.547786
v -0.081212 0.107307 -0.547786
v -0.084847 -0.012693 -0.542107
v -0.084847 0.107307 -0.542107
v -0.087756 -0.012693 -0.535883
v -0.087756 0.107307 -0.535883
v -0.089893 -0.012693 -0.529163
v -0.089893 0.107307 -0.529163
v -0.091210 -0.012693 -0.521999
v -0.091210 0.107307 -0.521999
v -0.091660 -0.012693 -0.514440
v -0.091660 0.107307 -0.514440
v 0.084740 -0.012693 -0.432000
v 0.084740 0.107307 -0.432000
v 0.084740 -0.012693 -0.677520
v 0.084740 0.107307 -0.677520
v 0.116780 -0.012693 -0.677520
v 0.116780 0.107307 -0.677520
v 0.116780 -0.012693 -0.432000
v 0.116780 0.107307 -0.432000
v 0.234500 -0.012693 -0.432000
v 0.234500 0.107307 -0.432000
v 0.222822 -0.012693 -0.432675
v 0.222822 0.107307 -0.432675
v 0.211937 -0.012693 -0.434667
v 0.211937 0.107307 -0.434667
v 0.201886 -0.012693 -0.437929
v 0.201886 0.107307 -0.437929
v 0.192713 -0.012693 -0.442413
v 0.192713 0.107307 -0.442413
v 0.184460 -0.012693 -0.448073
v 0.184460 0.107307 -0.448073
v 0.177170 -0.012693 -0.454860
v 0.177170 0.107307 -0.454860
v 0.170885 -0.012693 -0.462727
v 0.170885 0.107307 -0.462727
v 0.165647 -0.012693 -0.471627
v 0.165647 0.107307 -0.471627
v 0.161499 -0.012693 -0.481511
v 0.161499 0.107307 -0.481511
v 0.158483 -0.012693 -0.492333
v 0.158483 0.107307 -0.492333
v 0.156643 -0.012693 -0.504046
v 0.156643 0.107307 -0.504046
v 0.156020 -0.012693 -0.516600
v 0.156020 0.107307 -0.516600
v 0.156706 -0.012693 -0.528011
v 0.156706 0.107307 -0.528011
v 0.158718 -0.012693 -0.538797
v 0.158718 0.107307 -0.538797
v 0.161988 -0.012693 -0.548888
v 0.161988 0.107307 -0.548888
v 0.166447 -0.012693 -0.558213
v 0.166447 0.107307 -0.558213
v 0.172025 -0.012693 -0.566704
v 0.172025 0.107307 -0.566704
v 0.178655 -0.012693 -0.574290
v 0.178655 0.107307 -0.574290
v 0.186267 -0.012693 -0.580901
v 0.186267 0.107307 -0.580901
v 0.194793 -0.012693 -0.586467
v 0.194793 0.107307 -0.586467
v 0.204164 -0.012693 -0.590918
v 0.204164 0.107307 -0.590918
v 0.214312 -0.012693 -0.594184
v 0.214312 0.107307 -0.594184
v 0.225166 -0.012693 -0.596194
v 0.225166 0.107307 -0.596194
v 0.236660 -0.012693 -0.596880
v 0.236660 0.107307 -0.596880
v 0.239347 -0.012693 -0.596842
v 0.239347 0.107307 -0.596842
v 0.242017 -0.012693 -0.596725
v 0.242017 0.107307 -0.596725
v 0.244681 -0.012693 -0.596526
v 0.244681 0.107307 -0.596526
v 0.247353 -0.012693 -0.596240
v 0.247353 0.107307 -0.596240
v 0.250045 -0.012693 -0.595864
v 0.250045 0.107307 -0.595864
v 0.252770 -0.012693 -0.595395
v 0.252770 0.107307 -0.595395
v 0.255540 -0.012693 -0.594828
v 0.255540 0.107307 -0.594828
v 0.258367 -0.012693 -0.594160
v 0.258367 0.107307 -0.594160
v 0.261264 -0.012693 -0.593387
v 0.261264 0.107307 -0.593387
v 0.264243 -0.012693 -0.592505
v 0.264243 0.107307 -0.592505
v 0.267318 -0.012693 -0.591511
v 0.267318 0.107307 -0.591511
v 0.270500 -0.012693 -0.590400
v 0.270500 0.107307 -0.590400
v 0.270500 -0.012693 -0.677520
v 0.270500 0.107307 -0.677520
v 0.302540 -0.012693 -0.677520
v 0.302540 0.107307 -0.677520
v 0.302540 -0.012693 -0.432000
v 0.302540 0.107307 -0.432000
v 0.267849 -0.012693 -0.562988
v 0.267849 0.107307 -0.562988
v 0.265287 -0.012693 -0.563914
v 0.265287 0.107307 -0.563914
v 0.262794 -0.012693 -0.564739
v 0.262794 0.107307 -0.564739
v 0.260353 -0.012693 -0.565467
v 0.260353 0.107307 -0.565467
v 0.257948 -0.012693 -0.566100
v 0.257948 0.107307 -0.566100
v 0.255560 -0.012693 -0.566640
v 0.255560 0.107307 -0.566640
v 0.253172 -0.012693 -0.567091
v 0.253172 0.107307 -0.567091
v 0.250767 -0.012693 -0.567454
v 0.250767 0.107307 -0.567454
v 0.248326 -0.012693 -0.567731
v 0.248326 0.107307 -0.567731
v 0.245833 -0.012693 -0.567927
v 0.245833 0.107307 -0.567927
v 0.243270 -0.012693 -0.568042
v 0.243270 0.107307 -0.568042
v 0.240620 -0.012693 -0.568080
v 0.240620 0.107307 -0.568080
v 0.233096 -0.012693 -0.567621
v 0.233096 0.107307 -0.567621
v 0.226030 -0.012693 -0.566270
v 0.226030 0.107307 -0.566270
v 0.219459 -0.012693 -0.564064
v 0.219459 0.107307 -0.564064
v 0.213420 -0.012693 -0.561040
v 0.213420 0.107307 -0.561040
v 0.207951 -0.012693 -0.557236
v 0.207951 0.107307 -0.557236
v 0.203090 -0.012693 -0.552690
v 0.203090 0.107307 -0.552690
v 0.198874 -0.012693 -0.547439
v 0.198874 0.107307 -0.547439
v 0.195340 -0.012693 -0.541520
v 0.195340 0.107307 -0.541520
v 0.192526 -0.012693 -0.534971
v 0.192526 0.107307 -0.534971
v 0.190470 -0.012693 -0.527830
v 0.190470 0.107307 -0.527830
v 0.189209 -0.012693 -0.520134
v 0.189209 0.107307 -0.520134
v 0.188780 -0.012693 -0.511920
v 0.188780 0.107307 -0.511920
v 0.189042 -0.012693 -0.504526
v 0.189042 0.107307 -0.504526
v 0.189858 -0.012693 -0.497500
v 0.189858 0.107307 -0.497500
v 0.191272 -0.012693 -0.490894
v 0.191272 0.107307 -0.490894
v 0.193327 -0.012693 -0.484760
v 0.193327 0.107307 -0.484760
v 0.196066 -0.012693 -0.479151
v 0.196066 0.107307 -0.479151
v 0.199535 -0.012693 -0.474120
v 0.199535 0.107307 -0.474120
v 0.203776 -0.012693 -0.469719
v 0.203776 0.107307 -0.469719
v 0.208833 -0.012693 -0.466000
v 0.208833 0.107307 -0.466000
v 0.214751 -0.012693 -0.463016
v 0.214751 0.107307 -0.463016
v 0.221572 -0.012693 -0.460820
v 0.221572 0.107307 -0.460820
v 0.229340 -0.012693 -0.459464
v 0.229340 0.107307 -0.459464
v 0.238100 -0.012693 -0.459000
v 0.238100 0.107307 -0.459000
v 0.270500 -0.012693 -0.459000
v 0.270500 0.107307 -0.459000
v 0.270500 -0.012693 -0.561960
v 0.270500 0.107307 -0.561960
v -0.344240 -0.012693 0.078426
v -0.344240 0.107307 0.078426
v -0.334833 -0.012693 0.071268
v -0.334833 0.107307 0.071268
v -0.326076 -0.012693 0.063883
v -0.326076 0.107307 0.063883
v -0.317987 -0.012693 0.056307
v -0.317987 0.107307 0.056307
v -0.310582 -0.012693 0.048575
v -0.310582 0.107307 0.048575
v -0.303880 -0.012693 0.040725
v -0.303880 0.107307 0.040725
v -0.297898 -0.012693 0.032792
v -0.297898 0.107307 0.032792
v -0.292653 -0.012693 0.024813
v -0.292653 0.107307 0.024813
v -0.288164 -0.012693 0.016824
v -0.288164 0.107307 0.016824
v -0.284447 -0.012693 0.008862
v -0.284447 0.107307 0.008862
v -0.281520 -0.012693 0.000961
v -0.281520 0.107307 0.000961
v -0.279400 -0.012693 -0.006840
v -0.279400 0.107307 -0.006840
v -0.282172 -0.012693 -0.005273
v -0.282172 0.107307 -0.005273
v -0.285077 -0.012693 -0.003817
v -0.285077 0.107307 -0.003817
v -0.288096 -0.012693 -0.002475
v -0.288096 0.107307 -0.002475
v -0.291213 -0.012693 -0.001253
v -0.291213 0.107307 -0.001253
v -0.294410 -0.012693 -0.000157
v -0.294410 0.107307 -0.000157
v -0.297670 -0.012693 0.000810
v -0.297670 0.107307 0.000810
v -0.300975 -0.012693 0.001642
v -0.300975 0.107307 0.001642
v -0.304307 -0.012693 0.002333
v -0.304307 0.107307 0.002333
v -0.307649 -0.012693 0.002880
v -0.307649 0.107307 0.002880
v -0.310983 -0.012693 0.003277
v -0.310983 0.107307 0.003277
v -0.314293 -0.012693 0.003518
v -0.314293 0.107307 0.003518
v -0.317560 -0.012693 0.003600
v -0.317560 0.107307 0.003600
v -0.327095 -0.012693 0.002954
v -0.327095 0.107307 0.002954
v -0.336207 -0.012693 0.001068
v -0.336207 0.107307 0.001068
v -0.344819 -0.012693 -0.001974
v -0.344819 0.107307 -0.001974
v -0.352853 -0.012693 -0.006093
v -0.352853 0.107307 -0.006093
v -0.360233 -0.012693 -0.011207
v -0.360233 0.107307 -0.011207
v -0.366880 -0.012693 -0.017235
v -0.366880 0.107307 -0.017235
v -0.372717 -0.012693 -0.024095
v -0.372717 0.107307 -0.024095
v -0.377667 -0.012693 -0.031707
v -0.377667 0.107307 -0.031707
v -0.381651 -0.012693 -0.039988
v -0.381651 0.107307 -0.039988
v -0.384593 -0.012693 -0.048858
v -0.384593 0.107307 -0.048858
v -0.386415 -0.012693 -0.058236
v -0.386415 0.107307 -0.058236
v -0.387040 -0.012693 -0.068040
v -0.387040 0.107307 -0.068040
v -0.386433 -0.012693 -0.077109
v -0.386433 0.107307 -0.077109
v -0.384643 -0.012693 -0.086052
v -0.384643 0.107307 -0.086052
v -0.381719 -0.012693 -0.094742
v -0.381719 0.107307 -0.094742
v -0.377707 -0.012693 -0.103053
v -0.377707 0.107307 -0.103053
v -0.372655 -0.012693 -0.110860
v -0.372655 0.107307 -0.110860
v -0.366610 -0.012693 -0.118035
v -0.366610 0.107307 -0.118035
v -0.359620 -0.012693 -0.124453
v -0.359620 0.107307 -0.124453
v -0.351733 -0.012693 -0.129987
v -0.351733 0.107307 -0.129987
v -0.342996 -0.012693 -0.134511
v -0.342996 0.107307 -0.134511
v -0.333457 -0.012693 -0.137898
v -0.333457 0.107307 -0.137898
v -0.323162 -0.012693 -0.140024
v -0.323162 0.107307 -0.140024
v -0.312160 -0.012693 -0.140760
v -0.312160 0.107307 -0.140760
v -0.301094 -0.012693 -0.139979
v -0.301094 0.107307 -0.139979
v -0.290623 -0.012693 -0.137695
v -0.290623 0.107307 -0.137695
v -0.280817 -0.012693 -0.133993
v -0.280817 0.107307 -0.133993
v -0.271747 -0.012693 -0.128960
v -0.271747 0.107307 -0.128960
v -0.263481 -0.012693 -0.122682
v -0.263481 0.107307 -0.122682
v -0.256090 -0.012693 -0.115245
v -0.256090 0.107307 -0.115245
v -0.249644 -0.012693 -0.106736
v -0.249644 0.107307 -0.106736
v -0.244213 -0.012693 -0.097240
v -0.244213 0.107307 -0.097240
v -0.239867 -0.012693 -0.086844
v -0.239867 0.107307 -0.086844
v -0.236677 -0.012693 -0.075635
v -0.236677 0.107307 -0.075635
v -0.234711 -0.012693 -0.063698
v -0.234711 0.107307 -0.063698
v -0.234040 -0.012693 -0.051120
v -0.234040 0.107307 -0.051120
v -0.234881 -0.012693 -0.036121
v -0.234881 0.107307 -0.036121
v -0.237347 -0.012693 -0.020918
v -0.237347 0.107307 -0.020918
v -0.241353 -0.012693 -0.005653
v -0.241353 0.107307 -0.005653
v -0.246813 -0.012693 0.009533
v -0.246813 0.107307 0.009533
v -0.253644 -0.012693 0.024500
v -0.253644 0.107307 0.024500
v -0.261760 -0.012693 0.039105
v -0.261760 0.107307 0.039105
v -0.271076 -0.012693 0.053208
v -0.271076 0.107307 0.053208
v -0.281507 -0.012693 0.066667
v -0.281507 0.107307 0.066667
v -0.292968 -0.012693 0.079341
v -0.292968 0.107307 0.079341
v -0.305373 -0.012693 0.091088
v -0.305373 0.107307 0.091088
v -0.318639 -0.012693 0.101769
v -0.318639 0.107307 0.101769
v -0.332680 -0.012693 0.111240
v -0.332680 0.107307 0.111240
v -0.354280 -0.012693 0.085320
v -0.354280 0.107307 0.085320
v -0.307318 -0.012693 -0.029963
v -0.307318 0.107307 -0.029963
v -0.304500 -0.012693 -0.030217
v -0.304500 0.107307 -0.030217
v -0.301563 -0.012693 -0.030645
v -0.301563 0.107307 -0.030645
v -0.298520 -0.012693 -0.031253
v -0.298520 0.107307 -0.031253
v -0.295388 -0.012693 -0.032047
v -0.295388 0.107307 -0.032047
v -0.292180 -0.012693 -0.033030
v -0.292180 0.107307 -0.033030
v -0.288913 -0.012693 -0.034208
v -0.288913 0.107307 -0.034208
v -0.285600 -0.012693 -0.035587
v -0.285600 0.107307 -0.035587
v -0.282258 -0.012693 -0.037170
v -0.282258 0.107307 -0.037170
v -0.278900 -0.012693 -0.038963
v -0.278900 0.107307 -0.038963
v -0.275542 -0.012693 -0.040972
v -0.275542 0.107307 -0.040972
v -0.272200 -0.012693 -0.043200
v -0.272200 0.107307 -0.043200
v -0.271787 -0.012693 -0.045288
v -0.271787 0.107307 -0.045288
v -0.271442 -0.012693 -0.047242
v -0.271442 0.107307 -0.047242
v -0.271159 -0.012693 -0.049078
v -0.271159 0.107307 -0.049078
v -0.270933 -0.012693 -0.050813
v -0.270933 0.107307 -0.050813
v -0.270757 -0.012693 -0.052464
v -0.270757 0.107307 -0.052464
v -0.270625 -0.012693 -0.054045
v -0.270625 0.107307 -0.054045
v -0.270530 -0.012693 -0.055574
v -0.270530 0.107307 -0.055574
v -0.270467 -0.012693 -0.057067
v -0.270467 0.107307 -0.057067
v -0.270428 -0.012693 -0.058539
v -0.270428 0.107307 -0.058539
v -0.270408 -0.012693 -0.060008
v -0.270408 0.107307 -0.060008
v -0.270401 -0.012693 -0.061490
v -0.270401 0.107307 -0.061490
v -0.270400 -0.012693 -0.063000
v -0.270400 0.107307 -0.063000
v -0.270774 -0.012693 -0.068863
v -0.270774 0.107307 -0.068863
v -0.271865 -0.012693 -0.074530
v -0.271865 0.107307 -0.074530
v -0.273623 -0.012693 -0.079943
v -0.273623 0.107307 -0.079943
v -0.276000 -0.012693 -0.085040
v -0.276000 0.107307 -0.085040
v -0.278947 -0.012693 -0.089763
v -0.278947 0.107307 -0.089763
v -0.282415 -0.012693 -0.094050
v -0.282415 0.107307 -0.094050
v -0.286356 -0.012693 -0.097843
v -0.286356 0.107307 -0.097843
v -0.290720 -0.012693 -0.101080
v -0.290720 0.107307 -0.101080
v -0.295459 -0.012693 -0.103703
v -0.295459 0.107307 -0.103703
v -0.300525 -0.012693 -0.105650
v -0.300525 0.107307 -0.105650
v -0.305868 -0.012693 -0.106863
v -0.305868 0.107307 -0.106863
v -0.311440 -0.012693 -0.107280
v -0.311440 0.107307 -0.107280
v -0.317149 -0.012693 -0.106948
v -0.317149 0.107307 -0.106948
v -0.322552 -0.012693 -0.105975
v -0.322552 0.107307 -0.105975
v -0.327612 -0.012693 -0.104394
v -0.327612 0.107307 -0.104394
v -0.332293 -0.012693 -0.102240
v -0.332293 0.107307 -0.102240
v -0.336560 -0.012693 -0.099546
v -0.336560 0.107307 -0.099546
v -0.340375 -0.012693 -0.096345
v -0.340375 0.107307 -0.096345
v -0.343703 -0.012693 -0.092672
v -0.343703 0.107307 -0.092672
v -0.346507 -0.012693 -0.088560
v -0.346507 0.107307 -0.088560
v -0.348751 -0.012693 -0.084043
v -0.348751 0.107307 -0.084043
v -0.350398 -0.012693 -0.079155
v -0.350398 0.107307 -0.079155
v -0.351414 -0.012693 -0.073929
v -0.351414 0.107307 -0.073929
v -0.351760 -0.012693 -0.068400
v -0.351760 0.107307 -0.068400
v -0.351378 -0.012693 -0.063180
v -0.351378 0.107307 -0.063180
v -0.350267 -0.012693 -0.058172
v -0.350267 0.107307 -0.058172
v -0.348475 -0.012693 -0.053421
v -0.348475 0.107307 -0.053421
v -0.346053 -0.012693 -0.048973
v -0.346053 0.107307 -0.048973
v -0.343052 -0.012693 -0.044876
v -0.343052 0.107307 -0.044876
v -0.339520 -0.012693 -0.041175
v -0.339520 0.107307 -0.041175
v -0.335508 -0.012693 -0.037916
v -0.335508 0.107307 -0.037916
v -0.331067 -0.012693 -0.035147
v -0.331067 0.107307 -0.035147
v -0.326245 -0.012693 -0.032912
v -0.326245 0.107307 -0.032912
v -0.321093 -0.012693 -0.031258
v -0.321093 0.107307 -0.031258
v -0.315662 -0.012693 -0.030232
v -0.315662 0.107307 -0.030232
v -0.310000 -0.012693 -0.029880
v -0.310000 0.107307 -0.029880
v -0.164240 -0.012693 0.078426
v -0.164240 0.107307 0.078426
v -0.154833 -0.012693 0.071268
v -0.154833 0.107307 0.071268
v -0.146076 -0.012693 0.063883
v -0.146076 0.107307 0.063883
v -0.137987 -0.012693 0.056307
v -0.137987 0.107307 0.056307
v -0.130582 -0.012693 0.048575
v -0.130582 0.107307 0.048575
v -0.123880 -0.012693 0.040725
v -0.123880 0.107307 0.040725
v -0.117898 -0.012693 0.032792
v -0.117898 0.107307 0.032792
v -0.112653 -0.012693 0.024813
v -0.112653 0.107307 0.024813
v -0.108164 -0.012693 0.016824
v -0.108164 0.107307 0.016824
v -0.104447 -0.012693 0.008862
v -0.104447 0.107307 0.008862
v -0.101520 -0.012693 0.000961
v -0.101520 0.107307 0.000961
v -0.099400 -0.012693 -0.006840
v -0.099400 0.107307 -0.006840
v -0.102172 -0.012693 -0.005273
v -0.102172 0.107307 -0.005273
v -0.105077 -0.012693 -0.003817
v -0.105077 0.107307 -0.003817
v -0.108096 -0.012693 -0.002475
v -0.108096 0.107307 -0.002475
v -0.111213 -0.012693 -0.001253
v -0.111213 0.107307 -0.001253
v -0.114410 -0.012693 -0.000157
v -0.114410 0.107307 -0.000157
v -0.117670 -0.012693 0.000810
v -0.117670 0.107307 0.000810
v -0.120975 -0.012693 0.001642
v -0.120975 0.107307 0.001642
v -0.124307 -0.012693 0.002333
v -0.124307 0.107307 0.002333
v -0.127649 -0.012693 0.002880
v -0.127649 0.107307 0.002880
v -0.130983 -0.012693 0.003277
v -0.130983 0.107307 0.003277
v -0.134293 -0.012693 0.003518
v -0.134293 0.107307 0.003518
v -0.137560 -0.012693 0.003600
v -0.137560 0.107307 0.003600
v -0.147095 -0.012693 0.002954
v -0.147095 0.107307 0.002954
v -0.156207 -0.012693 0.001068
v -0.156207 0.107307 0.001068
v -0.164819 -0.012693 -0.001974
v -0.164819 0.107307 -0.001974
v -0.172853 -0.012693 -0.006093
v -0.172853 0.107307 -0.006093
v -0.180233 -0.012693 -0.011207
v -0.180233 0.107307 -0.011207
v -0.186880 -0.012693 -0.017235
v -0.186880 0.107307 -0.017235
v -0.192717 -0.012693 -0.024095
v -0.192717 0.107307 -0.024095
v -0.197667 -0.012693 -0.031707
v -0.197667 0.107307 -0.031707
v -0.201651 -0.012693 -0.039988
v -0.201651 0.107307 -0.039988
v -0.204593 -0.012693 -0.048858
v -0.204593 0.107307 -0.048858
v -0.206415 -0.012693 -0.058236
v -0.206415 0.107307 -0.058236
v -0.207040 -0.012693 -0.068040
v -0.207040 0.107307 -0.068040
v -0.206433 -0.012693 -0.077109
v -0.206433 0.107307 -0.077109
v -0.204643 -0.012693 -0.086052
v -0.204643 0.107307 -0.086052
v -0.201719 -0.012693 -0.094742
v -0.201719 0.107307 -0.094742
v -0.197707 -0.012693 -0.103053
v -0.197707 0.107307 -0.103053
v -0.192655 -0.012693 -0.110860
v -0.192655 0.107307 -0.110860
v -0.186610 -0.012693 -0.118035
v -0.186610 0.107307 -0.118035
v -0.179620 -0.012693 -0.124453
v -0.179620 0.107307 -0.124453
v -0.171733 -0.012693 -0.129987
v -0.171733 0.107307 -0.129987
v -0.162996 -0.012693 -0.134511
v -0.162996 0.107307 -0.134511
v -0.153457 -0.012693 -0.137898
v -0.153457 0.107307 -0.137898
v -0.143162 -0.012693 -0.140024
v -0.143162 0.107307 -0.140024
v -0.132160 -0.012693 -0.140760
v -0.132160 0.107307 -0.140760
v -0.121094 -0.012693 -0.139979
v -0.121094 0.107307 -0.139979
v -0.110623 -0.012693 -0.137695
v -0.110623 0.107307 -0.137695
v -0.100817 -0.012693 -0.133993
v -0.100817 0.107307 -0.133993
v -0.091747 -0.012693 -0.128960
v -0.091747 0.107307 -0.128960
v -0.083481 -0.012693 -0.122682
v -0.083481 0.107307 -0.122682
v -0.076090 -0.012693 -0.115245
v -0.076090 0.107307 -0.115245
v -0.069644 -0.012693 -0.106736
v -0.069644 0.107307 -0.106736
v -0.064213 -0.012693 -0.097240
v -0.064213 0.107307 -0.097240
v -0.059867 -0.012693 -0.086844
v -0.059867 0.107307 -0.086844
v -0.056677 -0.012693 -0.075635
v -0.056677 0.107307 -0.075635
v -0.054711 -0.012693 -0.063698
v -0.054711 0.107307 -0.063698
v -0.054040 -0.012693 -0.051120
v -0.054040 0.107307 -0.051120
v -0.054881 -0.012693 -0.036121
v -0.054881 0.107307 -0.036121
v -0.057347 -0.012693 -0.020918
v -0.057347 0.107307 -0.020918
v -0.061352 -0.012693 -0.005653
v -0.061352 0.107307 -0.005653
v -0.066813 -0.012693 0.009533
v -0.066813 0.107307 0.009533
v -0.073644 -0.012693 0.024500
v -0.073644 0.107307 0.024500
v -0.081760 -0.012693 0.039105
v -0.081760 0.107307 0.039105
v -0.091076 -0.012693 0.053208
v -0.091076 0.107307 0.053208
v -0.101507 -0.012693 0.066667
v -0.101507 0.107307 0.066667
v -0.112967 -0.012693 0.079341
v -0.112967 0.107307 0.079341
v -0.125373 -0.012693 0.091088
v -0.125373 0.107307 0.091088
v -0.138639 -0.012693 0.101769
v -0.138639 0.107307 0.101769
v -0.152680 -0.012693 0.111240
v -0.152680 0.107307 0.111240
v -0.174280 -0.012693 0.085320
v -0.174280 0.107307 0.085320
v -0.127317 -0.012693 -0.029963
v -0.127317 0.107307 -0.029963
v -0.124500 -0.012693 -0.030217
v -0.124500 0.107307 -0.030217
v -0.121562 -0.012693 -0.030645
v -0.121562 0.107307 -0.030645
v -0.118520 -0.012693 -0.031253
v -0.118520 0.107307 -0.031253
v -0.115387 -0.012693 -0.032047
v -0.115387 0.107307 -0.032047
v -0.112180 -0.012693 -0.033030
v -0.112180 0.107307 -0.033030
v -0.108912 -0.012693 -0.034208
v -0.108912 0.107307 -0.034208
v -0.105600 -0.012693 -0.035587
v -0.105600 0.107307 -0.035587
v -0.102257 -0.012693 -0.037170
v -0.102257 0.107307 -0.037170
v -0.098900 -0.012693 -0.038963
v -0.098900 0.107307 -0.038963
v -0.095542 -0.012693 -0.040972
v -0.095542 0.107307 -0.040972
v -0.092200 -0.012693 -0.043200
v -0.092200 0.107307 -0.043200
v -0.091786 -0.012693 -0.045288
v -0.091786 0.107307 -0.045288
v -0.091442 -0.012693 -0.047242
v -0.091442 0.107307 -0.047242
v -0.091159 -0.012693 -0.049078
v -0.091159 0.107307 -0.049078
v -0.090933 -0.012693 -0.050813
v -0.090933 0.107307 -0.050813
v -0.090757 -0.012693 -0.052464
v -0.090757 0.107307 -0.052464
v -0.090625 -0.012693 -0.054045
v -0.090625 0.107307 -0.054045
v -0.090530 -0.012693 -0.055574
v -0.090530 0.107307 -0.055574
v -0.090467 -0.012693 -0.057067
v -0.090467 0.107307 -0.057067
v -0.090428 -0.012693 -0.058539
v -0.090428 0.107307 -0.058539
v -0.090408 -0.012693 -0.060008
v -0.090408 0.107307 -0.060008
v -0.090401 -0.012693 -0.061490
v -0.090401 0.107307 -0.061490
v -0.090400 -0.012693 -0.063000
v -0.090400 0.107307 -0.063000
v -0.090774 -0.012693 -0.068863
v -0.090774 0.107307 -0.068863
v -0.091865 -0.012693 -0.074530
v -0.091865 0.107307 -0.074530
v -0.093623 -0.012693 -0.079943
v -0.093623 0.107307 -0.079943
v -0.096000 -0.012693 -0.085040
v -0.096000 0.107307 -0.085040
v -0.098947 -0.012693 -0.089763
v -0.098947 0.107307 -0.089763
v -0.102415 -0.012693 -0.094050
v -0.102415 0.107307 -0.094050
v -0.106356 -0.012693 -0.097843
v -0.106356 0.107307 -0.097843
v -0.110720 -0.012693 -0.101080
v -0.110720 0.107307 -0.101080
v -0.115459 -0.012693 -0.103703
v -0.115459 0.107307 -0.103703
v -0.120525 -0.012693 -0.105650
v -0.120525 0.107307 -0.105650
v -0.125868 -0.012693 -0.106863
v -0.125868 0.107307 -0.106863
v -0.131440 -0.012693 -0.107280
v -0.131440 0.107307 -0.107280
v -0.137149 -0.012693 -0.106948
v -0.137149 0.107307 -0.106948
v -0.142552 -0.012693 -0.105975
v -0.142552 0.107307 -0.105975
v -0.147612 -0.012693 -0.104394
v -0.147612 0.107307 -0.104394
v -0.152293 -0.012693 -0.102240
v -0.152293 0.107307 -0.102240
v -0.156560 -0.012693 -0.099546
v -0.156560 0.107307 -0.099546
v -0.160375 -0.012693 -0.096345
v -0.160375 0.107307 -0.096345
v -0.163703 -0.012693 -0.092672
v -0.163703 0.107307 -0.092672
v -0.166507 -0.012693 -0.088560
v -0.166507 0.107307 -0.088560
v -0.168751 -0.012693 -0.084043
v -0.168751 0.107307 -0.084043
v -0.170398 -0.012693 -0.079155
v -0.170398 0.107307 -0.079155
v -0.171414 -0.012693 -0.073929
v -0.171414 0.107307 -0.073929
v -0.171760 -0.012693 -0.068400
v -0.171760 0.107307 -0.068400
v -0.171378 -0.012693 -0.063180
v -0.171378 0.107307 -0.063180
v -0.170267 -0.012693 -0.058172
v -0.170267 0.107307 -0.058172
v -0.168475 -0.012693 -0.053421
v -0.168475 0.107307 -0.053421
v -0.166053 -0.012693 -0.048973
v -0.166053 0.107307 -0.048973
v -0.163052 -0.012693 -0.044876
v -0.163052 0.107307 -0.044876
v -0.159520 -0.012693 -0.041175
v -0.159520 0.107307 -0.041175
v -0.155508 -0.012693 -0.037916
v -0.155508 0.107307 -0.037916
v -0.151067 -0.012693 -0.035147
v -0.151067 0.107307 -0.035147
v -0.146245 -0.012693 -0.032912
v -0.146245 0.107307 -0.032912
v -0.141093 -0.012693 -0.031258
v -0.141093 0.107307 -0.031258
v -0.135662 -0.012693 -0.030232
v -0.135662 0.107307 -0.030232
v -0.130000 -0.012693 -0.029880
v -0.130000 0.107307 -0.029880
v 0.015760 -0.012693 0.078426
v 0.015760 0.107307 0.078426
v 0.025167 -0.012693 0.071268
v 0.025167 0.107307 0.071268
v 0.033924 -0.012693 0.063883
v 0.033924 0.107307 0.063883
v 0.042013 -0.012693 0.056307
v 0.042013 0.107307 0.056307
v 0.049418 -0.012693 0.048575
v 0.049418 0.107307 0.048575
v 0.056120 -0.012693 0.040725
v 0.056120 0.107307 0.040725
v 0.062102 -0.012693 0.032792
v 0.062102 0.107307 0.032792
v 0.067347 -0.012693 0.024813
v 0.067347 0.107307 0.024813
v 0.071836 -0.012693 0.016824
v 0.071836 0.107307 0.016824
v 0.075553 -0.012693 0.008862
v 0.075553 0.107307 0.008862
v 0.078480 -0.012693 0.000961
v 0.078480 0.107307 0.000961
v 0.080600 -0.012693 -0.006840
v 0.080600 0.107307 -0.006840
v 0.077828 -0.012693 -0.005273
v 0.077828 0.107307 -0.005273
v 0.074923 -0.012693 -0.003817
v 0.074923 0.107307 -0.003817
v 0.071904 -0.012693 -0.002475
v 0.071904 0.107307 -0.002475
v 0.068787 -0.012693 -0.001253
v 0.068787 0.107307 -0.001253
v 0.065590 -0.012693 -0.000157
v 0.065590 0.107307 -0.000157
v 0.062330 -0.012693 0.000810
v 0.062330 0.107307 0.000810
v 0.059025 -0.012693 0.001642
v 0.059025 0.107307 0.001642
v 0.055693 -0.012693 0.002333
v 0.055693 0.107307 0.002333
v 0.052351 -0.012693 0.002880
v 0.052351 0.107307 0.002880
v 0.049017 -0.012693 0.003277
v 0.049017 0.107307 0.003277
v 0.045707 -0.012693 0.003518
v 0.045707 0.107307 0.003518
v 0.042440 -0.012693 0.003600
v 0.042440 0.107307 0.003600
v 0.032905 -0.012693 0.002954
v 0.032905 0.107307 0.002954
v 0.023793 -0.012693 0.001068
v 0.023793 0.107307 0.001068
v 0.015181 -0.012693 -0.001974
v 0.015181 0.107307 -0.001974
v 0.007147 -0.012693 -0.006093
v 0.007147 0.107307 -0.006093
v -0.000233 -0.012693 -0.011207
v -0.000233 0.107307 -0.011207
v -0.006880 -0.012693 -0.017235
v -0.006880 0.107307 -0.017235
v -0.012717 -0.012693 -0.024095
v -0.012717 0.107307 -0.024095
v -0.017667 -0.012693 -0.031707
v -0.017667 0.107307 -0.031707
v -0.021651 -0.012693 -0.039988
v -0.021651 0.107307 -0.039988
v -0.024593 -0.012693 -0.048858
v -0.024593 0.107307 -0.048858
v -0.026415 -0.012693 -0.058236
v -0.026415 0.107307 -0.058236
v -0.027040 -0.012693 -0.068040
v -0.027040 0.107307 -0.068040
v -0.026433 -0.012693 -0.077109
v -0.026433 0.107307 -0.077109
v -0.024643 -0.012693 -0.086052
v -0.024643 0.107307 -0.086052
v -0.021719 -0.012693 -0.094742
v -0.021719 0.107307 -0.094742
v -0.017707 -0.012693 -0.103053
v -0.017707 0.107307 -0.103053
v -0.012655 -0.012693 -0.110860
v -0.012655 0.107307 -0.110860
v -0.006610 -0.012693 -0.118035
v -0.006610 0.107307 -0.118035
v 0.000380 -0.012693 -0.124453
v 0.000380 0.107307 -0.124453
v 0.008267 -0.012693 -0.129987
v 0.008267 0.107307 -0.129987
v 0.017004 -0.012693 -0.134511
v 0.017004 0.107307 -0.134511
v 0.026543 -0.012693 -0.137898
v 0.026543 0.107307 -0.137898
v 0.036838 -0.012693 -0.140024
v 0.036838 0.107307 -0.140024
v 0.047840 -0.012693 -0.140760
v 0.047840 0.107307 -0.140760
v 0.058906 -0.012693 -0.139979
v 0.058906 0.107307 -0.139979
v 0.069377 -0.012693 -0.137695
v 0.069377 0.107307 -0.137695
v 0.079183 -0.012693 -0.133993
v 0.079183 0.107307 -0.133993
v 0.088253 -0.012693 -0.128960
v 0.088253 0.107307 -0.128960
v 0.096519 -0.012693 -0.122682
v 0.096519 0.107307 -0.122682
v 0.103910 -0.012693 -0.115245
v 0.103910 0.107307 -0.115245
v 0.110356 -0.012693 -0.106736
v 0.110356 0.107307 -0.106736
v 0.115787 -0.012693 -0.097240
v 0.115787 0.107307 -0.097240
v 0.120133 -0.012693 -0.086844
v 0.120133 0.107307 -0.086844
v 0.123323 -0.012693 -0.075635
v 0.123323 0.107307 -0.075635
v 0.125289 -0.012693 -0.063698
v 0.125289 0.107307 -0.063698
v 0.125960 -0.012693 -0.051120
v 0.125960 0.107307 -0.051120
v 0.125119 -0.012693 -0.036121
v 0.125119 0.107307 -0.036121
v 0.122653 -0.012693 -0.020918
v 0.122653 0.107307 -0.020918
v 0.118648 -0.012693 -0.005653
v 0.118648 0.107307 -0.005653
v 0.113187 -0.012693 0.009533
v 0.113187 0.107307 0.009533
v 0.106356 -0.012693 0.024500
v 0.106356 0.107307 0.024500
v 0.098240 -0.012693 0.039105
v 0.098240 0.107307 0.039105
v 0.088924 -0.012693 0.053208
v 0.088924 0.107307 0.053208
v 0.078493 -0.012693 0.066667
v 0.078493 0.107307 0.066667
v 0.067033 -0.012693 0.079341
v 0.067033 0.107307 0.079341
v 0.054627 -0.012693 0.091088
v 0.054627 0.107307 0.091088
v 0.041361 -0.012693 0.101769
v 0.041361 0.107307 0.101769
v 0.027320 -0.012693 0.111240
v 0.027320 0.107307 0.111240
v 0.005720 -0.012693 0.085320
v 0.005720 0.107307 0.085320
v 0.052683 -0.012693 -0.029963
v 0.052683 0.107307 -0.029963
v 0.055500 -0.012693 -0.030217
v 0.055500 0.107307 -0.030217
v 0.058438 -0.012693 -0.030645
v 0.058438 0.107307 -0.030645
v 0.061480 -0.012693 -0.031253
v 0.061480 0.107307 -0.031253
v 0.064613 -0.012693 -0.032047
v 0.064613 0.107307 -0.032047
v 0.067820 -0.012693 -0.033030
v 0.067820 0.107307 -0.033030
v 0.071088 -0.012693 -0.034208
v 0.071088 0.107307 -0.034208
v 0.074400 -0.012693 -0.035587
v 0.074400 0.107307 -0.035587
v 0.077743 -0.012693 -0.037170
v 0.077743 0.107307 -0.037170
v 0.081100 -0.012693 -0.038963
v 0.081100 0.107307 -0.038963
v 0.084458 -0.012693 -0.040972
v 0.084458 0.107307 -0.040972
v 0.087800 -0.012693 -0.043200
v 0.087800 0.107307 -0.043200
v 0.088214 -0.012693 -0.045288
v 0.088214 0.107307 -0.045288
v 0.088558 -0.012693 -0.047242
v 0.088558 0.107307 -0.047242
v 0.088841 -0.012693 -0.049078
v 0.088841 0.107307 -0.049078
v 0.089067 -0.012693 -0.050813
v 0.089067 0.107307 -0.050813
v 0.089243 -0.012693 -0.052464
v 0.089243 0.107307 -0.052464
v 0.089375 -0.012693 -0.054045
v 0.089375 0.107307 -0.054045
v 0.089470 -0.012693 -0.055574
v 0.089470 0.107307 -0.055574
v 0.089533 -0.012693 -0.057067
v 0.089533 0.107307 -0.057067
v 0.089572 -0.012693 -0.058539
v 0.089572 0.107307 -0.058539
v 0.089592 -0.012693 -0.060008
v 0.089592 0.107307 -0.060008
v 0.089599 -0.012693 -0.061490
v 0.089599 0.107307 -0.061490
v 0.089600 -0.012693 -0.063000
v 0.089600 0.107307 -0.063000
v 0.089226 -0.012693 -0.068863
v 0.089226 0.107307 -0.068863
v 0.088135 -0.012693 -0.074530
v 0.088135 0.107307 -0.074530
v 0.086377 -0.012693 -0.079943
v 0.086377 0.107307 -0.079943
v 0.084000 -0.012693 -0.085040
v 0.084000 0.107307 -0.085040
v 0.081053 -0.012693 -0.089763
v 0.081053 0.107307 -0.089763
v 0.077585 -0.012693 -0.094050
v 0.077585 0.107307 -0.094050
v 0.073644 -0.012693 -0.097843
v 0.073644 0.107307 -0.097843
v 0.069280 -0.012693 -0.101080
v 0.069280 0.107307 -0.101080
v 0.064541 -0.012693 -0.103703
v 0.064541 0.107307 -0.103703
v 0.059475 -0.012693 -0.105650
v 0.059475 0.107307 -0.105650
v 0.054132 -0.012693 -0.106863
v 0.054132 0.107307 -0.106863
v 0.048560 -0.012693 -0.107280
v 0.048560 0.107307 -0.107280
v 0.042851 -0.012693 -0.106948
v 0.042851 0.107307 -0.106948
v 0.037448 -0.012693 -0.105975
v 0.037448 0.107307 -0.105975
v 0.032388 -0.012693 -0.104394
v 0.032388 0.107307 -0.104394
v 0.027707 -0.012693 -0.102240
v 0.027707 0.107307 -0.102240
v 0.023440 -0.012693 -0.099546
v 0.023440 0.107307 -0.099546
v 0.019625 -0.012693 -0.096345
v 0.019625 0.107307 -0.096345
v 0.016297 -0.012693 -0.092672
v 0.016297 0.107307 -0.092672
v 0.013493 -0.012693 -0.088560
v 0.013493 0.107307 -0.088560
v 0.011249 -0.012693 -0.084043
v 0.011249 0.107307 -0.084043
v 0.009602 -0.012693 -0.079155
v 0.009602 0.107307 -0.079155
v 0.008586 -0.012693 -0.073929
v 0.008586 0.107307 -0.073929
v 0.008240 -0.012693 -0.068400
v 0.008240 0.107307 -0.068400
v 0.008622 -0.012693 -0.063180
v 0.008622 0.107307 -0.063180
v 0.009733 -0.012693 -0.058172
v 0.009733 0.107307 -0.058172
v 0.011525 -0.012693 -0.053421
v 0.011525 0.107307 -0.053421
v 0.013947 -0.012693 -0.048973
v 0.013947 0.107307 -0.048973
v 0.016948 -0.012693 -0.044876
v 0.016948 0.107307 -0.044876
v 0.020480 -0.012693 -0.041175
v 0.020480 0.107307 -0.041175
v 0.024492 -0.012693 -0.037916
v 0.024492 0.107307 -0.037916
v 0.028933 -0.012693 -0.035147
v 0.028933 0.107307 -0.035147
v 0.033755 -0.012693 -0.032912
v 0.033755 0.107307 -0.032912
v 0.038907 -0.012693 -0.031258
v 0.038907 0.107307 -0.031258
v 0.044338 -0.012693 -0.030232
v 0.044338 0.107307 -0.030232
v 0.050000 -0.012693 -0.029880
v 0.050000 0.107307 -0.029880
v 0.195760 -0.012693 0.078426
v 0.195760 0.107307 0.078426
v 0.205167 -0.012693 0.071268
v 0.205167 0.107307 0.071268
v 0.213924 -0.012693 0.063883
v 0.213924 0.107307 0.063883
v 0.222013 -0.012693 0.056307
v 0.222013 0.107307 0.056307
v 0.229418 -0.012693 0.048575
v 0.229418 0.107307 0.048575
v 0.236120 -0.012693 0.040725
v 0.236120 0.107307 0.040725
v 0.242102 -0.012693 0.032792
v 0.242102 0.107307 0.032792
v 0.247347 -0.012693 0.024813
v 0.247347 0.107307 0.024813
v 0.251836 -0.012693 0.016824
v 0.251836 0.107307 0.016824
v 0.255553 -0.012693 0.008862
v 0.255553 0.107307 0.008862
v 0.258480 -0.012693 0.000961
v 0.258480 0.107307 0.000961
v 0.260600 -0.012693 -0.006840
v 0.260600 0.107307 -0.006840
v 0.257828 -0.012693 -0.005273
v 0.257828 0.107307 -0.005273
v 0.254923 -0.012693 -0.003817
v 0.254923 0.107307 -0.003817
v 0.251904 -0.012693 -0.002475
v 0.251904 0.107307 -0.002475
v 0.248787 -0.012693 -0.001253
v 0.248787 0.107307 -0.001253
v 0.245590 -0.012693 -0.000157
v 0.245590 0.107307 -0.000157
v 0.242330 -0.012693 0.000810
v 0.242330 0.107307 0.000810
v 0.239025 -0.012693 0.001642
v 0.239025 0.107307 0.001642
v 0.235693 -0.012693 0.002333
v 0.235693 0.107307 0.002333
v 0.232351 -0.012693 0.002880
v 0.232351 0.107307 0.002880
v 0.229017 -0.012693 0.003277
v 0.229017 0.107307 0.003277
v 0.225707 -0.012693 0.003518
v 0.225707 0.107307 0.003518
v 0.222440 -0.012693 0.003600
v 0.222440 0.107307 0.003600
v 0.212905 -0.012693 0.002954
v 0.212905 0.107307 0.002954
v 0.203793 -0.012693 0.001068
v 0.203793 0.107307 0.001068
v 0.195181 -0.012693 -0.001974
v 0.195181 0.107307 -0.001974
v 0.187147 -0.012693 -0.006093
v 0.187147 0.107307 -0.006093
v 0.179767 -0.012693 -0.011207
v 0.179767 0.107307 -0.011207
v 0.173120 -0.012693 -0.017235
v 0.173120 0.107307 -0.017235
v 0.167283 -0.012693 -0.024095
v 0.167283 0.107307 -0.024095
v 0.162333 -0.012693 -0.031707
v 0.162333 0.107307 -0.031707
v 0.158349 -0.012693 -0.039988
v 0.158349 0.107307 -0.039988
v 0.155407 -0.012693 -0.048858
v 0.155407 0.107307 -0.048858
v 0.153585 -0.012693 -0.058236
v 0.153585 0.107307 -0.058236
v 0.152960 -0.012693 -0.068040
v 0.152960 0.107307 -0.068040
v 0.153567 -0.012693 -0.077109
v 0.153567 0.107307 -0.077109
v 0.155357 -0.012693 -0.086052
v 0.155357 0.107307 -0.086052
v 0.158281 -0.012693 -0.094742
v 0.158281 0.107307 -0.094742
v 0.162293 -0.012693 -0.103053
v 0.162293 0.107307 -0.103053
v 0.167345 -0.012693 -0.110860
v 0.167345 0.107307 -0.110860
v 0.173390 -0.012693 -0.118035
v 0.173390 0.107307 -0.118035
v 0.180380 -0.012693 -0.124453
v 0.180380 0.107307 -0.124453
v 0.188267 -0.012693 -0.129987
v 0.188267 0.107307 -0.129987
v 0.197004 -0.012693 -0.134511
v 0.197004 0.107307 -0.134511
v 0.206543 -0.012693 -0.137898
v 0.206543 0.107307 -0.137898
v 0.216838 -0.012693 -0.140024
v 0.216838 0.107307 -0.140024
v 0.227840 -0.012693 -0.140760
v 0.227840 0.107307 -0.140760
v 0.238906 -0.012693 -0.139979
v 0.238906 0.107307 -0.139979
v 0.249377 -0.012693 -0.137695
v 0.249377 0.107307 -0.137695
v 0.259183 -0.012693 -0.133993
v 0.259183 0.107307 -0.133993
v 0.268253 -0.012693 -0.128960
v 0.268253 0.107307 -0.128960
v 0.276519 -0.012693 -0.122682
v 0.276519 0.107307 -0.122682
v 0.283910 -0.012693 -0.115245
v 0.283910 0.107307 -0.115245
v 0.290356 -0.012693 -0.106736
v 0.290356 0.107307 -0.106736
v 0.295787 -0.012693 -0.097240
v 0.295787 0.107307 -0.097240
v 0.300133 -0.012693 -0.086844
v 0.300133 0.107307 -0.086844
v 0.303323 -0.012693 -0.075635
v 0.303323 0.107307 -0.075635
v 0.305289 -0.012693 -0.063698
v 0.305289 0.107307 -0.063698
v 0.305960 -0.012693 -0.051120
v 0.305960 0.107307 -0.051120
v 0.305119 -0.012693 -0.036121
v 0.305119 0.107307 -0.036121
v 0.302653 -0.012693 -0.020918
v 0.302653 0.107307 -0.020918
v 0.298648 -0.012693 -0.005653
v 0.298648 0.107307 -0.005653
v 0.293187 -0.012693 0.009533
v 0.293187 0.107307 0.009533
v 0.286356 -0.012693 0.024500
v 0.286356 0.107307 0.024500
v 0.278240 -0.012693 0.039105
v 0.278240 0.107307 0.039105
v 0.268924 -0.012693 0.053208
v 0.268924 0.107307 0.053208
v 0.258493 -0.012693 0.066667
v 0.258493 0.107307 0.066667
v 0.247033 -0.012693 0.079341
v 0.247033 0.107307 0.079341
v 0.234627 -0.012693 0.091088
v 0.234627 0.107307 0.091088
v 0.221361 -0.012693 0.101769
v 0.221361 0.107307 0.101769
v 0.207320 -0.012693 0.111240
v 0.207320 0.107307 0.111240
v 0.185720 -0.012693 0.085320
v 0.185720 0.107307 0.085320
v 0.232683 -0.012693 -0.029963
v 0.232683 0.107307 -0.029963
v 0.235500 -0.012693 -0.030217
v 0.235500 0.107307 -0.030217
v 0.238438 -0.012693 -0.030645
v 0.238438 0.107307 -0.030645
v 0.241480 -0.012693 -0.031253
v 0.241480 0.107307 -0.031253
v 0.244613 -0.012693 -0.032047
v 0.244613 0.107307 -0.032047
v 0.247820 -0.012693 -0.033030
v 0.247820 0.107307 -0.033030
v 0.251088 -0.012693 -0.034208
v 0.251088 0.107307 -0.034208
v 0.254400 -0.012693 -0.035587
v 0.254400 0.107307 -0.035587
v 0.257743 -0.012693 -0.037170
v 0.257743 0.107307 -0.037170
v 0.261100 -0.012693 -0.038963
v 0.261100 0.107307 -0.038963
v 0.264458 -0.012693 -0.040972
v 0.264458 0.107307 -0.040972
v 0.267800 -0.012693 -0.043200
v 0.267800 0.107307 -0.043200
v 0.268214 -0.012693 -0.045288
v 0.268214 0.107307 -0.045288
v 0.268558 -0.012693 -0.047242
v 0.268558 0.107307 -0.047242
v 0.268841 -0.012693 -0.049078
v 0.268841 0.107307 -0.049078
v 0.269067 -0.012693 -0.050813
v 0.269067 0.107307 -0.050813
v 0.269243 -0.012693 -0.052464
v 0.269243 0.107307 -0.052464
v 0.269375 -0.012693 -0.054045
v 0.269375 0.107307 -0.054045
v 0.269470 -0.012693 -0.055574
v 0.269470 0.107307 -0.055574
v 0.269533 -0.012693 -0.057067
v 0.269533 0.107307 -0.057067
v 0.269572 -0.012693 -0.058539
v 0.269572 0.107307 -0.058539
v 0.269592 -0.012693 -0.060008
v 0.269592 0.107307 -0.060008
v 0.269599 -0.012693 -0.061490
v 0.269599 0.107307 -0.061490
v 0.269600 -0.012693 -0.063000
v 0.269600 0.107307 -0.063000
v 0.269226 -0.012693 -0.068863
v 0.269226 0.107307 -0.068863
v 0.268135 -0.012693 -0.074530
v 0.268135 0.107307 -0.074530
v 0.266377 -0.012693 -0.079943
v 0.266377 0.107307 -0.079943
v 0.264000 -0.012693 -0.085040
v 0.264000 0.107307 -0.085040
v 0.261053 -0.012693 -0.089763
v 0.261053 0.107307 -0.089763
v 0.257585 -0.012693 -0.094050
v 0.257585 0.107307 -0.094050
v 0.253644 -0.012693 -0.097843
v 0.253644 0.107307 -0.097843
v 0.249280 -0.012693 -0.101080
v 0.249280 0.107307 -0.101080
v 0.244541 -0.012693 -0.103703
v 0.244541 0.107307 -0.103703
v 0.239475 -0.012693 -0.105650
v 0.239475 0.107307 -0.105650
v 0.234132 -0.012693 -0.106863
v 0.234132 0.107307 -0.106863
v 0.228560 -0.012693 -0.107280
v 0.228560 0.107307 -0.107280
v 0.222851 -0.012693 -0.106948
v 0.222851 0.107307 -0.106948
v 0.217448 -0.012693 -0.105975
v 0.217448 0.107307 -0.105975
v 0.212388 -0.012693 -0.104394
v 0.212388 0.107307 -0.104394
v 0.207707 -0.012693 -0.102240
v 0.207707 0.107307 -0.102240
v 0.203440 -0.012693 -0.099546
v 0.203440 0.107307 -0.099546
v 0.199625 -0.012693 -0.096345
v 0.199625 0.107307 -0.096345
v 0.196297 -0.012693 -0.092672
v 0.196297 0.107307 -0.092672
v 0.193493 -0.012693 -0.088560
v 0.193493 0.107307 -0.088560
v 0.191249 -0.012693 -0.084043
v 0.191249 0.107307 -0.084043
v 0.189602 -0.012693 -0.079155
v 0.189602 0.107307 -0.079155
v 0.188586 -0.012693 -0.073929
v 0.188586 0.107307 -0.073929
v 0.188240 -0.012693 -0.068400
v 0.188240 0.107307 -0.068400
v 0.188622 -0.012693 -0.063180
v 0.188622 0.107307 -0.063180
v 0.189733 -0.012693 -0.058172
v 0.189733 0.107307 -0.058172
v 0.191525 -0.012693 -0.053421
v 0.191525 0.107307 -0.053421
v 0.193947 -0.012693 -0.048973
v 0.193947 0.107307 -0.048973
v 0.196948 -0.012693 -0.044876
v 0.196948 0.107307 -0.044876
v 0.200480 -0.012693 -0.041175
v 0.200480 0.107307 -0.041175
v 0.204492 -0.012693 -0.037916
v 0.204492 0.107307 -0.037916
v 0.208933 -0.012693 -0.035147
v 0.208933 0.107307 -0.035147
v 0.213755 -0.012693 -0.032912
v 0.213755 0.107307 -0.032912
v 0.218907 -0.012693 -0.031258
v 0.218907 0.107307 -0.031258
v 0.224338 -0.012693 -0.030232
v 0.224338 0.107307 -0.030232
v 0.230000 -0.012693 -0.029880
v 0.230000 0.107307 -0.029880
v -0.403600 -0.012693 1.188000
v -0.403600 0.107307 1.188000
v -0.403600 -0.012693 0.942480
v -0.403600 0.107307 0.942480
v -0.368320 -0.012693 0.942480
v -0.368320 0.107307 0.942480
v -0.368320 -0.012693 1.188000
v -0.368320 0.107307 1.188000
v -0.009040 -0.012693 1.188000
v -0.009040 0.107307 1.188000
v -0.133960 -0.012693 1.066680
v -0.133960 0.107307 1.066680
v -0.133960 -0.012693 1.188000
v -0.133960 0.107307 1.188000
v -0.169240 -0.012693 1.188000
v -0.169240 0.107307 1.188000
v -0.169240 -0.012693 0.942480
v -0.169240 0.107307 0.942480
v -0.133960 -0.012693 0.942480
v -0.133960 0.107307 0.942480
v -0.133960 -0.012693 1.054800
v -0.133960 0.107307 1.054800
v -0.030640 -0.012693 0.942480
v -0.030640 0.107307 0.942480
v 0.013280 -0.012693 0.942480
v 0.013280 0.107307 0.942480
v -0.093640 -0.012693 1.058760
v -0.093640 0.107307 1.058760
v 0.039560 -0.012693 1.188000
v 0.039560 0.107307 1.188000
v 0.063320 -0.012693 1.188000
v 0.063320 0.107307 1.188000
v 0.063320 -0.012693 1.026360
v 0.063320 0.107307 1.026360
v 0.095360 -0.012693 1.026360
v 0.095360 0.107307 1.026360
v 0.095360 -0.012693 1.188000
v 0.095360 0.107307 1.188000
v 0.076951 -0.012693 0.996304
v 0.076951 0.107307 0.996304
v 0.074482 -0.012693 0.995792
v 0.074482 0.107307 0.995792
v 0.072134 -0.012693 0.994967
v 0.072134 0.107307 0.994967
v 0.069933 -0.012693 0.993854
v 0.069933 0.107307 0.993854
v 0.067902 -0.012693 0.992475
v 0.067902 0.107307 0.992475
v 0.066065 -0.012693 0.990855
v 0.066065 0.107307 0.990855
v 0.064445 -0.012693 0.989018
v 0.064445 0.107307 0.989018
v 0.063067 -0.012693 0.986987
v 0.063067 0.107307 0.986987
v 0.061953 -0.012693 0.984786
v 0.061953 0.107307 0.984786
v 0.061128 -0.012693 0.982439
v 0.061128 0.107307 0.982439
v 0.060616 -0.012693 0.979969
v 0.060616 0.107307 0.979969
v 0.060440 -0.012693 0.977400
v 0.060440 0.107307 0.977400
v 0.060616 -0.012693 0.974832
v 0.060616 0.107307 0.974832
v 0.061128 -0.012693 0.972362
v 0.061128 0.107307 0.972362
v 0.061953 -0.012693 0.970015
v 0.061953 0.107307 0.970015
v 0.063067 -0.012693 0.967813
v 0.063067 0.107307 0.967813
v 0.064445 -0.012693 0.965782
v 0.064445 0.107307 0.965782
v 0.066065 -0.012693 0.963945
v 0.066065 0.107307 0.963945
v 0.067902 -0.012693 0.962325
v 0.067902 0.107307 0.962325
v 0.069933 -0.012693 0.960947
v 0.069933 0.107307 0.960947
v 0.072134 -0.012693 0.959833
v 0.072134 0.107307 0.959833
v 0.074482 -0.012693 0.959009
v 0.074482 0.107307 0.959009
v 0.076951 -0.012693 0.958496
v 0.076951 0.107307 0.958496
v 0.079520 -0.012693 0.958320
v 0.079520 0.107307 0.958320
v 0.082089 -0.012693 0.958496
v 0.082089 0.107307 0.958496
v 0.084558 -0.012693 0.959008
v 0.084558 0.107307 0.959008
v 0.086906 -0.012693 0.959833
v 0.086906 0.107307 0.959833
v 0.089107 -0.012693 0.960947
v 0.089107 0.107307 0.960947
v 0.091138 -0.012693 0.962325
v 0.091138 0.107307 0.962325
v 0.092975 -0.012693 0.963945
v 0.092975 0.107307 0.963945
v 0.094595 -0.012693 0.965782
v 0.094595 0.107307 0.965782
v 0.095973 -0.012693 0.967813
v 0.095973 0.107307 0.967813
v 0.097087 -0.012693 0.970015
v 0.097087 0.107307 0.970015
v 0.097912 -0.012693 0.972362
v 0.097912 0.107307 0.972362
v 0.098424 -0.012693 0.974832
v 0.098424 0.107307 0.974832
v 0.098600 -0.012693 0.977400
v 0.098600 0.107307 0.977400
v 0.098424 -0.012693 0.979969
v 0.098424 0.107307 0.979969
v 0.097912 -0.012693 0.982439
v 0.097912 0.107307 0.982439
v 0.097087 -0.012693 0.984786
v 0.097087 0.107307 0.984786
v 0.095973 -0.012693 0.986987
v 0.095973 0.107307 0.986987
v 0.094595 -0.012693 0.989018
v 0.094595 0.107307 0.989018
v 0.092975 -0.012693 0.990855
v 0.092975 0.107307 0.990855
v 0.091138 -0.012693 0.992475
v 0.091138 0.107307 0.992475
v 0.089107 -0.012693 0.993854
v 0.089107 0.107307 0.993854
v 0.086906 -0.012693 0.994967
v 0.086906 0.107307 0.994967
v 0.084558 -0.012693 0.995792
v 0.084558 0.107307 0.995792
v 0.082089 -0.012693 0.996304
v 0.082089 0.107307 0.996304
v 0.079520 -0.012693 0.996480
v 0.079520 0.107307 0.996480
v 0.142160 -0.012693 1.188000
v 0.142160 0.107307 1.188000
v 0.142160 -0.012693 0.942480
v 0.142160 0.107307 0.942480
v 0.174200 -0.012693 0.942480
v 0.174200 0.107307 0.942480
v 0.174200 -0.012693 1.188000
v 0.174200 0.107307 1.188000
v 0.382629 -0.012693 1.117985
v 0.382629 0.107307 1.117985
v 0.380480 -0.012693 1.129657
v 0.380480 0.107307 1.129657
v 0.376981 -0.012693 1.140514
v 0.376981 0.107307 1.140514
v 0.372200 -0.012693 1.150494
v 0.372200 0.107307 1.150494
v 0.366204 -0.012693 1.159533
v 0.366204 0.107307 1.159533
v 0.359060 -0.012693 1.167570
v 0.359060 0.107307 1.167570
v 0.350836 -0.012693 1.174542
v 0.350836 0.107307 1.174542
v 0.341600 -0.012693 1.180387
v 0.341600 0.107307 1.180387
v 0.331419 -0.012693 1.185041
v 0.331419 0.107307 1.185041
v 0.320360 -0.012693 1.188444
v 0.320360 0.107307 1.188444
v 0.308491 -0.012693 1.190531
v 0.308491 0.107307 1.190531
v 0.295880 -0.012693 1.191240
v 0.295880 0.107307 1.191240
v 0.283765 -0.012693 1.190503
v 0.283765 0.107307 1.190503
v 0.272310 -0.012693 1.188343
v 0.272310 0.107307 1.188343
v 0.261590 -0.012693 1.184839
v 0.261590 0.107307 1.184839
v 0.251680 -0.012693 1.180067
v 0.251680 0.107307 1.180067
v 0.242655 -0.012693 1.174105
v 0.242655 0.107307 1.174105
v 0.234590 -0.012693 1.167030
v 0.234590 0.107307 1.167030
v 0.227560 -0.012693 1.158921
v 0.227560 0.107307 1.158921
v 0.221640 -0.012693 1.149854
v 0.221640 0.107307 1.149854
v 0.216905 -0.012693 1.139906
v 0.216905 0.107307 1.139906
v 0.213430 -0.012693 1.129157
v 0.213430 0.107307 1.129157
v 0.211290 -0.012693 1.117682
v 0.211290 0.107307 1.117682
v 0.210560 -0.012693 1.105560
v 0.210560 0.107307 1.105560
v 0.211317 -0.012693 1.094182
v 0.211317 0.107307 1.094182
v 0.213530 -0.012693 1.083328
v 0.213530 0.107307 1.083328
v 0.217107 -0.012693 1.073087
v 0.217107 0.107307 1.073087
v 0.221960 -0.012693 1.063547
v 0.221960 0.107307 1.063547
v 0.227997 -0.012693 1.054797
v 0.227997 0.107307 1.054797
v 0.235130 -0.012693 1.046925
v 0.235130 0.107307 1.046925
v 0.243268 -0.012693 1.040021
v 0.243268 0.107307 1.040021
v 0.252320 -0.012693 1.034173
v 0.252320 0.107307 1.034173
v 0.262197 -0.012693 1.029471
v 0.262197 0.107307 1.029471
v 0.272810 -0.012693 1.026002
v 0.272810 0.107307 1.026002
v 0.284068 -0.012693 1.023855
v 0.284068 0.107307 1.023855
v 0.295880 -0.012693 1.023120
v 0.295880 0.107307 1.023120
v 0.308264 -0.012693 1.023828
v 0.308264 0.107307 1.023828
v 0.319985 -0.012693 1.025902
v 0.319985 0.107307 1.025902
v 0.330963 -0.012693 1.029268
v 0.330963 0.107307 1.029268
v 0.341120 -0.012693 1.033853
v 0.341120 0.107307 1.033853
v 0.350377 -0.012693 1.039584
v 0.350377 0.107307 1.039584
v 0.358655 -0.012693 1.046385
v 0.358655 0.107307 1.046385
v 0.365876 -0.012693 1.054184
v 0.365876 0.107307 1.054184
v 0.371960 -0.012693 1.062907
v 0.371960 0.107307 1.062907
v 0.376829 -0.012693 1.072479
v 0.376829 0.107307 1.072479
v 0.380405 -0.012693 1.082828
v 0.380405 0.107307 1.082828
v 0.382608 -0.012693 1.093880
v 0.382608 0.107307 1.093880
v 0.383360 -0.012693 1.105560
v 0.383360 0.107307 1.105560
v 0.243756 -0.012693 1.113864
v 0.243756 0.107307 1.113864
v 0.245037 -0.012693 1.121648
v 0.245037 0.107307 1.121648
v 0.247123 -0.012693 1.128876
v 0.247123 0.107307 1.128876
v 0.249973 -0.012693 1.135507
v 0.249973 0.107307 1.135507
v 0.253549 -0.012693 1.141503
v 0.253549 0.107307 1.141503
v 0.257810 -0.012693 1.146825
v 0.257810 0.107307 1.146825
v 0.262716 -0.012693 1.151435
v 0.262716 0.107307 1.151435
v 0.268227 -0.012693 1.155293
v 0.268227 0.107307 1.155293
v 0.274303 -0.012693 1.158362
v 0.274303 0.107307 1.158362
v 0.280903 -0.012693 1.160602
v 0.280903 0.107307 1.160602
v 0.287989 -0.012693 1.161974
v 0.287989 0.107307 1.161974
v 0.295520 -0.012693 1.162440
v 0.295520 0.107307 1.162440
v 0.303713 -0.012693 1.161995
v 0.303713 0.107307 1.161995
v 0.311350 -0.012693 1.160678
v 0.311350 0.107307 1.160678
v 0.318403 -0.012693 1.158519
v 0.318403 0.107307 1.158519
v 0.324840 -0.012693 1.155547
v 0.324840 0.107307 1.155547
v 0.330633 -0.012693 1.151789
v 0.330633 0.107307 1.151789
v 0.335750 -0.012693 1.147275
v 0.335750 0.107307 1.147275
v 0.340163 -0.012693 1.142034
v 0.340163 0.107307 1.142034
v 0.343840 -0.012693 1.136093
v 0.343840 0.107307 1.136093
v 0.346753 -0.012693 1.129483
v 0.346753 0.107307 1.129483
v 0.348870 -0.012693 1.122232
v 0.348870 0.107307 1.122232
v 0.350163 -0.012693 1.114368
v 0.350163 0.107307 1.114368
v 0.350600 -0.012693 1.105920
v 0.350600 0.107307 1.105920
v 0.350128 -0.012693 1.098278
v 0.350128 0.107307 1.098278
v 0.348745 -0.012693 1.091045
v 0.348745 0.107307 1.091045
v 0.346499 -0.012693 1.084270
v 0.346499 0.107307 1.084270
v 0.343440 -0.012693 1.078000
v 0.343440 0.107307 1.078000
v 0.339616 -0.012693 1.072286
v 0.339616 0.107307 1.072286
v 0.335075 -0.012693 1.067175
v 0.335075 0.107307 1.067175
v 0.329867 -0.012693 1.062717
v 0.329867 0.107307 1.062717
v 0.324040 -0.012693 1.058960
v 0.324040 0.107307 1.058960
v 0.317643 -0.012693 1.055953
v 0.317643 0.107307 1.055953
v 0.310725 -0.012693 1.053745
v 0.310725 0.107307 1.053745
v 0.303334 -0.012693 1.052384
v 0.303334 0.107307 1.052384
v 0.295520 -0.012693 1.051920
v 0.295520 0.107307 1.051920
v 0.288140 -0.012693 1.052384
v 0.288140 0.107307 1.052384
v 0.281153 -0.012693 1.053743
v 0.281153 0.107307 1.053743
v 0.274606 -0.012693 1.055948
v 0.274606 0.107307 1.055948
v 0.268547 -0.012693 1.058947
v 0.268547 0.107307 1.058947
v 0.263022 -0.012693 1.062691
v 0.263022 0.107307 1.062691
v 0.258080 -0.012693 1.067130
v 0.258080 0.107307 1.067130
v 0.253768 -0.012693 1.072214
v 0.253768 0.107307 1.072214
v 0.250133 -0.012693 1.077893
v 0.250133 0.107307 1.077893
v 0.247224 -0.012693 1.084118
v 0.247224 0.107307 1.084118
v 0.245087 -0.012693 1.090837
v 0.245087 0.107307 1.090837
v 0.243770 -0.012693 1.098001
v 0.243770 0.107307 1.098001
v 0.243320 -0.012693 1.105560
v 0.243320 0.107307 1.105560
vn -0.0000 1.0000 -0.0000
vn 0.0001 1.0000 -0.0000
vn -0.0000 -1.0000 -0.0000
vn 0.0001 -1.0000 -0.0000
vn 0.3639 -0.0000 0.9314
vn 0.3342 -0.0000 0.9425
vn 0.3017 -0.0000 0.9534
vn 0.2666 -0.0000 0.9638
vn 0.2297 -0.0000 0.9733
vn 0.1916 -0.0000 0.9815
vn 0.1533 -0.0000 0.9882
vn 0.1157 -0.0000 0.9933
vn 0.0796 -0.0000 0.9968
vn 0.0456 -0.0000 0.9990
vn 0.0145 -0.0000 0.9999
vn -0.0584 -0.0000 0.9983
vn -0.1779 -0.0000 0.9840
vn -0.2983 -0.0000 0.9545
vn -0.4170 -0.0000 0.9089
vn -0.5316 -0.0000 0.8470
vn -0.6391 -0.0000 0.7691
vn -0.7368 -0.0000 0.6761
vn -0.8220 -0.0000 0.5696
vn -0.8921 -0.0000 0.4518
vn -0.9454 -0.0000 0.3260
vn -0.9807 -0.0000 0.1956
vn -0.9979 -0.0000 0.0644
vn -0.9979 -0.0000 -0.0655
vn -0.9803 -0.0000 -0.1976
vn -0.9449 -0.0000 -0.3272
vn -0.8924 -0.0000 -0.4512
vn -0.8240 -0.0000 -0.5665
vn -0.7414 -0.0000 -0.6711
vn -0.6465 -0.0000 -0.7629
vn -0.5412 -0.0000 -0.8409
vn -0.4278 -0.0000 -0.9039
vn -0.3084 -0.0000 -0.9513
vn -0.1854 -0.0000 -0.9827
vn -0.0613 -0.0000 -0.9981
vn 0.0144 -0.0000 -0.9999
vn 0.0473 -0.0000 -0.9989
vn 0.0850 -0.0000 -0.9964
vn 0.1262 -0.0000 -0.9920
vn 0.1688 -0.0000 -0.9856
vn 0.2109 -0.0000 -0.9775
vn 0.2504 -0.0000 -0.9681
vn 0.2860 -0.0000 -0.9582
vn 0.3169 -0.0000 -0.9484
vn 0.3429 -0.0000 -0.9394
vn 0.3640 -0.0000 -0.9314
vn 0.3807 -0.0000 -0.9247
vn 1.0000 -0.0000 -0.0000
vn -0.4659 -0.0000 0.8849
vn -0.4326 -0.0000 0.9016
vn -0.3979 -0.0000 0.9174
vn -0.3616 -0.0000 0.9323
vn -0.3239 -0.0000 0.9461
vn -0.2847 -0.0000 0.9586
vn -0.2441 -0.0000 0.9697
vn -0.2022 -0.0000 0.9793
vn -0.1590 -0.0000 0.9873
vn -0.1147 -0.0000 0.9934
vn -0.0694 -0.0000 0.9976
vn -0.0233 -0.0000 0.9997
vn 0.0635 -0.0000 0.9980
vn 0.1914 -0.0000 0.9815
vn 0.3169 -0.0000 0.9485
vn 0.4376 -0.0000 0.8992
vn 0.5510 -0.0000 0.8345
vn 0.6552 -0.0000 0.7554
vn 0.7485 -0.0000 0.6632
vn 0.8291 -0.0000 0.5591
vn 0.8956 -0.0000 0.4449
vn 0.9465 -0.0000 0.3227
vn 0.9808 -0.0000 0.1949
vn 0.9979 -0.0000 0.0647
vn 0.9980 -0.0000 -0.0630
vn 0.9813 -0.0000 -0.1926
vn 0.9463 -0.0000 -0.3233
vn 0.8926 -0.0000 -0.4509
vn 0.8209 -0.0000 -0.5711
vn 0.7332 -0.0000 -0.6800
vn 0.6326 -0.0000 -0.7745
vn 0.5225 -0.0000 -0.8527
vn 0.4065 -0.0000 -0.9136
vn 0.2882 -0.0000 -0.9576
vn 0.1703 -0.0000 -0.9854
vn 0.0555 -0.0000 -0.9985
vn -0.0186 -0.0000 -0.9998
vn -0.0550 -0.0000 -0.9985
vn -0.0897 -0.0000 -0.9960
vn -0.1226 -0.0000 -0.9925
vn -0.1533 -0.0000 -0.9882
vn -0.1817 -0.0000 -0.9833
vn -0.2077 -0.0000 -0.9782
vn -0.2312 -0.0000 -0.9729
vn -0.2520 -0.0000 -0.9677
vn -0.2702 -0.0000 -0.9628
vn -0.2857 -0.0000 -0.9583
vn -0.2985 -0.0000 -0.9544
vn -1.0000 -0.0000 -0.0000
vn -0.0000 -0.0000 1.0000
vn -0.0000 -0.0000 -1.0000
vn 0.3903 -0.0000 0.9207
vn 0.9835 -0.0000 0.1811
vn 0.9518 -0.0000 0.3067
vn 0.9018 -0.0000 0.4321
vn 0.8333 -0.0000 0.5528
vn 0.7474 -0.0000 0.6643
vn 0.6467 -0.0000 0.7628
vn 0.5347 -0.0000 0.8450
vn 0.4158 -0.0000 0.9095
vn 0.2940 -0.0000 0.9558
vn 0.1732 -0.0000 0.9849
vn 0.0562 -0.0000 0.9984
vn -0.0607 -0.0000 0.9982
vn -0.1853 -0.0000 0.9827
vn -0.3107 -0.0000 0.9505
vn -0.4339 -0.0000 0.9010
vn -0.5512 -0.0000 0.8344
vn -0.6594 -0.0000 0.7518
vn -0.7556 -0.0000 0.6550
vn -0.8373 -0.0000 0.5467
vn -0.9029 -0.0000 0.4298
vn -0.9515 -0.0000 0.3076
vn -0.9831 -0.0000 0.1833
vn -0.9982 -0.0000 0.0601
vn -0.9978 -0.0000 -0.0664
vn -0.9798 -0.0000 -0.1997
vn -0.9441 -0.0000 -0.3298
vn -0.8913 -0.0000 -0.4534
vn -0.8231 -0.0000 -0.5679
vn -0.7410 -0.0000 -0.6715
vn -0.6469 -0.0000 -0.7625
vn -0.5426 -0.0000 -0.8400
vn -0.4299 -0.0000 -0.9029
vn -0.3107 -0.0000 -0.9505
vn -0.1873 -0.0000 -0.9823
vn -0.0621 -0.0000 -0.9981
vn 0.0571 -0.0000 -0.9984
vn 0.1742 -0.0000 -0.9847
vn 0.2932 -0.0000 -0.9561
vn 0.4115 -0.0000 -0.9114
vn 0.5263 -0.0000 -0.8503
vn 0.6348 -0.0000 -0.7727
vn 0.7338 -0.0000 -0.6794
vn 0.8202 -0.0000 -0.5721
vn 0.8913 -0.0000 -0.4534
vn 0.9452 -0.0000 -0.3266
vn 0.9807 -0.0000 -0.1955
vn 0.9979 -0.0000 -0.0642
vn 0.9983 -0.0000 0.0588
vn 0.9867 -0.0000 -0.1623
vn 0.9608 -0.0000 -0.2773
vn 0.9187 -0.0000 -0.3950
vn 0.8589 -0.0000 -0.5122
vn 0.7807 -0.0000 -0.6250
vn 0.6848 -0.0000 -0.7288
vn 0.5736 -0.0000 -0.8192
vn 0.4508 -0.0000 -0.8926
vn 0.3213 -0.0000 -0.9470
vn 0.1901 -0.0000 -0.9818
vn 0.0618 -0.0000 -0.9981
vn -0.0543 -0.0000 -0.9985
vn -0.1699 -0.0000 -0.9855
vn -0.2927 -0.0000 -0.9562
vn -0.4192 -0.0000 -0.9079
vn -0.5442 -0.0000 -0.8389
vn -0.6615 -0.0000 -0.7499
vn -0.7650 -0.0000 -0.6440
vn -0.8503 -0.0000 -0.5264
vn -0.9151 -0.0000 -0.4032
vn -0.9599 -0.0000 -0.2803
vn -0.9868 -0.0000 -0.1622
vn -0.9987 -0.0000 -0.0517
vn -0.9981 -0.0000 0.0616
vn -0.9822 -0.0000 0.1878
vn -0.9492 -0.0000 0.3146
vn -0.8987 -0.0000 0.4386
vn -0.8311 -0.0000 0.5562
vn -0.7476 -0.0000 0.6642
vn -0.6503 -0.0000 0.7597
vn -0.5419 -0.0000 0.8405
vn -0.4254 -0.0000 0.9050
vn -0.3041 -0.0000 0.9527
vn -0.1811 -0.0000 0.9835
vn -0.0593 -0.0000 0.9982
vn 0.0628 -0.0000 0.9980
vn 0.1909 -0.0000 0.9816
vn 0.3191 -0.0000 0.9477
vn 0.4436 -0.0000 0.8962
vn 0.5610 -0.0000 0.8278
vn 0.6682 -0.0000 0.7439
vn 0.7626 -0.0000 0.6468
vn 0.8423 -0.0000 0.5390
vn 0.9059 -0.0000 0.4235
vn 0.9530 -0.0000 0.3031
vn 0.9835 -0.0000 0.1808
vn 0.9982 -0.0000 0.0594
vn 0.9986 -0.0000 -0.0524
vn -0.0577 -0.0000 0.9983
vn -0.1800 -0.0000 0.9837
vn -0.3087 -0.0000 0.9512
vn -0.4392 -0.0000 0.8984
vn -0.5656 -0.0000 0.8247
vn -0.6814 -0.0000 0.7319
vn -0.7813 -0.0000 0.6242
vn -0.8618 -0.0000 0.5072
vn -0.9221 -0.0000 0.3869
vn -0.9633 -0.0000 0.2684
vn -0.9879 -0.0000 0.1552
vn -0.9988 -0.0000 0.0496
vn -0.9982 -0.0000 -0.0600
vn -0.9830 -0.0000 -0.1834
vn -0.9513 -0.0000 -0.3083
vn -0.9022 -0.0000 -0.4313
vn -0.8358 -0.0000 -0.5491
vn -0.7530 -0.0000 -0.6581
vn -0.6557 -0.0000 -0.7550
vn -0.5466 -0.0000 -0.8374
vn -0.4290 -0.0000 -0.9033
vn -0.3064 -0.0000 -0.9519
vn -0.1821 -0.0000 -0.9833
vn -0.0596 -0.0000 -0.9982
vn 0.0141 -0.0000 -0.9999
vn 0.0438 -0.0000 -0.9990
vn 0.0746 -0.0000 -0.9972
vn 0.1063 -0.0000 -0.9943
vn 0.1382 -0.0000 -0.9904
vn 0.1698 -0.0000 -0.9855
vn 0.2005 -0.0000 -0.9797
vn 0.2300 -0.0000 -0.9732
vn 0.2578 -0.0000 -0.9662
vn 0.2838 -0.0000 -0.9589
vn 0.3077 -0.0000 -0.9515
vn 0.3295 -0.0000 -0.9441
vn -0.3396 -0.0000 0.9406
vn -0.3143 -0.0000 0.9493
vn -0.2858 -0.0000 0.9583
vn -0.2545 -0.0000 0.9671
vn -0.2207 -0.0000 0.9753
vn -0.1854 -0.0000 0.9827
vn -0.1492 -0.0000 0.9888
vn -0.1131 -0.0000 0.9936
vn -0.0781 -0.0000 0.9969
vn -0.0450 -0.0000 0.9990
vn -0.0143 -0.0000 0.9999
vn 0.0609 -0.0000 0.9981
vn 0.1878 -0.0000 0.9822
vn 0.3183 -0.0000 0.9480
vn 0.4477 -0.0000 0.8942
vn 0.5710 -0.0000 0.8209
vn 0.6830 -0.0000 0.7304
vn 0.7798 -0.0000 0.6261
vn 0.8586 -0.0000 0.5126
vn 0.9188 -0.0000 0.3948
vn 0.9610 -0.0000 0.2767
vn 0.9868 -0.0000 0.1617
vn 0.9986 -0.0000 0.0521
vn 0.9994 -0.0000 -0.0355
vn 0.9933 -0.0000 -0.1154
vn 0.9779 -0.0000 -0.2092
vn 0.9482 -0.0000 -0.3176
vn 0.8985 -0.0000 -0.4389
vn 0.8233 -0.0000 -0.5676
vn 0.7201 -0.0000 -0.6939
vn 0.5924 -0.0000 -0.8056
vn 0.4502 -0.0000 -0.8929
vn 0.3065 -0.0000 -0.9519
vn 0.1720 -0.0000 -0.9851
vn 0.0529 -0.0000 -0.9986
vn -0.3615 -0.0000 0.9324
vn -0.8240 -0.0000 -0.5666
vn 0.0472 -0.0000 -0.9989
vn -0.3617 -0.0000 0.9323
vn 0.7485 -0.0000 0.6631
vn 0.0142 -0.0000 -0.9999
vn 0.0437 -0.0000 -0.9990
vn -0.6055 -0.0000 -0.7958
vn -0.6447 -0.0000 -0.7644
vn -0.6836 -0.0000 -0.7299
vn -0.7222 -0.0000 -0.6917
vn -0.7605 -0.0000 -0.6493
vn -0.7984 -0.0000 -0.6021
vn -0.8356 -0.0000 -0.5493
vn -0.8718 -0.0000 -0.4899
vn -0.9061 -0.0000 -0.4230
vn -0.9377 -0.0000 -0.3474
vn -0.9650 -0.0000 -0.2622
vn 0.4920 -0.0000 0.8706
vn 0.4483 -0.0000 0.8939
vn 0.4060 -0.0000 0.9139
vn 0.3649 -0.0000 0.9310
vn 0.3245 -0.0000 0.9459
vn 0.2843 -0.0000 0.9587
vn 0.2441 -0.0000 0.9698
vn 0.2032 -0.0000 0.9791
vn 0.1614 -0.0000 0.9869
vn 0.1181 -0.0000 0.9930
vn 0.0728 -0.0000 0.9973
vn 0.0250 -0.0000 0.9997
vn -0.0676 -0.0000 0.9977
vn -0.2026 -0.0000 0.9793
vn -0.3331 -0.0000 0.9429
vn -0.4562 -0.0000 0.8899
vn -0.5696 -0.0000 0.8219
vn -0.6718 -0.0000 0.7408
vn -0.7616 -0.0000 0.6480
vn -0.8383 -0.0000 0.5452
vn -0.9011 -0.0000 0.4336
vn -0.9492 -0.0000 0.3148
vn -0.9816 -0.0000 0.1907
vn -0.9980 -0.0000 0.0636
vn -0.9978 -0.0000 -0.0668
vn -0.9806 -0.0000 -0.1962
vn -0.9478 -0.0000 -0.3190
vn -0.9006 -0.0000 -0.4347
vn -0.8395 -0.0000 -0.5433
vn -0.7648 -0.0000 -0.6443
vn -0.6763 -0.0000 -0.7366
vn -0.5744 -0.0000 -0.8186
vn -0.4598 -0.0000 -0.8880
vn -0.3346 -0.0000 -0.9423
vn -0.2022 -0.0000 -0.9793
vn -0.0668 -0.0000 -0.9978
vn 0.0704 -0.0000 -0.9975
vn 0.2132 -0.0000 -0.9770
vn 0.3532 -0.0000 -0.9356
vn 0.4852 -0.0000 -0.8744
vn 0.6048 -0.0000 -0.7963
vn 0.7093 -0.0000 -0.7049
vn 0.7971 -0.0000 -0.6038
vn 0.8681 -0.0000 -0.4965
vn 0.9226 -0.0000 -0.3857
vn 0.9618 -0.0000 -0.2738
vn 0.9867 -0.0000 -0.1625
vn 0.9986 -0.0000 -0.0533
vn 0.9984 -0.0000 0.0560
vn 0.9871 -0.0000 0.1601
vn 0.9673 -0.0000 0.2538
vn 0.9410 -0.0000 0.3384
vn 0.9097 -0.0000 0.4152
vn 0.8741 -0.0000 0.4857
vn 0.8344 -0.0000 0.5512
vn 0.7904 -0.0000 0.6126
vn 0.7417 -0.0000 0.6707
vn 0.6876 -0.0000 0.7261
vn 0.6271 -0.0000 0.7789
vn 0.5592 -0.0000 0.8290
vn -0.7682 -0.0000 0.6402
vn -0.5661 -0.0000 -0.8244
vn -0.0896 -0.0000 -0.9960
vn -0.1443 -0.0000 -0.9895
vn -0.1961 -0.0000 -0.9806
vn -0.2455 -0.0000 -0.9694
vn -0.2931 -0.0000 -0.9561
vn -0.3392 -0.0000 -0.9407
vn -0.3842 -0.0000 -0.9233
vn -0.4281 -0.0000 -0.9037
vn -0.4711 -0.0000 -0.8821
vn -0.5133 -0.0000 -0.8582
vn -0.5547 -0.0000 -0.8321
vn -0.9809 -0.0000 -0.1943
vn -0.9848 -0.0000 -0.1738
vn -0.9884 -0.0000 -0.1519
vn -0.9916 -0.0000 -0.1292
vn -0.9944 -0.0000 -0.1061
vn -0.9965 -0.0000 -0.0834
vn -0.9981 -0.0000 -0.0619
vn -0.9991 -0.0000 -0.0425
vn -0.9997 -0.0000 -0.0262
vn -0.9999 -0.0000 -0.0135
vn -1.0000 -0.0000 -0.0049
vn -1.0000 -0.0000 -0.0007
vn -0.9980 -0.0000 0.0637
vn -0.9820 -0.0000 0.1890
vn -0.9511 -0.0000 0.3089
vn -0.9063 -0.0000 0.4226
vn -0.8484 -0.0000 0.5294
vn -0.7775 -0.0000 0.6289
vn -0.6934 -0.0000 0.7205
vn -0.5958 -0.0000 0.8031
vn -0.4842 -0.0000 0.8750
vn -0.3588 -0.0000 0.9334
vn -0.2213 -0.0000 0.9752
vn -0.0747 -0.0000 0.9972
vn 0.0580 -0.0000 0.9983
vn 0.1773 -0.0000 0.9842
vn 0.2982 -0.0000 0.9545
vn 0.4180 -0.0000 0.9084
vn 0.5340 -0.0000 0.8455
vn 0.6427 -0.0000 0.7661
vn 0.7411 -0.0000 0.6714
vn 0.8262 -0.0000 0.5634
vn 0.9476 -0.0000 0.3194
vn 0.9816 -0.0000 0.1907
vn 0.9980 -0.0000 0.0625
vn 0.9973 -0.0000 -0.0729
vn 0.9762 -0.0000 -0.2167
vn 0.9357 -0.0000 -0.3529
vn 0.8782 -0.0000 -0.4782
vn 0.8067 -0.0000 -0.5910
vn 0.7235 -0.0000 -0.6904
vn 0.6305 -0.0000 -0.7762
vn 0.5291 -0.0000 -0.8485
vn 0.4205 -0.0000 -0.9073
vn 0.3056 -0.0000 -0.9522
vn 0.1856 -0.0000 -0.9826
vn 0.0621 -0.0000 -0.9981
vn -0.0310 -0.0000 -0.9995
vn 0.4181 -0.0000 0.9084
vn -0.6967 -0.0000 0.7174
vn -0.7360 -0.0000 -0.6770
vn 0.7361 -0.0000 0.6769
vn 0.6964 -0.0000 -0.7177
vn -0.2031 -0.0000 0.9792
vn -0.3315 -0.0000 0.9434
vn -0.4514 -0.0000 0.8923
vn -0.5616 -0.0000 0.8274
vn -0.6613 -0.0000 0.7501
vn -0.7501 -0.0000 0.6613
vn -0.8274 -0.0000 0.5616
vn -0.8923 -0.0000 0.4514
vn -0.9435 -0.0000 0.3315
vn -0.9792 -0.0000 0.2031
vn -0.9977 -0.0000 0.0684
vn -0.9977 -0.0000 -0.0684
vn -0.9792 -0.0000 -0.2031
vn -0.9435 -0.0000 -0.3315
vn -0.8923 -0.0000 -0.4514
vn -0.8274 -0.0000 -0.5616
vn -0.7501 -0.0000 -0.6613
vn -0.6613 -0.0000 -0.7501
vn -0.5616 -0.0000 -0.8274
vn -0.4514 -0.0000 -0.8923
vn -0.3315 -0.0000 -0.9434
vn -0.2031 -0.0000 -0.9792
vn -0.0684 -0.0000 -0.9977
vn 0.0683 -0.0000 -0.9977
vn 0.2031 -0.0000 -0.9792
vn 0.3315 -0.0000 -0.9434
vn 0.4514 -0.0000 -0.8923
vn 0.5616 -0.0000 -0.8274
vn 0.6613 -0.0000 -0.7501
vn 0.7501 -0.0000 -0.6613
vn 0.8274 -0.0000 -0.5616
vn 0.8923 -0.0000 -0.4514
vn 0.9435 -0.0000 -0.3315
vn 0.9792 -0.0000 -0.2031
vn 0.9977 -0.0000 -0.0684
vn 0.9977 -0.0000 0.0684
vn 0.9792 -0.0000 0.2031
vn 0.9435 -0.0000 0.3315
vn 0.8923 -0.0000 0.4514
vn 0.8274 -0.0000 0.5616
vn 0.7501 -0.0000 0.6613
vn 0.6613 -0.0000 0.7501
vn 0.5616 -0.0000 0.8274
vn 0.4514 -0.0000 0.8923
vn 0.3315 -0.0000 0.9434
vn 0.2031 -0.0000 0.9792
vn 0.0684 -0.0000 0.9977
vn -0.0684 -0.0000 0.9977
vn 0.0570 -0.0000 -0.9984
vn -0.8502 -0.0000 -0.5264
vt 0.357895 0.000000
vt 0.378947 0.000000
vt 0.368421 0.000000
vt 0.389474 0.000000
vt 0.347368 0.000000
vt 0.400000 0.000000
vt 0.336842 0.000000
vt 0.410526 0.000000
vt 0.326316 0.000000
vt 0.421053 0.000000
vt 0.315789 0.000000
vt 0.431579 0.000000
vt 0.305263 0.000000
vt 0.442105 0.000000
vt 0.294737 0.000000
vt 0.873684 0.000000
vt 0.884211 0.000000
vt 0.863158 0.000000
vt 0.894737 0.000000
vt 0.852632 0.000000
vt 0.905263 0.000000
vt 0.842105 0.000000
vt 0.452632 0.000000
vt 0.284211 0.000000
vt 0.915789 0.000000
vt 0.831579 0.000000
vt 0.926316 0.000000
vt 0.821053 0.000000
vt 0.936842 0.000000
vt 0.810526 0.000000
vt 0.463158 0.000000
vt 0.273684 0.000000
vt 0.947368 0.000000
vt 0.800000 0.000000
vt 0.957895 0.000000
vt 0.789474 0.000000
vt 0.473684 0.000000
vt 0.263158 0.000000
vt 0.968421 0.000000
vt 0.778947 0.000000
vt 0.484211 0.000000
vt 0.252632 0.000000
vt 0.978947 0.000000
vt 0.768421 0.000000
vt 0.989474 0.000000
vt 0.757895 0.000000
vt 0.494737 0.000000
vt 0.242105 0.000000
vt 1.000000 0.000000
vt 0.747368 0.000000
vt 0.231579 0.000000
vt 0.505263 0.000000
vt 0.000000 0.000000
vt 0.736842 0.000000
vt 0.515789 0.000000
vt 0.726316 0.000000
vt 0.221053 0.000000
vt 0.010526 0.000000
vt 0.526316 0.000000
vt 0.715789 0.000000
vt 0.536842 0.000000
vt 0.210526 0.000000
vt 0.705263 0.000000
vt 0.021053 0.000000
vt 0.547368 0.000000
vt 0.694737 0.000000
vt 0.200000 0.000000
vt 0.031579 0.000000
vt 0.557895 0.000000
vt 0.684211 0.000000
vt 0.568421 0.000000
vt 0.673684 0.000000
vt 0.189474 0.000000
vt 0.042105 0.000000
vt 0.578947 0.000000
vt 0.663158 0.000000
vt 0.589474 0.000000
vt 0.652632 0.000000
vt 0.600000 0.000000
vt 0.642105 0.000000
vt 0.178947 0.000000
vt 0.052632 0.000000
vt 0.610526 0.000000
vt 0.631579 0.000000
vt 0.621053 0.000000
vt 0.168421 0.000000
vt 0.063158 0.000000
vt 0.157895 0.000000
vt 0.073684 0.000000
vt 0.147368 0.000000
vt 0.084211 0.000000
vt 0.136842 0.000000
vt 0.094737 0.000000
vt 0.126316 0.000000
vt 0.105263 0.000000
vt 0.115789 0.000000
vt 0.666667 0.000000
vt 0.333333 0.000000
vt 0.941176 0.000000
vt 0.980392 0.000000
vt 0.960784 0.000000
vt 0.431373 0.000000
vt 0.470588 0.000000
vt 0.450980 0.000000
vt 0.490196 0.000000
vt 0.411765 0.000000
vt 0.509804 0.000000
vt 0.392157 0.000000
vt 0.529412 0.000000
vt 0.372549 0.000000
vt 0.549020 0.000000
vt 0.352941 0.000000
vt 0.568627 0.000000
vt 0.588235 0.000000
vt 0.313726 0.000000
vt 0.607843 0.000000
vt 0.294118 0.000000
vt 0.627451 0.000000
vt 0.274510 0.000000
vt 0.647059 0.000000
vt 0.254902 0.000000
vt 0.235294 0.000000
vt 0.686275 0.000000
vt 0.215686 0.000000
vt 0.196078 0.000000
vt 0.705882 0.000000
vt 0.176471 0.000000
vt 0.725490 0.000000
vt 0.156863 0.000000
vt 0.745098 0.000000
vt 0.137255 0.000000
vt 0.764706 0.000000
vt 0.117647 0.000000
vt 0.784314 0.000000
vt 0.098039 0.000000
vt 0.803922 0.000000
vt 0.078431 0.000000
vt 0.823529 0.000000
vt 0.058824 0.000000
vt 0.843137 0.000000
vt 0.039216 0.000000
vt 0.862745 0.000000
vt 0.019608 0.000000
vt 0.882353 0.000000
vt 0.901961 0.000000
vt 0.921569 0.000000
vt 0.300000 0.000000
vt 0.500000 0.000000
vt 0.700000 0.000000
vt 0.900000 0.000000
vt 0.100000 0.000000
vt 0.348485 0.000000
vt 0.363636 0.000000
vt 0.356061 0.000000
vt 0.340909 0.000000
vt 0.371212 0.000000
vt 0.378788 0.000000
vt 0.325758 0.000000
vt 0.386364 0.000000
vt 0.318182 0.000000
vt 0.393939 0.000000
vt 0.310606 0.000000
vt 0.401515 0.000000
vt 0.303030 0.000000
vt 0.409091 0.000000
vt 0.295455 0.000000
vt 0.825758 0.000000
vt 0.818182 0.000000
vt 0.810606 0.000000
vt 0.833333 0.000000
vt 0.803030 0.000000
vt 0.416667 0.000000
vt 0.840909 0.000000
vt 0.795455 0.000000
vt 0.848485 0.000000
vt 0.787879 0.000000
vt 0.287879 0.000000
vt 0.856061 0.000000
vt 0.780303 0.000000
vt 0.863636 0.000000
vt 0.772727 0.000000
vt 0.424242 0.000000
vt 0.871212 0.000000
vt 0.280303 0.000000
vt 0.765152 0.000000
vt 0.878788 0.000000
vt 0.757576 0.000000
vt 0.886364 0.000000
vt 0.431818 0.000000
vt 0.272727 0.000000
vt 0.750000 0.000000
vt 0.893939 0.000000
vt 0.742424 0.000000
vt 0.901515 0.000000
vt 0.265152 0.000000
vt 0.439394 0.000000
vt 0.734848 0.000000
vt 0.909091 0.000000
vt 0.727273 0.000000
vt 0.916667 0.000000
vt 0.257576 0.000000
vt 0.446970 0.000000
vt 0.924242 0.000000
vt 0.719697 0.000000
vt 0.712121 0.000000
vt 0.704545 0.000000
vt 0.696970 0.000000
vt 0.250000 0.000000
vt 0.931818 0.000000
vt 0.689394 0.000000
vt 0.681818 0.000000
vt 0.674242 0.000000
vt 0.939394 0.000000
vt 0.454545 0.000000
vt 0.659091 0.000000
vt 0.651515 0.000000
vt 0.946970 0.000000
vt 0.242424 0.000000
vt 0.643939 0.000000
vt 0.636364 0.000000
vt 0.954545 0.000000
vt 0.628788 0.000000
vt 0.962121 0.000000
vt 0.621212 0.000000
vt 0.234848 0.000000
vt 0.613636 0.000000
vt 0.969697 0.000000
vt 0.606061 0.000000
vt 0.462121 0.000000
vt 0.598485 0.000000
vt 0.977273 0.000000
vt 0.590909 0.000000
vt 0.583333 0.000000
vt 0.984848 0.000000
vt 0.575758 0.000000
vt 0.227273 0.000000
vt 0.992424 0.000000
vt 0.568182 0.000000
vt 0.560606 0.000000
vt 0.553030 0.000000
vt 0.219697 0.000000
vt 0.469697 0.000000
vt 0.212121 0.000000
vt 0.204545 0.000000
vt 0.083333 0.000000
vt 0.090909 0.000000
vt 0.075758 0.000000
vt 0.196970 0.000000
vt 0.477273 0.000000
vt 0.098485 0.000000
vt 0.106061 0.000000
vt 0.113636 0.000000
vt 0.189394 0.000000
vt 0.121212 0.000000
vt 0.128788 0.000000
vt 0.136364 0.000000
vt 0.068182 0.000000
vt 0.181818 0.000000
vt 0.143939 0.000000
vt 0.151515 0.000000
vt 0.159091 0.000000
vt 0.174242 0.000000
vt 0.166667 0.000000
vt 0.060606 0.000000
vt 0.484848 0.000000
vt 0.053030 0.000000
vt 0.492424 0.000000
vt 0.045455 0.000000
vt 0.037879 0.000000
vt 0.030303 0.000000
vt 0.022727 0.000000
vt 0.507576 0.000000
vt 0.015152 0.000000
vt 0.007576 0.000000
vt 0.515152 0.000000
vt 0.545455 0.000000
vt 0.522727 0.000000
vt 0.537879 0.000000
vt 0.530303 0.000000
vt 0.467532 0.000000
vt 0.493506 0.000000
vt 0.480519 0.000000
vt 0.506494 0.000000
vt 0.298701 0.000000
vt 0.324675 0.000000
vt 0.311688 0.000000
vt 0.337662 0.000000
vt 0.350649 0.000000
vt 0.376623 0.000000
vt 0.285714 0.000000
vt 0.389610 0.000000
vt 0.402597 0.000000
vt 0.415584 0.000000
vt 0.428571 0.000000
vt 0.441558 0.000000
vt 0.259740 0.000000
vt 0.532468 0.000000
vt 0.519481 0.000000
vt 0.246753 0.000000
vt 0.584416 0.000000
vt 0.571429 0.000000
vt 0.558442 0.000000
vt 0.233766 0.000000
vt 0.623377 0.000000
vt 0.610390 0.000000
vt 0.597403 0.000000
vt 0.220779 0.000000
vt 0.662338 0.000000
vt 0.649351 0.000000
vt 0.675325 0.000000
vt 0.688312 0.000000
vt 0.207792 0.000000
vt 0.701299 0.000000
vt 0.714286 0.000000
vt 0.987013 0.000000
vt 0.194805 0.000000
vt 0.740260 0.000000
vt 0.753247 0.000000
vt 0.766234 0.000000
vt 0.779221 0.000000
vt 0.168831 0.000000
vt 0.792208 0.000000
vt 0.155844 0.000000
vt 0.805195 0.000000
vt 0.142857 0.000000
vt 0.831169 0.000000
vt 0.844156 0.000000
vt 0.129870 0.000000
vt 0.857143 0.000000
vt 0.116883 0.000000
vt 0.870130 0.000000
vt 0.883117 0.000000
vt 0.103896 0.000000
vt 0.896104 0.000000
vt 0.922078 0.000000
vt 0.935065 0.000000
vt 0.948052 0.000000
vt 0.077922 0.000000
vt 0.961039 0.000000
vt 0.974026 0.000000
vt 0.064935 0.000000
vt 0.051948 0.000000
vt 0.038961 0.000000
vt 0.025974 0.000000
vt 0.012987 0.000000
vt 0.336634 0.000000
vt 0.356436 0.000000
vt 0.346535 0.000000
vt 0.366337 0.000000
vt 0.376238 0.000000
vt 0.386139 0.000000
vt 0.326733 0.000000
vt 0.396040 0.000000
vt 0.405941 0.000000
vt 0.415842 0.000000
vt 0.316832 0.000000
vt 0.425743 0.000000
vt 0.435644 0.000000
vt 0.306931 0.000000
vt 0.445545 0.000000
vt 0.455446 0.000000
vt 0.297030 0.000000
vt 0.465347 0.000000
vt 0.574257 0.000000
vt 0.564356 0.000000
vt 0.554455 0.000000
vt 0.544554 0.000000
vt 0.534653 0.000000
vt 0.524752 0.000000
vt 0.514852 0.000000
vt 0.504951 0.000000
vt 0.495050 0.000000
vt 0.485149 0.000000
vt 0.475248 0.000000
vt 0.287129 0.000000
vt 0.594059 0.000000
vt 0.584158 0.000000
vt 0.603960 0.000000
vt 0.613861 0.000000
vt 0.623762 0.000000
vt 0.277228 0.000000
vt 0.633663 0.000000
vt 0.643564 0.000000
vt 0.267327 0.000000
vt 0.653465 0.000000
vt 0.663366 0.000000
vt 0.257426 0.000000
vt 0.673267 0.000000
vt 0.247525 0.000000
vt 0.683168 0.000000
vt 0.693069 0.000000
vt 0.237624 0.000000
vt 0.702970 0.000000
vt 0.227723 0.000000
vt 0.712871 0.000000
vt 0.722772 0.000000
vt 0.217822 0.000000
vt 0.970297 0.000000
vt 0.990099 0.000000
vt 0.980198 0.000000
vt 0.960396 0.000000
vt 0.732673 0.000000
vt 0.207921 0.000000
vt 0.742574 0.000000
vt 0.950495 0.000000
vt 0.198020 0.000000
vt 0.752475 0.000000
vt 0.762376 0.000000
vt 0.188119 0.000000
vt 0.772277 0.000000
vt 0.178218 0.000000
vt 0.782178 0.000000
vt 0.792079 0.000000
vt 0.168317 0.000000
vt 0.801980 0.000000
vt 0.940594 0.000000
vt 0.930693 0.000000
vt 0.920792 0.000000
vt 0.811881 0.000000
vt 0.910891 0.000000
vt 0.900990 0.000000
vt 0.891089 0.000000
vt 0.821782 0.000000
vt 0.158416 0.000000
vt 0.881188 0.000000
vt 0.871287 0.000000
vt 0.861386 0.000000
vt 0.831683 0.000000
vt 0.851485 0.000000
vt 0.841584 0.000000
vt 0.148515 0.000000
vt 0.009901 0.000000
vt 0.138614 0.000000
vt 0.019802 0.000000
vt 0.029703 0.000000
vt 0.128713 0.000000
vt 0.039604 0.000000
vt 0.049505 0.000000
vt 0.059406 0.000000
vt 0.118812 0.000000
vt 0.069307 0.000000
vt 0.079208 0.000000
vt 0.089109 0.000000
vt 0.108911 0.000000
vt 0.099010 0.000000
vt 0.000000 1.000000
vt 0.009804 1.000000
vt 0.009804 0.000000
vt 0.019608 1.000000
vt 0.029412 1.000000
vt 0.029412 0.000000
vt 0.039216 1.000000
vt 0.049020 1.000000
vt 0.049020 0.000000
vt 0.058824 1.000000
vt 0.068627 1.000000
vt 0.068627 0.000000
vt 0.078431 1.000000
vt 0.088235 1.000000
vt 0.088235 0.000000
vt 0.098039 1.000000
vt 0.107843 1.000000
vt 0.107843 0.000000
vt 0.117647 1.000000
vt 0.127451 1.000000
vt 0.127451 0.000000
vt 0.137255 1.000000
vt 0.147059 1.000000
vt 0.147059 0.000000
vt 0.156863 1.000000
vt 0.166667 1.000000
vt 0.176471 1.000000
vt 0.186275 1.000000
vt 0.186275 0.000000
vt 0.196078 1.000000
vt 0.205882 1.000000
vt 0.205882 0.000000
vt 0.215686 1.000000
vt 0.225490 1.000000
vt 0.225490 0.000000
vt 0.235294 1.000000
vt 0.245098 1.000000
vt 0.245098 0.000000
vt 0.254902 1.000000
vt 0.264706 1.000000
vt 0.264706 0.000000
vt 0.274510 1.000000
vt 0.284314 1.000000
vt 0.284314 0.000000
vt 0.294118 1.000000
vt 0.303922 1.000000
vt 0.303922 0.000000
vt 0.313726 1.000000
vt 0.323529 1.000000
vt 0.323529 0.000000
vt 0.333333 1.000000
vt 0.343137 1.000000
vt 0.343137 0.000000
vt 0.352941 1.000000
vt 0.362745 1.000000
vt 0.362745 0.000000
vt 0.372549 1.000000
vt 0.382353 1.000000
vt 0.382353 0.000000
vt 0.392157 1.000000
vt 0.401961 1.000000
vt 0.401961 0.000000
vt 0.411765 1.000000
vt 0.421569 1.000000
vt 0.421569 0.000000
vt 0.431373 1.000000
vt 0.441176 1.000000
vt 0.441176 0.000000
vt 0.450980 1.000000
vt 0.460784 1.000000
vt 0.460784 0.000000
vt 0.470588 1.000000
vt 0.480392 1.000000
vt 0.480392 0.000000
vt 0.490196 1.000000
vt 0.500000 1.000000
vt 0.509804 1.000000
vt 0.519608 1.000000
vt 0.519608 0.000000
vt 0.529412 1.000000
vt 0.539216 1.000000
vt 0.539216 0.000000
vt 0.549020 1.000000
vt 0.558824 1.000000
vt 0.558824 0.000000
vt 0.568627 1.000000
vt 0.578431 1.000000
vt 0.578431 0.000000
vt 0.588235 1.000000
vt 0.598039 1.000000
vt 0.598039 0.000000
vt 0.607843 1.000000
vt 0.617647 1.000000
vt 0.617647 0.000000
vt 0.627451 1.000000
vt 0.637255 1.000000
vt 0.637255 0.000000
vt 0.647059 1.000000
vt 0.656863 1.000000
vt 0.656863 0.000000
vt 0.666667 1.000000
vt 0.676471 1.000000
vt 0.676471 0.000000
vt 0.686275 1.000000
vt 0.696078 1.000000
vt 0.696078 0.000000
vt 0.705882 1.000000
vt 0.715686 1.000000
vt 0.715686 0.000000
vt 0.725490 1.000000
vt 0.735294 1.000000
vt 0.735294 0.000000
vt 0.745098 1.000000
vt 0.754902 1.000000
vt 0.754902 0.000000
vt 0.764706 1.000000
vt 0.774510 1.000000
vt 0.774510 0.000000
vt 0.784314 1.000000
vt 0.794118 1.000000
vt 0.794118 0.000000
vt 0.803922 1.000000
vt 0.813725 1.000000
vt 0.813725 0.000000
vt 0.823529 1.000000
vt 0.833333 1.000000
vt 0.843137 1.000000
vt 0.852941 1.000000
vt 0.852941 0.000000
vt 0.862745 1.000000
vt 0.872549 1.000000
vt 0.872549 0.000000
vt 0.882353 1.000000
vt 0.892157 1.000000
vt 0.892157 0.000000
vt 0.901961 1.000000
vt 0.911765 1.000000
vt 0.911765 0.000000
vt 0.921569 1.000000
vt 0.931373 1.000000
vt 0.931373 0.000000
vt 0.941176 1.000000
vt 0.950980 1.000000
vt 0.950980 0.000000
vt 0.960784 1.000000
vt 0.970588 1.000000
vt 0.970588 0.000000
vt 0.980392 1.000000
vt 0.990196 1.000000
vt 0.990196 0.000000
vt 1.000000 1.000000
vt 0.020833 1.000000
vt 0.020833 0.000000
vt 0.041667 1.000000
vt 0.041667 0.000000
vt 0.062500 1.000000
vt 0.062500 0.000000
vt 0.083333 1.000000
vt 0.104167 1.000000
vt 0.104167 0.000000
vt 0.125000 1.000000
vt 0.125000 0.000000
vt 0.145833 1.000000
vt 0.145833 0.000000
vt 0.187500 1.000000
vt 0.187500 0.000000
vt 0.208333 1.000000
vt 0.208333 0.000000
vt 0.229167 1.000000
vt 0.229167 0.000000
vt 0.250000 1.000000
vt 0.270833 1.000000
vt 0.270833 0.000000
vt 0.291667 1.000000
vt 0.291667 0.000000
vt 0.312500 1.000000
vt 0.312500 0.000000
vt 0.354167 1.000000
vt 0.354167 0.000000
vt 0.375000 1.000000
vt 0.375000 0.000000
vt 0.395833 1.000000
vt 0.395833 0.000000
vt 0.416667 1.000000
vt 0.437500 1.000000
vt 0.437500 0.000000
vt 0.458333 1.000000
vt 0.458333 0.000000
vt 0.479167 1.000000
vt 0.479167 0.000000
vt 0.520833 1.000000
vt 0.520833 0.000000
vt 0.541667 1.000000
vt 0.541667 0.000000
vt 0.562500 1.000000
vt 0.562500 0.000000
vt 0.583333 1.000000
vt 0.604167 1.000000
vt 0.604167 0.000000
vt 0.625000 1.000000
vt 0.625000 0.000000
vt 0.645833 1.000000
vt 0.645833 0.000000
vt 0.687500 1.000000
vt 0.687500 0.000000
vt 0.708333 1.000000
vt 0.708333 0.000000
vt 0.729167 1.000000
vt 0.729167 0.000000
vt 0.750000 1.000000
vt 0.770833 1.000000
vt 0.770833 0.000000
vt 0.791667 1.000000
vt 0.791667 0.000000
vt 0.812500 1.000000
vt 0.812500 0.000000
vt 0.854167 1.000000
vt 0.854167 0.000000
vt 0.875000 1.000000
vt 0.875000 0.000000
vt 0.895833 1.000000
vt 0.895833 0.000000
vt 0.916667 1.000000
vt 0.937500 1.000000
vt 0.937500 0.000000
vt 0.958333 1.000000
vt 0.958333 0.000000
vt 0.979167 1.000000
vt 0.979167 0.000000
vt 0.025000 1.000000
vt 0.025000 0.000000
vt 0.050000 1.000000
vt 0.050000 0.000000
vt 0.075000 1.000000
vt 0.075000 0.000000
vt 0.100000 1.000000
vt 0.150000 1.000000
vt 0.150000 0.000000
vt 0.175000 1.000000
vt 0.175000 0.000000
vt 0.200000 1.000000
vt 0.225000 1.000000
vt 0.225000 0.000000
vt 0.275000 1.000000
vt 0.275000 0.000000
vt 0.300000 1.000000
vt 0.325000 1.000000
vt 0.325000 0.000000
vt 0.350000 1.000000
vt 0.350000 0.000000
vt 0.400000 1.000000
vt 0.425000 1.000000
vt 0.425000 0.000000
vt 0.450000 1.000000
vt 0.450000 0.000000
vt 0.475000 1.000000
vt 0.475000 0.000000
vt 0.525000 1.000000
vt 0.525000 0.000000
vt 0.550000 1.000000
vt 0.550000 0.000000
vt 0.575000 1.000000
vt 0.575000 0.000000
vt 0.600000 1.000000
vt 0.650000 1.000000
vt 0.650000 0.000000
vt 0.675000 1.000000
vt 0.675000 0.000000
vt 0.700000 1.000000
vt 0.725000 1.000000
vt 0.725000 0.000000
vt 0.775000 1.000000
vt 0.775000 0.000000
vt 0.800000 1.000000
vt 0.825000 1.000000
vt 0.825000 0.000000
vt 0.850000 1.000000
vt 0.850000 0.000000
vt 0.900000 1.000000
vt 0.925000 1.000000
vt 0.925000 0.000000
vt 0.950000 1.000000
vt 0.950000 0.000000
vt 0.975000 1.000000
vt 0.975000 0.000000
vt 0.026316 1.000000
vt 0.026316 0.000000
vt 0.052632 1.000000
vt 0.078947 1.000000
vt 0.078947 0.000000
vt 0.105263 1.000000
vt 0.131579 1.000000
vt 0.131579 0.000000
vt 0.157895 1.000000
vt 0.184211 1.000000
vt 0.184211 0.000000
vt 0.210526 1.000000
vt 0.236842 1.000000
vt 0.236842 0.000000
vt 0.263158 1.000000
vt 0.289474 1.000000
vt 0.289474 0.000000
vt 0.315789 1.000000
vt 0.342105 1.000000
vt 0.342105 0.000000
vt 0.368421 1.000000
vt 0.394737 1.000000
vt 0.394737 0.000000
vt 0.421053 1.000000
vt 0.447368 1.000000
vt 0.447368 0.000000
vt 0.473684 1.000000
vt 0.526316 1.000000
vt 0.552632 1.000000
vt 0.552632 0.000000
vt 0.578947 1.000000
vt 0.605263 1.000000
vt 0.605263 0.000000
vt 0.631579 1.000000
vt 0.657895 1.000000
vt 0.657895 0.000000
vt 0.684211 1.000000
vt 0.710526 1.000000
vt 0.710526 0.000000
vt 0.736842 1.000000
vt 0.763158 1.000000
vt 0.763158 0.000000
vt 0.789474 1.000000
vt 0.815789 1.000000
vt 0.815789 0.000000
vt 0.842105 1.000000
vt 0.868421 1.000000
vt 0.868421 0.000000
vt 0.894737 1.000000
vt 0.921053 1.000000
vt 0.921053 0.000000
vt 0.947368 1.000000
vt 0.973684 1.000000
vt 0.973684 0.000000
vt 0.013699 1.000000
vt 0.013699 0.000000
vt 0.027397 1.000000
vt 0.027397 0.000000
vt 0.041096 1.000000
vt 0.041096 0.000000
vt 0.054795 1.000000
vt 0.054795 0.000000
vt 0.068493 1.000000
vt 0.068493 0.000000
vt 0.082192 1.000000
vt 0.082192 0.000000
vt 0.095890 1.000000
vt 0.095890 0.000000
vt 0.109589 1.000000
vt 0.109589 0.000000
vt 0.123288 1.000000
vt 0.123288 0.000000
vt 0.136986 1.000000
vt 0.136986 0.000000
vt 0.150685 1.000000
vt 0.150685 0.000000
vt 0.164384 1.000000
vt 0.164384 0.000000
vt 0.178082 1.000000
vt 0.178082 0.000000
vt 0.191781 1.000000
vt 0.191781 0.000000
vt 0.205479 1.000000
vt 0.205479 0.000000
vt 0.219178 1.000000
vt 0.219178 0.000000
vt 0.232877 1.000000
vt 0.232877 0.000000
vt 0.246575 1.000000
vt 0.246575 0.000000
vt 0.260274 1.000000
vt 0.260274 0.000000
vt 0.273973 1.000000
vt 0.273973 0.000000
vt 0.287671 1.000000
vt 0.287671 0.000000
vt 0.301370 1.000000
vt 0.301370 0.000000
vt 0.315068 1.000000
vt 0.315068 0.000000
vt 0.328767 1.000000
vt 0.328767 0.000000
vt 0.342466 1.000000
vt 0.342466 0.000000
vt 0.356164 1.000000
vt 0.356164 0.000000
vt 0.369863 1.000000
vt 0.369863 0.000000
vt 0.383562 1.000000
vt 0.383562 0.000000
vt 0.397260 1.000000
vt 0.397260 0.000000
vt 0.410959 1.000000
vt 0.410959 0.000000
vt 0.424658 1.000000
vt 0.424658 0.000000
vt 0.438356 1.000000
vt 0.438356 0.000000
vt 0.452055 1.000000
vt 0.452055 0.000000
vt 0.465753 1.000000
vt 0.465753 0.000000
vt 0.479452 1.000000
vt 0.479452 0.000000
vt 0.493151 1.000000
vt 0.493151 0.000000
vt 0.506849 1.000000
vt 0.506849 0.000000
vt 0.520548 1.000000
vt 0.520548 0.000000
vt 0.534247 1.000000
vt 0.534247 0.000000
vt 0.547945 1.000000
vt 0.547945 0.000000
vt 0.561644 1.000000
vt 0.561644 0.000000
vt 0.575342 1.000000
vt 0.575342 0.000000
vt 0.589041 1.000000
vt 0.589041 0.000000
vt 0.602740 1.000000
vt 0.602740 0.000000
vt 0.616438 1.000000
vt 0.616438 0.000000
vt 0.630137 1.000000
vt 0.630137 0.000000
vt 0.643836 1.000000
vt 0.643836 0.000000
vt 0.657534 1.000000
vt 0.657534 0.000000
vt 0.671233 1.000000
vt 0.671233 0.000000
vt 0.684932 1.000000
vt 0.684932 0.000000
vt 0.698630 1.000000
vt 0.698630 0.000000
vt 0.712329 1.000000
vt 0.712329 0.000000
vt 0.726027 1.000000
vt 0.726027 0.000000
vt 0.739726 1.000000
vt 0.739726 0.000000
vt 0.753425 1.000000
vt 0.753425 0.000000
vt 0.767123 1.000000
vt 0.767123 0.000000
vt 0.780822 1.000000
vt 0.780822 0.000000
vt 0.794521 1.000000
vt 0.794521 0.000000
vt 0.808219 1.000000
vt 0.808219 0.000000
vt 0.821918 1.000000
vt 0.821918 0.000000
vt 0.835616 1.000000
vt 0.835616 0.000000
vt 0.849315 1.000000
vt 0.849315 0.000000
vt 0.863014 1.000000
vt 0.863014 0.000000
vt 0.876712 1.000000
vt 0.876712 0.000000
vt 0.890411 1.000000
vt 0.890411 0.000000
vt 0.904110 1.000000
vt 0.904110 0.000000
vt 0.917808 1.000000
vt 0.917808 0.000000
vt 0.931507 1.000000
vt 0.931507 0.000000
vt 0.945205 1.000000
vt 0.945205 0.000000
vt 0.958904 1.000000
vt 0.958904 0.000000
vt 0.972603 1.000000
vt 0.972603 0.000000
vt 0.986301 1.000000
vt 0.986301 0.000000
vt 0.016667 1.000000
vt 0.016667 0.000000
vt 0.033333 1.000000
vt 0.033333 0.000000
vt 0.066667 1.000000
vt 0.066667 0.000000
vt 0.116667 1.000000
vt 0.116667 0.000000
vt 0.133333 1.000000
vt 0.133333 0.000000
vt 0.183333 1.000000
vt 0.183333 0.000000
vt 0.216667 1.000000
vt 0.216667 0.000000
vt 0.233333 1.000000
vt 0.233333 0.000000
vt 0.266667 1.000000
vt 0.266667 0.000000
vt 0.283333 1.000000
vt 0.283333 0.000000
vt 0.316667 1.000000
vt 0.316667 0.000000
vt 0.366667 1.000000
vt 0.366667 0.000000
vt 0.383333 1.000000
vt 0.383333 0.000000
vt 0.433333 1.000000
vt 0.433333 0.000000
vt 0.466667 1.000000
vt 0.466667 0.000000
vt 0.483333 1.000000
vt 0.483333 0.000000
vt 0.516667 1.000000
vt 0.516667 0.000000
vt 0.533333 1.000000
vt 0.533333 0.000000
vt 0.566667 1.000000
vt 0.566667 0.000000
vt 0.616667 1.000000
vt 0.616667 0.000000
vt 0.633333 1.000000
vt 0.633333 0.000000
vt 0.683333 1.000000
vt 0.683333 0.000000
vt 0.716667 1.000000
vt 0.716667 0.000000
vt 0.733333 1.000000
vt 0.733333 0.000000
vt 0.766667 1.000000
vt 0.766667 0.000000
vt 0.783333 1.000000
vt 0.783333 0.000000
vt 0.816667 1.000000
vt 0.816667 0.000000
vt 0.866667 1.000000
vt 0.866667 0.000000
vt 0.883333 1.000000
vt 0.883333 0.000000
vt 0.933333 1.000000
vt 0.933333 0.000000
vt 0.966667 1.000000
vt 0.966667 0.000000
vt 0.983333 1.000000
vt 0.983333 0.000000
vt 0.090909 1.000000
vt 0.181818 1.000000
vt 0.272727 1.000000
vt 0.363636 1.000000
vt 0.454545 1.000000
vt 0.545455 1.000000
vt 0.636364 1.000000
vt 0.727273 1.000000
vt 0.818182 1.000000
vt 0.909091 1.000000
s 0
usemtl Material.002
f 2786/2763/534 2788/2764/534 2787/2765/534
f 2786/2763/534 2789/2766/534 2788/2764/534
f 2785/2767/534 2789/2766/534 2786/2763/534
f 2785/2767/534 2790/2768/534 2789/2766/534
f 2784/2769/534 2790/2768/534 2785/2767/534
f 2784/2769/534 2791/2770/534 2790/2768/534
f 2783/2771/534 2791/2770/534 2784/2769/534
f 2783/2771/534 2792/2772/534 2791/2770/534
f 2782/2773/534 2792/2772/534 2783/2771/534
f 2782/2773/534 2793/2774/534 2792/2772/534
f 2781/2775/534 2793/2774/534 2782/2773/534
f 2781/2775/534 2794/2776/534 2793/2774/534
f 2780/2777/534 2835/2778/534 2781/2775/534
f 2835/2778/534 2794/2776/534 2781/2775/534
f 2780/2777/534 2836/2779/534 2835/2778/534
f 2834/2780/534 2794/2776/534 2835/2778/534
f 2780/2777/534 2837/2781/534 2836/2779/534
f 2833/2782/534 2794/2776/534 2834/2780/534
f 2780/2777/534 2838/2783/534 2837/2781/534
f 2832/2784/534 2794/2776/534 2833/2782/534
f 2832/2784/534 2795/2785/534 2794/2776/534
f 2779/2786/534 2838/2783/534 2780/2777/534
f 2779/2786/534 2839/2787/534 2838/2783/534
f 2831/2788/534 2795/2785/534 2832/2784/534
f 2779/2786/534 2840/2789/534 2839/2787/534
f 2830/2790/534 2795/2785/534 2831/2788/534
f 2779/2786/534 2841/2791/534 2840/2789/534
f 2829/2792/534 2795/2785/534 2830/2790/534
f 2829/2792/534 2796/2793/534 2795/2785/534
f 2778/2794/534 2841/2791/534 2779/2786/534
f 2778/2794/534 2842/2795/534 2841/2791/534
f 2828/2796/534 2796/2793/534 2829/2792/534
f 2778/2794/534 2843/2797/534 2842/2795/534
f 2827/2798/534 2796/2793/534 2828/2796/534
f 2827/2798/534 2797/2799/534 2796/2793/534
f 2777/2800/534 2843/2797/534 2778/2794/534
f 2777/2800/534 2844/2801/534 2843/2797/534
f 2826/2802/534 2797/2799/534 2827/2798/534
f 2826/2802/534 2798/2803/534 2797/2799/534
f 2776/2804/534 2844/2801/534 2777/2800/534
f 2776/2804/534 2845/2805/534 2844/2801/534
f 2825/2806/534 2798/2803/534 2826/2802/534
f 2776/2804/534 2846/2807/534 2845/2805/534
f 2824/2808/534 2798/2803/534 2825/2806/534
f 2824/2808/534 2799/2809/534 2798/2803/534
f 2775/2810/534 2846/2807/534 2776/2804/534
f 2775/2810/534 2847/2811/534 2846/2807/534
f 2823/2812/534 2799/2809/534 2824/2808/534
f 2774/2813/534 2847/2811/534 2775/2810/534
f 2774/2813/534 2800/2814/534 2847/2811/534
f 2823/2812/534 2752/2815/534 2799/2809/534
f 2822/2816/534 2752/2815/534 2823/2812/534
f 2774/2813/534 2801/2817/534 2800/2814/534
f 2821/2818/534 2752/2815/534 2822/2816/534
f 2773/2819/534 2801/2817/534 2774/2813/534
f 2821/2818/534 2753/2820/534 2752/2815/534
f 2773/2819/534 2802/2821/534 2801/2817/534
f 2820/2822/534 2753/2820/534 2821/2818/534
f 2773/2819/534 2803/2823/534 2802/2821/534
f 2772/2824/534 2803/2823/534 2773/2819/534
f 2819/2825/534 2753/2820/534 2820/2822/534
f 2819/2825/534 2754/2826/534 2753/2820/534
f 2772/2824/534 2804/2827/534 2803/2823/534
f 2818/2828/534 2754/2826/534 2819/2825/534
f 2771/2829/534 2804/2827/534 2772/2824/534
f 2818/2828/534 2755/2830/534 2754/2826/534
f 2771/2829/534 2805/2831/534 2804/2827/534
f 2817/2832/534 2755/2830/534 2818/2828/534
f 2771/2829/534 2806/2833/534 2805/2831/534
f 2816/2834/534 2755/2830/534 2817/2832/534
f 2770/2835/534 2806/2833/534 2771/2829/534
f 2816/2834/534 2756/2836/534 2755/2830/534
f 2770/2835/534 2807/2837/534 2806/2833/534
f 2815/2838/534 2756/2836/534 2816/2834/534
f 2770/2835/534 2808/2839/534 2807/2837/534
f 2814/2840/534 2756/2836/534 2815/2838/534
f 2770/2835/534 2809/2841/534 2808/2839/534
f 2813/2842/534 2756/2836/534 2814/2840/534
f 2769/2843/534 2809/2841/534 2770/2835/534
f 2813/2842/534 2757/2844/534 2756/2836/534
f 2769/2843/534 2810/2845/534 2809/2841/534
f 2812/2846/534 2757/2844/534 2813/2842/534
f 2769/2843/534 2811/2847/534 2810/2845/534
f 2811/2847/534 2757/2844/534 2812/2846/534
f 2769/2843/534 2757/2844/534 2811/2847/534
f 2768/2848/534 2757/2844/534 2769/2843/534
f 2768/2848/534 2758/2849/534 2757/2844/534
f 2767/2850/534 2758/2849/534 2768/2848/534
f 2767/2850/534 2759/2851/534 2758/2849/534
f 2766/2852/534 2759/2851/534 2767/2850/534
f 2766/2852/534 2760/2853/534 2759/2851/534
f 2765/2854/534 2760/2853/534 2766/2852/534
f 2765/2854/534 2761/2855/534 2760/2853/534
f 2764/2856/534 2761/2855/534 2765/2854/534
f 2764/2856/534 2762/2857/534 2761/2855/534
f 2763/2858/534 2762/2857/534 2764/2856/534
f 2848/2815/534 2850/2859/534 2849/2860/534
f 2848/2815/534 2851/2811/534 2850/2859/534
f 2900/2861/534 2902/2862/534 2901/2863/534
f 2900/2861/534 2903/2811/534 2902/2862/534
f 2874/2864/534 2876/2865/534 2875/2866/534
f 2874/2864/534 2877/2867/534 2876/2865/534
f 2873/2868/534 2877/2867/534 2874/2864/534
f 2873/2868/534 2878/2869/534 2877/2867/534
f 2872/2870/534 2878/2869/534 2873/2868/534
f 2872/2870/534 2879/2871/534 2878/2869/534
f 2871/2872/534 2879/2871/534 2872/2870/534
f 2871/2872/534 2880/2873/534 2879/2871/534
f 2870/2874/534 2880/2873/534 2871/2872/534
f 2870/2874/534 2881/2875/534 2880/2873/534
f 2869/2860/534 2881/2875/534 2870/2874/534
f 2869/2860/534 2882/2876/534 2881/2875/534
f 2868/2877/534 2882/2876/534 2869/2860/534
f 2868/2877/534 2883/2878/534 2882/2876/534
f 2867/2879/534 2883/2878/534 2868/2877/534
f 2867/2879/534 2884/2880/534 2883/2878/534
f 2866/2881/534 2884/2880/534 2867/2879/534
f 2866/2881/534 2885/2882/534 2884/2880/534
f 2865/2883/534 2885/2882/534 2866/2881/534
f 2865/2883/534 2886/2859/534 2885/2882/534
f 2864/2884/534 2886/2859/534 2865/2883/534
f 2864/2884/534 2887/2885/534 2886/2859/534
f 2863/2886/534 2887/2885/534 2864/2884/534
f 2862/2887/534 2887/2885/534 2863/2886/534
f 2862/2887/534 2888/2888/534 2887/2885/534
f 2861/2889/534 2888/2888/534 2862/2887/534
f 2861/2889/534 2889/2890/534 2888/2888/534
f 2860/2891/534 2889/2890/534 2861/2889/534
f 2860/2891/534 2890/2892/534 2889/2890/534
f 2859/2893/534 2890/2892/534 2860/2891/534
f 2859/2893/534 2891/2894/534 2890/2892/534
f 2858/2895/534 2891/2894/534 2859/2893/534
f 2858/2895/534 2892/2896/534 2891/2894/534
f 2857/2897/534 2892/2896/534 2858/2895/534
f 2857/2897/534 2893/2898/534 2892/2896/534
f 2856/2899/534 2893/2898/534 2857/2897/534
f 2856/2899/534 2894/2900/534 2893/2898/534
f 2855/2901/534 2894/2900/534 2856/2899/534
f 2855/2901/534 2895/2902/534 2894/2900/534
f 2854/2903/534 2895/2902/534 2855/2901/534
f 2854/2903/534 2896/2904/534 2895/2902/534
f 2853/2905/534 2896/2904/534 2854/2903/534
f 2853/2905/534 2897/2906/534 2896/2904/534
f 2852/2815/534 2897/2906/534 2853/2905/534
f 2852/2815/534 2898/2907/534 2897/2906/534
f 2899/2908/534 2898/2907/534 2852/2815/534
f 2907/2909/534 2909/2910/534 2908/2768/534
f 2907/2909/534 2910/2841/534 2909/2910/534
f 2910/2841/534 2912/2796/534 2911/2911/534
f 2910/2841/534 2913/2912/534 2912/2796/534
f 2907/2909/534 2905/2913/534 2910/2841/534
f 2905/2913/534 2913/2912/534 2910/2841/534
f 2905/2913/534 2914/2811/534 2913/2912/534
f 2907/2909/534 2906/2829/534 2905/2913/534
f 2904/2815/534 2914/2811/534 2905/2913/534
f 2915/2815/534 2917/2859/534 2916/2860/534
f 2915/2815/534 2918/2811/534 2917/2859/534
f 2965/2914/534 2967/2915/534 2966/2916/534
f 2964/2917/534 2967/2915/534 2965/2914/534
f 2964/2917/534 2968/2918/534 2967/2915/534
f 2963/2860/534 2968/2918/534 2964/2917/534
f 2963/2860/534 2969/2919/534 2968/2918/534
f 2962/2920/534 2969/2919/534 2963/2860/534
f 2962/2920/534 2970/2921/534 2969/2919/534
f 2961/2922/534 2970/2921/534 2962/2920/534
f 2961/2922/534 2971/2923/534 2970/2921/534
f 2960/2924/534 2971/2923/534 2961/2922/534
f 2960/2924/534 2972/2925/534 2971/2923/534
f 2959/2926/534 2972/2925/534 2960/2924/534
f 2959/2926/534 2973/2927/534 2972/2925/534
f 2958/2928/534 3028/2929/534 2959/2926/534
f 3028/2929/534 3027/2930/534 2959/2926/534
f 3027/2930/534 2973/2927/534 2959/2926/534
f 3026/2931/534 2973/2927/534 3027/2930/534
f 2958/2928/534 3029/2932/534 3028/2929/534
f 3025/2933/534 2973/2927/534 3026/2931/534
f 3025/2933/534 2974/2934/534 2973/2927/534
f 2958/2928/534 3030/2935/534 3029/2932/534
f 3024/2936/534 2974/2934/534 3025/2933/534
f 2958/2928/534 3031/2937/534 3030/2935/534
f 3023/2938/534 2974/2934/534 3024/2936/534
f 2957/2939/534 3031/2937/534 2958/2928/534
f 2957/2939/534 3032/2940/534 3031/2937/534
f 3022/2941/534 2974/2934/534 3023/2938/534
f 2957/2939/534 3033/2942/534 3032/2940/534
f 3021/2943/534 2974/2934/534 3022/2941/534
f 3021/2943/534 2975/2944/534 2974/2934/534
f 2957/2939/534 3034/2945/534 3033/2942/534
f 2956/2946/534 3034/2945/534 2957/2939/534
f 3020/2947/534 2975/2944/534 3021/2943/534
f 2956/2946/534 3035/2948/534 3034/2945/534
f 3019/2949/534 2975/2944/534 3020/2947/534
f 2956/2946/534 3036/2950/534 3035/2948/534
f 3019/2949/534 2976/2951/534 2975/2944/534
f 2955/2952/534 3036/2950/534 2956/2946/534
f 3018/2953/534 2976/2951/534 3019/2949/534
f 2955/2952/534 3037/2954/534 3036/2950/534
f 3017/2955/534 2976/2951/534 3018/2953/534
f 2955/2952/534 3038/2956/534 3037/2954/534
f 2954/2957/534 3038/2956/534 2955/2952/534
f 3017/2955/534 2977/2958/534 2976/2951/534
f 3016/2959/534 2977/2958/534 3017/2955/534
f 2954/2957/534 3039/2960/534 3038/2956/534
f 3015/2961/534 2977/2958/534 3016/2959/534
f 2954/2957/534 3040/2962/534 3039/2960/534
f 2953/2963/534 3040/2962/534 2954/2957/534
f 3015/2961/534 2978/2964/534 2977/2958/534
f 2953/2963/534 3041/2965/534 3040/2962/534
f 3014/2966/534 2978/2964/534 3015/2961/534
f 3013/2967/534 2978/2964/534 3014/2966/534
f 3012/2968/534 2978/2964/534 3013/2967/534
f 3011/2969/534 2978/2964/534 3012/2968/534
f 2952/2970/534 3041/2965/534 2953/2963/534
f 2952/2970/534 3042/2971/534 3041/2965/534
f 3010/2972/534 2978/2964/534 3011/2969/534
f 3009/2973/534 2978/2964/534 3010/2972/534
f 3008/2974/534 2978/2964/534 3009/2973/534
f 2952/2970/534 3043/2975/534 3042/2971/534
f 3007/2859/534 2978/2964/534 3008/2974/534
f 3007/2859/534 2979/2976/534 2978/2964/534
f 3006/2977/534 2979/2976/534 3007/2859/534
f 3005/2978/534 2979/2976/534 3006/2977/534
f 2952/2970/534 3044/2979/534 3043/2975/534
f 2951/2980/534 3044/2979/534 2952/2970/534
f 3004/2981/534 2979/2976/534 3005/2978/534
f 3003/2982/534 2979/2976/534 3004/2981/534
f 2951/2980/534 3045/2983/534 3044/2979/534
f 3002/2984/534 2979/2976/534 3003/2982/534
f 2951/2980/534 3046/2985/534 3045/2983/534
f 3001/2986/534 2979/2976/534 3002/2984/534
f 2950/2987/534 3046/2985/534 2951/2980/534
f 3000/2988/534 2979/2976/534 3001/2986/534
f 2950/2987/534 3047/2989/534 3046/2985/534
f 2999/2990/534 2979/2976/534 3000/2988/534
f 2999/2990/534 2980/2991/534 2979/2976/534
f 2998/2992/534 2980/2991/534 2999/2990/534
f 2950/2987/534 3048/2993/534 3047/2989/534
f 2997/2994/534 2980/2991/534 2998/2992/534
f 2996/2995/534 2980/2991/534 2997/2994/534
f 2950/2987/534 3049/2996/534 3048/2993/534
f 2995/2997/534 2980/2991/534 2996/2995/534
f 2949/2998/534 3049/2996/534 2950/2987/534
f 2949/2998/534 3050/2999/534 3049/2996/534
f 2994/3000/534 2980/2991/534 2995/2997/534
f 2993/3001/534 2980/2991/534 2994/3000/534
f 2949/2998/534 3051/2811/534 3050/2999/534
f 2992/3002/534 2980/2991/534 2993/3001/534
f 3051/2811/534 2980/2991/534 2992/3002/534
f 2949/2998/534 2980/2991/534 3051/2811/534
f 2948/3003/534 2980/2991/534 2949/2998/534
f 2948/3003/534 2981/3004/534 2980/2991/534
f 2947/3005/534 2981/3004/534 2948/3003/534
f 2946/3006/534 2930/3007/534 2947/3005/534
f 2930/3007/534 2981/3004/534 2947/3005/534
f 2946/3006/534 2931/3008/534 2930/3007/534
f 2929/3009/534 2981/3004/534 2930/3007/534
f 2945/3010/534 2931/3008/534 2946/3006/534
f 2929/3009/534 2982/3011/534 2981/3004/534
f 2945/3010/534 2932/3012/534 2931/3008/534
f 2945/3010/534 2933/3013/534 2932/3012/534
f 2945/3010/534 2934/3014/534 2933/3013/534
f 2944/3015/534 2934/3014/534 2945/3010/534
f 2944/3015/534 2935/3016/534 2934/3014/534
f 2944/3015/534 2936/3017/534 2935/3016/534
f 2944/3015/534 2937/3018/534 2936/3017/534
f 2928/3019/534 2982/3011/534 2929/3009/534
f 2943/3020/534 2937/3018/534 2944/3015/534
f 2943/3020/534 2938/3021/534 2937/3018/534
f 2943/3020/534 2939/3022/534 2938/3021/534
f 2943/3020/534 2940/3023/534 2939/3022/534
f 2942/3024/534 2940/3023/534 2943/3020/534
f 2942/3024/534 2941/3025/534 2940/3023/534
f 2927/3026/534 2982/3011/534 2928/3019/534
f 2927/3026/534 2983/3027/534 2982/3011/534
f 2926/3028/534 2983/3027/534 2927/3026/534
f 2926/3028/534 2984/3029/534 2983/3027/534
f 2925/3030/534 2984/3029/534 2926/3028/534
f 2924/3031/534 2984/3029/534 2925/3030/534
f 2924/3031/534 2985/2910/534 2984/3029/534
f 2923/3032/534 2985/2910/534 2924/3031/534
f 2922/3033/534 2985/2910/534 2923/3032/534
f 2922/3033/534 2986/3034/534 2985/2910/534
f 2921/3035/534 2986/3034/534 2922/3033/534
f 2920/3036/534 2986/3034/534 2921/3035/534
f 2920/3036/534 2987/3037/534 2986/3034/534
f 2919/2815/534 2987/3037/534 2920/3036/534
f 2991/3038/534 2987/3037/534 2919/2815/534
f 2991/3038/534 2988/3039/534 2987/3037/534
f 2990/3040/534 2988/3039/534 2991/3038/534
f 2990/3040/534 2989/3041/534 2988/3039/534
f 3098/2914/534 3100/2915/534 3099/2916/534
f 3097/2917/534 3100/2915/534 3098/2914/534
f 3097/2917/534 3101/2918/534 3100/2915/534
f 3096/2860/534 3101/2918/534 3097/2917/534
f 3096/2860/534 3102/2919/534 3101/2918/534
f 3095/2920/534 3102/2919/534 3096/2860/534
f 3095/2920/534 3103/2921/534 3102/2919/534
f 3094/2922/534 3103/2921/534 3095/2920/534
f 3094/2922/534 3104/2923/534 3103/2921/534
f 3093/2924/534 3104/2923/534 3094/2922/534
f 3093/2924/534 3105/2925/534 3104/2923/534
f 3092/2926/534 3105/2925/534 3093/2924/534
f 3092/2926/534 3106/2927/534 3105/2925/534
f 3091/2928/534 3161/2929/534 3092/2926/534
f 3161/2929/534 3160/2930/534 3092/2926/534
f 3160/2930/534 3106/2927/534 3092/2926/534
f 3159/2931/534 3106/2927/534 3160/2930/534
f 3091/2928/534 3162/2932/534 3161/2929/534
f 3158/2933/534 3106/2927/534 3159/2931/534
f 3158/2933/534 3107/2934/534 3106/2927/534
f 3091/2928/534 3163/2935/534 3162/2932/534
f 3157/2936/534 3107/2934/534 3158/2933/534
f 3091/2928/534 3164/2937/534 3163/2935/534
f 3156/2938/534 3107/2934/534 3157/2936/534
f 3090/2939/534 3164/2937/534 3091/2928/534
f 3090/2939/534 3165/2940/534 3164/2937/534
f 3155/2941/534 3107/2934/534 3156/2938/534
f 3090/2939/534 3166/2942/534 3165/2940/534
f 3154/2943/534 3107/2934/534 3155/2941/534
f 3154/2943/534 3108/2944/534 3107/2934/534
f 3090/2939/534 3167/2945/534 3166/2942/534
f 3089/2946/534 3167/2945/534 3090/2939/534
f 3153/2947/534 3108/2944/534 3154/2943/534
f 3089/2946/534 3168/2948/534 3167/2945/534
f 3152/2949/534 3108/2944/534 3153/2947/534
f 3089/2946/534 3169/2950/534 3168/2948/534
f 3152/2949/534 3109/2951/534 3108/2944/534
f 3088/2952/534 3169/2950/534 3089/2946/534
f 3151/2953/534 3109/2951/534 3152/2949/534
f 3088/2952/534 3170/2954/534 3169/2950/534
f 3150/2955/534 3109/2951/534 3151/2953/534
f 3088/2952/534 3171/2956/534 3170/2954/534
f 3087/2957/534 3171/2956/534 3088/2952/534
f 3150/2955/534 3110/2958/534 3109/2951/534
f 3149/2959/534 3110/2958/534 3150/2955/534
f 3087/2957/534 3172/2960/534 3171/2956/534
f 3148/2961/534 3110/2958/534 3149/2959/534
f 3087/2957/534 3173/2962/534 3172/2960/534
f 3086/2963/534 3173/2962/534 3087/2957/534
f 3148/2961/534 3111/2964/534 3110/2958/534
f 3086/2963/534 3174/2965/534 3173/2962/534
f 3147/2966/534 3111/2964/534 3148/2961/534
f 3146/2967/534 3111/2964/534 3147/2966/534
f 3145/2968/534 3111/2964/534 3146/2967/534
f 3144/2969/534 3111/2964/534 3145/2968/534
f 3085/2970/534 3174/2965/534 3086/2963/534
f 3085/2970/534 3175/2971/534 3174/2965/534
f 3143/2972/534 3111/2964/534 3144/2969/534
f 3142/2973/534 3111/2964/534 3143/2972/534
f 3141/2974/534 3111/2964/534 3142/2973/534
f 3085/2970/534 3176/2975/534 3175/2971/534
f 3140/2859/534 3111/2964/534 3141/2974/534
f 3140/2859/534 3112/2976/534 3111/2964/534
f 3139/2977/534 3112/2976/534 3140/2859/534
f 3138/2978/534 3112/2976/534 3139/2977/534
f 3085/2970/534 3177/2979/534 3176/2975/534
f 3084/2980/534 3177/2979/534 3085/2970/534
f 3137/2981/534 3112/2976/534 3138/2978/534
f 3136/2982/534 3112/2976/534 3137/2981/534
f 3084/2980/534 3178/2983/534 3177/2979/534
f 3135/2984/534 3112/2976/534 3136/2982/534
f 3084/2980/534 3179/2985/534 3178/2983/534
f 3134/2986/534 3112/2976/534 3135/2984/534
f 3083/2987/534 3179/2985/534 3084/2980/534
f 3133/2988/534 3112/2976/534 3134/2986/534
f 3083/2987/534 3180/2989/534 3179/2985/534
f 3132/2990/534 3112/2976/534 3133/2988/534
f 3132/2990/534 3113/2991/534 3112/2976/534
f 3131/2992/534 3113/2991/534 3132/2990/534
f 3083/2987/534 3181/2993/534 3180/2989/534
f 3130/2994/534 3113/2991/534 3131/2992/534
f 3129/2995/534 3113/2991/534 3130/2994/534
f 3083/2987/534 3182/2996/534 3181/2993/534
f 3128/2997/534 3113/2991/534 3129/2995/534
f 3082/2998/534 3182/2996/534 3083/2987/534
f 3082/2998/534 3183/2999/534 3182/2996/534
f 3127/3000/534 3113/2991/534 3128/2997/534
f 3126/3001/534 3113/2991/534 3127/3000/534
f 3082/2998/534 3184/2811/534 3183/2999/534
f 3125/3002/534 3113/2991/534 3126/3001/534
f 3184/2811/534 3113/2991/534 3125/3002/534
f 3082/2998/534 3113/2991/534 3184/2811/534
f 3081/3003/534 3113/2991/534 3082/2998/534
f 3081/3003/534 3114/3004/534 3113/2991/534
f 3080/3005/534 3114/3004/534 3081/3003/534
f 3079/3006/534 3063/3007/534 3080/3005/534
f 3063/3007/534 3114/3004/534 3080/3005/534
f 3079/3006/534 3064/3008/534 3063/3007/534
f 3062/3009/534 3114/3004/534 3063/3007/534
f 3078/3010/534 3064/3008/534 3079/3006/534
f 3062/3009/534 3115/3011/534 3114/3004/534
f 3078/3010/534 3065/3012/534 3064/3008/534
f 3078/3010/534 3066/3013/534 3065/3012/534
f 3078/3010/534 3067/3014/534 3066/3013/534
f 3077/3015/534 3067/3014/534 3078/3010/534
f 3077/3015/534 3068/3016/534 3067/3014/534
f 3077/3015/534 3069/3017/534 3068/3016/534
f 3077/3015/534 3070/3018/534 3069/3017/534
f 3061/3019/534 3115/3011/534 3062/3009/534
f 3076/3020/534 3070/3018/534 3077/3015/534
f 3076/3020/534 3071/3021/534 3070/3018/534
f 3076/3020/534 3072/3022/534 3071/3021/534
f 3076/3020/534 3073/3023/534 3072/3022/534
f 3075/3024/534 3073/3023/534 3076/3020/534
f 3075/3024/534 3074/3025/534 3073/3023/534
f 3060/3026/534 3115/3011/534 3061/3019/534
f 3060/3026/534 3116/3027/534 3115/3011/534
f 3059/3028/534 3116/3027/534 3060/3026/534
f 3059/3028/534 3117/3029/534 3116/3027/534
f 3058/3030/534 3117/3029/534 3059/3028/534
f 3057/3031/534 3117/3029/534 3058/3030/534
f 3057/3031/534 3118/2910/534 3117/3029/534
f 3056/3032/534 3118/2910/534 3057/3031/534
f 3055/3033/534 3118/2910/534 3056/3032/534
f 3055/3033/534 3119/3034/534 3118/2910/534
f 3054/3035/534 3119/3034/534 3055/3033/534
f 3053/3036/534 3119/3034/534 3054/3035/534
f 3053/3036/534 3120/3037/534 3119/3034/534
f 3052/2815/534 3120/3037/534 3053/3036/534
f 3124/3038/534 3120/3037/534 3052/2815/534
f 3124/3038/534 3121/3039/534 3120/3037/534
f 3123/3040/534 3121/3039/534 3124/3038/534
f 3123/3040/534 3122/3041/534 3121/3039/534
f 3231/2914/534 3233/2915/534 3232/2916/534
f 3230/2917/534 3233/2915/534 3231/2914/534
f 3230/2917/534 3234/2918/534 3233/2915/534
f 3229/2860/534 3234/2918/534 3230/2917/534
f 3229/2860/534 3235/2919/534 3234/2918/534
f 3228/2920/534 3235/2919/534 3229/2860/534
f 3228/2920/534 3236/2921/534 3235/2919/534
f 3227/2922/534 3236/2921/534 3228/2920/534
f 3227/2922/534 3237/2923/534 3236/2921/534
f 3226/2924/534 3237/2923/534 3227/2922/534
f 3226/2924/534 3238/2925/534 3237/2923/534
f 3225/2926/534 3238/2925/534 3226/2924/534
f 3225/2926/534 3239/2927/534 3238/2925/534
f 3224/2928/534 3294/2929/534 3225/2926/534
f 3294/2929/534 3293/2930/534 3225/2926/534
f 3293/2930/534 3239/2927/534 3225/2926/534
f 3292/2931/534 3239/2927/534 3293/2930/534
f 3224/2928/534 3295/2932/534 3294/2929/534
f 3291/2933/534 3239/2927/534 3292/2931/534
f 3291/2933/534 3240/2934/534 3239/2927/534
f 3224/2928/534 3296/2935/534 3295/2932/534
f 3290/2936/534 3240/2934/534 3291/2933/534
f 3224/2928/534 3297/2937/534 3296/2935/534
f 3289/2938/534 3240/2934/534 3290/2936/534
f 3223/2939/534 3297/2937/534 3224/2928/534
f 3223/2939/534 3298/2940/534 3297/2937/534
f 3288/2941/534 3240/2934/534 3289/2938/534
f 3223/2939/534 3299/2942/534 3298/2940/534
f 3287/2943/534 3240/2934/534 3288/2941/534
f 3287/2943/534 3241/2944/534 3240/2934/534
f 3223/2939/534 3300/2945/534 3299/2942/534
f 3222/2946/534 3300/2945/534 3223/2939/534
f 3286/2947/534 3241/2944/534 3287/2943/534
f 3222/2946/534 3301/2948/534 3300/2945/534
f 3285/2949/534 3241/2944/534 3286/2947/534
f 3222/2946/534 3302/2950/534 3301/2948/534
f 3285/2949/534 3242/2951/534 3241/2944/534
f 3221/2952/534 3302/2950/534 3222/2946/534
f 3284/2953/534 3242/2951/534 3285/2949/534
f 3221/2952/534 3303/2954/534 3302/2950/534
f 3283/2955/534 3242/2951/534 3284/2953/534
f 3221/2952/534 3304/2956/534 3303/2954/534
f 3220/2957/534 3304/2956/534 3221/2952/534
f 3283/2955/534 3243/2958/534 3242/2951/534
f 3282/2959/534 3243/2958/534 3283/2955/534
f 3220/2957/534 3305/2960/534 3304/2956/534
f 3281/2961/534 3243/2958/534 3282/2959/534
f 3220/2957/534 3306/2962/534 3305/2960/534
f 3219/2963/534 3306/2962/534 3220/2957/534
f 3281/2961/534 3244/2964/534 3243/2958/534
f 3219/2963/534 3307/2965/534 3306/2962/534
f 3280/2966/534 3244/2964/534 3281/2961/534
f 3279/2967/534 3244/2964/534 3280/2966/534
f 3278/2968/534 3244/2964/534 3279/2967/534
f 3277/2969/534 3244/2964/534 3278/2968/534
f 3218/2970/534 3307/2965/534 3219/2963/534
f 3218/2970/534 3308/2971/534 3307/2965/534
f 3276/2972/534 3244/2964/534 3277/2969/534
f 3275/2973/534 3244/2964/534 3276/2972/534
f 3274/2974/534 3244/2964/534 3275/2973/534
f 3218/2970/534 3309/2975/534 3308/2971/534
f 3273/2859/534 3244/2964/534 3274/2974/534
f 3273/2859/534 3245/2976/534 3244/2964/534
f 3272/2977/534 3245/2976/534 3273/2859/534
f 3271/2978/534 3245/2976/534 3272/2977/534
f 3218/2970/534 3310/2979/534 3309/2975/534
f 3217/2980/534 3310/2979/534 3218/2970/534
f 3270/2981/534 3245/2976/534 3271/2978/534
f 3269/2982/534 3245/2976/534 3270/2981/534
f 3217/2980/534 3311/2983/534 3310/2979/534
f 3268/2984/534 3245/2976/534 3269/2982/534
f 3217/2980/534 3312/2985/534 3311/2983/534
f 3267/2986/534 3245/2976/534 3268/2984/534
f 3216/2987/534 3312/2985/534 3217/2980/534
f 3266/2988/534 3245/2976/534 3267/2986/534
f 3216/2987/534 3313/2989/534 3312/2985/534
f 3265/2990/534 3245/2976/534 3266/2988/534
f 3265/2990/534 3246/2991/534 3245/2976/534
f 3264/2992/534 3246/2991/534 3265/2990/534
f 3216/2987/534 3314/2993/534 3313/2989/534
f 3263/2994/534 3246/2991/534 3264/2992/534
f 3262/2995/534 3246/2991/534 3263/2994/534
f 3216/2987/534 3315/2996/534 3314/2993/534
f 3261/2997/534 3246/2991/534 3262/2995/534
f 3215/2998/534 3315/2996/534 3216/2987/534
f 3215/2998/534 3316/2999/534 3315/2996/534
f 3260/3000/534 3246/2991/534 3261/2997/534
f 3259/3001/534 3246/2991/534 3260/3000/534
f 3215/2998/534 3317/2811/534 3316/2999/534
f 3258/3002/534 3246/2991/534 3259/3001/534
f 3317/2811/534 3246/2991/534 3258/3002/534
f 3215/2998/534 3246/2991/534 3317/2811/534
f 3214/3003/534 3246/2991/534 3215/2998/534
f 3214/3003/534 3247/3004/534 3246/2991/534
f 3213/3005/534 3247/3004/534 3214/3003/534
f 3212/3006/534 3196/3007/534 3213/3005/534
f 3196/3007/534 3247/3004/534 3213/3005/534
f 3212/3006/534 3197/3008/534 3196/3007/534
f 3195/3009/534 3247/3004/534 3196/3007/534
f 3211/3010/534 3197/3008/534 3212/3006/534
f 3195/3009/534 3248/3011/534 3247/3004/534
f 3211/3010/534 3198/3012/534 3197/3008/534
f 3211/3010/534 3199/3013/534 3198/3012/534
f 3211/3010/534 3200/3014/534 3199/3013/534
f 3210/3015/534 3200/3014/534 3211/3010/534
f 3210/3015/534 3201/3016/534 3200/3014/534
f 3210/3015/534 3202/3017/534 3201/3016/534
f 3210/3015/534 3203/3018/534 3202/3017/534
f 3194/3019/534 3248/3011/534 3195/3009/534
f 3209/3020/534 3203/3018/534 3210/3015/534
f 3209/3020/534 3204/3021/534 3203/3018/534
f 3209/3020/534 3205/3022/534 3204/3021/534
f 3209/3020/534 3206/3023/534 3205/3022/534
f 3208/3024/534 3206/3023/534 3209/3020/534
f 3208/3024/534 3207/3025/534 3206/3023/534
f 3193/3026/534 3248/3011/534 3194/3019/534
f 3193/3026/534 3249/3027/534 3248/3011/534
f 3192/3028/534 3249/3027/534 3193/3026/534
f 3192/3028/534 3250/3029/534 3249/3027/534
f 3191/3030/534 3250/3029/534 3192/3028/534
f 3190/3031/534 3250/3029/534 3191/3030/534
f 3190/3031/534 3251/2910/534 3250/3029/534
f 3189/3032/534 3251/2910/534 3190/3031/534
f 3188/3033/534 3251/2910/534 3189/3032/534
f 3188/3033/534 3252/3034/534 3251/2910/534
f 3187/3035/534 3252/3034/534 3188/3033/534
f 3186/3036/534 3252/3034/534 3187/3035/534
f 3186/3036/534 3253/3037/534 3252/3034/534
f 3185/2815/534 3253/3037/534 3186/3036/534
f 3257/3038/534 3253/3037/534 3185/2815/534
f 3257/3038/534 3254/3039/534 3253/3037/534
f 3256/3040/534 3254/3039/534 3257/3038/534
f 3256/3040/534 3255/3041/534 3254/3039/534
f 3364/2914/534 3366/2915/534 3365/2916/534
f 3363/2917/534 3366/2915/534 3364/2914/534
f 3363/2917/534 3367/2918/534 3366/2915/534
f 3362/2860/534 3367/2918/534 3363/2917/534
f 3362/2860/534 3368/2919/534 3367/2918/534
f 3361/2920/534 3368/2919/534 3362/2860/534
f 3361/2920/534 3369/2921/534 3368/2919/534
f 3360/2922/534 3369/2921/534 3361/2920/534
f 3360/2922/534 3370/2923/534 3369/2921/534
f 3359/2924/534 3370/2923/534 3360/2922/534
f 3359/2924/534 3371/2925/534 3370/2923/534
f 3358/2926/534 3371/2925/534 3359/2924/534
f 3358/2926/534 3372/2927/534 3371/2925/534
f 3357/2928/534 3427/2929/534 3358/2926/534
f 3427/2929/534 3426/2930/534 3358/2926/534
f 3426/2930/534 3372/2927/534 3358/2926/534
f 3425/2931/534 3372/2927/534 3426/2930/534
f 3357/2928/534 3428/2932/534 3427/2929/534
f 3424/2933/534 3372/2927/534 3425/2931/534
f 3424/2933/534 3373/2934/534 3372/2927/534
f 3357/2928/534 3429/2935/534 3428/2932/534
f 3423/2936/534 3373/2934/534 3424/2933/534
f 3357/2928/534 3430/2937/534 3429/2935/534
f 3422/2938/534 3373/2934/534 3423/2936/534
f 3356/2939/534 3430/2937/534 3357/2928/534
f 3356/2939/534 3431/2940/534 3430/2937/534
f 3421/2941/534 3373/2934/534 3422/2938/534
f 3356/2939/534 3432/2942/534 3431/2940/534
f 3420/2943/534 3373/2934/534 3421/2941/534
f 3420/2943/534 3374/2944/534 3373/2934/534
f 3356/2939/534 3433/2945/534 3432/2942/534
f 3355/2946/534 3433/2945/534 3356/2939/534
f 3419/2947/534 3374/2944/534 3420/2943/534
f 3355/2946/534 3434/2948/534 3433/2945/534
f 3418/2949/534 3374/2944/534 3419/2947/534
f 3355/2946/534 3435/2950/534 3434/2948/534
f 3418/2949/534 3375/2951/534 3374/2944/534
f 3354/2952/534 3435/2950/534 3355/2946/534
f 3417/2953/534 3375/2951/534 3418/2949/534
f 3354/2952/534 3436/2954/534 3435/2950/534
f 3416/2955/534 3375/2951/534 3417/2953/534
f 3354/2952/534 3437/2956/534 3436/2954/534
f 3353/2957/534 3437/2956/534 3354/2952/534
f 3416/2955/534 3376/2958/534 3375/2951/534
f 3415/2959/534 3376/2958/534 3416/2955/534
f 3353/2957/534 3438/2960/534 3437/2956/534
f 3414/2961/534 3376/2958/534 3415/2959/534
f 3353/2957/534 3439/2962/534 3438/2960/534
f 3352/2963/534 3439/2962/534 3353/2957/534
f 3414/2961/534 3377/2964/534 3376/2958/534
f 3352/2963/534 3440/2965/534 3439/2962/534
f 3413/2966/534 3377/2964/534 3414/2961/534
f 3412/2967/534 3377/2964/534 3413/2966/534
f 3411/2968/534 3377/2964/534 3412/2967/534
f 3410/2969/534 3377/2964/534 3411/2968/534
f 3351/2970/534 3440/2965/534 3352/2963/534
f 3351/2970/534 3441/2971/534 3440/2965/534
f 3409/2972/534 3377/2964/534 3410/2969/534
f 3408/2973/534 3377/2964/534 3409/2972/534
f 3407/2974/534 3377/2964/534 3408/2973/534
f 3351/2970/534 3442/2975/534 3441/2971/534
f 3406/2859/534 3377/2964/534 3407/2974/534
f 3406/2859/534 3378/2976/534 3377/2964/534
f 3405/2977/534 3378/2976/534 3406/2859/534
f 3404/2978/534 3378/2976/534 3405/2977/534
f 3351/2970/534 3443/2979/534 3442/2975/534
f 3350/2980/534 3443/2979/534 3351/2970/534
f 3403/2981/534 3378/2976/534 3404/2978/534
f 3402/2982/534 3378/2976/534 3403/2981/534
f 3350/2980/534 3444/2983/534 3443/2979/534
f 3401/2984/534 3378/2976/534 3402/2982/534
f 3350/2980/534 3445/2985/534 3444/2983/534
f 3400/2986/534 3378/2976/534 3401/2984/534
f 3349/2987/534 3445/2985/534 3350/2980/534
f 3399/2988/534 3378/2976/534 3400/2986/534
f 3349/2987/534 3446/2989/534 3445/2985/534
f 3398/2990/534 3378/2976/534 3399/2988/534
f 3398/2990/534 3379/2991/534 3378/2976/534
f 3397/2992/534 3379/2991/534 3398/2990/534
f 3349/2987/534 3447/2993/534 3446/2989/534
f 3396/2994/534 3379/2991/534 3397/2992/534
f 3395/2995/534 3379/2991/534 3396/2994/534
f 3349/2987/534 3448/2996/534 3447/2993/534
f 3394/2997/534 3379/2991/534 3395/2995/534
f 3348/2998/534 3448/2996/534 3349/2987/534
f 3348/2998/534 3449/2999/534 3448/2996/534
f 3393/3000/534 3379/2991/534 3394/2997/534
f 3392/3001/534 3379/2991/534 3393/3000/534
f 3348/2998/534 3450/2811/534 3449/2999/534
f 3391/3002/534 3379/2991/534 3392/3001/534
f 3450/2811/534 3379/2991/534 3391/3002/534
f 3348/2998/534 3379/2991/534 3450/2811/534
f 3347/3003/534 3379/2991/534 3348/2998/534
f 3347/3003/534 3380/3004/534 3379/2991/534
f 3346/3005/534 3380/3004/534 3347/3003/534
f 3345/3006/534 3329/3007/534 3346/3005/534
f 3329/3007/534 3380/3004/534 3346/3005/534
f 3345/3006/534 3330/3008/534 3329/3007/534
f 3328/3009/534 3380/3004/534 3329/3007/534
f 3344/3010/534 3330/3008/534 3345/3006/534
f 3328/3009/534 3381/3011/534 3380/3004/534
f 3344/3010/534 3331/3012/534 3330/3008/534
f 3344/3010/534 3332/3013/534 3331/3012/534
f 3344/3010/534 3333/3014/534 3332/3013/534
f 3343/3015/534 3333/3014/534 3344/3010/534
f 3343/3015/534 3334/3016/534 3333/3014/534
f 3343/3015/534 3335/3017/534 3334/3016/534
f 3343/3015/534 3336/3018/534 3335/3017/534
f 3327/3019/534 3381/3011/534 3328/3009/534
f 3342/3020/534 3336/3018/534 3343/3015/534
f 3342/3020/534 3337/3021/534 3336/3018/534
f 3342/3020/534 3338/3022/534 3337/3021/534
f 3342/3020/534 3339/3023/534 3338/3022/534
f 3341/3024/534 3339/3023/534 3342/3020/534
f 3341/3024/534 3340/3025/534 3339/3023/534
f 3326/3026/534 3381/3011/534 3327/3019/534
f 3326/3026/534 3382/3027/534 3381/3011/534
f 3325/3028/534 3382/3027/534 3326/3026/534
f 3325/3028/534 3383/3029/534 3382/3027/534
f 3324/3030/534 3383/3029/534 3325/3028/534
f 3323/3031/534 3383/3029/534 3324/3030/534
f 3323/3031/534 3384/2910/534 3383/3029/534
f 3322/3032/534 3384/2910/534 3323/3031/534
f 3321/3033/534 3384/2910/534 3322/3032/534
f 3321/3033/534 3385/3034/534 3384/2910/534
f 3320/3035/534 3385/3034/534 3321/3033/534
f 3319/3036/534 3385/3034/534 3320/3035/534
f 3319/3036/534 3386/3037/534 3385/3034/534
f 3318/2815/534 3386/3037/534 3319/3036/534
f 3390/3038/534 3386/3037/534 3318/2815/534
f 3390/3038/534 3387/3039/534 3386/3037/534
f 3389/3040/534 3387/3039/534 3390/3038/534
f 3389/3040/534 3388/3041/534 3387/3039/534
f 3487/3042/534 3489/3043/534 3488/3044/534
f 3487/3042/534 3490/3045/534 3489/3043/534
f 3474/3046/534 3476/3047/534 3475/3048/534
f 3474/3046/534 3477/3049/534 3476/3047/534
f 3474/3046/534 3478/3050/534 3477/3049/534
f 3474/3046/534 3479/2915/534 3478/3050/534
f 3474/3046/534 3480/3051/534 3479/2915/534
f 3473/3052/534 3480/3051/534 3474/3046/534
f 3473/3052/534 3481/3053/534 3480/3051/534
f 3473/3052/534 3482/3054/534 3481/3053/534
f 3473/3052/534 3483/3055/534 3482/3054/534
f 3472/2952/534 3483/3055/534 3473/3052/534
f 3472/2952/534 3484/3056/534 3483/3055/534
f 3472/2952/534 3485/3057/534 3484/3056/534
f 3472/2952/534 3486/2976/534 3485/3057/534
f 3472/2952/534 3487/3042/534 3486/2976/534
f 3471/3058/534 3487/3042/534 3472/2952/534
f 3471/3058/534 3493/3038/534 3487/3042/534
f 3493/3038/534 3492/3059/534 3487/3042/534
f 3492/3059/534 3491/3060/534 3487/3042/534
f 3491/3060/534 3528/2811/534 3487/3042/534
f 3528/2811/534 3490/3045/534 3487/3042/534
f 3470/3061/534 3496/3062/534 3471/3058/534
f 3496/3062/534 3495/3063/534 3471/3058/534
f 3495/3063/534 3494/3064/534 3471/3058/534
f 3494/3064/535 3493/3038/535 3471/3058/535
f 3469/3065/534 3499/3066/534 3470/3061/534
f 3499/3066/534 3498/3067/534 3470/3061/534
f 3498/3067/534 3497/3068/534 3470/3061/534
f 3497/3068/534 3496/3062/534 3470/3061/534
f 3468/3069/534 3502/3070/534 3469/3065/534
f 3502/3070/534 3501/3071/534 3469/3065/534
f 3501/3071/534 3500/2982/534 3469/3065/534
f 3500/2982/534 3499/3066/534 3469/3065/534
f 3468/3069/534 3503/3072/534 3502/3070/534
f 3468/3069/534 3504/3073/534 3503/3072/534
f 3467/3074/534 3504/3073/534 3468/3069/534
f 3467/3074/534 3505/3075/534 3504/3073/534
f 3467/3074/534 3506/3076/534 3505/3075/534
f 3527/3077/534 3490/3045/534 3528/2811/534
f 3467/3074/534 3507/2961/534 3506/3076/534
f 3466/3078/534 3507/2961/534 3467/3074/534
f 3466/3078/534 3508/3079/534 3507/2961/534
f 3466/3078/534 3509/3080/534 3508/3079/534
f 3465/3020/534 3509/3080/534 3466/3078/534
f 3465/3020/534 3510/3081/534 3509/3080/534
f 3465/3020/534 3511/3082/534 3510/3081/534
f 3464/3083/534 3511/3082/534 3465/3020/534
f 3464/3083/534 3512/3084/534 3511/3082/534
f 3463/3085/534 3512/3084/534 3464/3083/534
f 3463/3085/534 3513/3086/534 3512/3084/534
f 3463/3085/534 3514/2930/534 3513/3086/534
f 3462/3087/534 3514/2930/534 3463/3085/534
f 3462/3087/534 3515/3088/534 3514/2930/534
f 3462/3087/534 3516/3089/534 3515/3088/534
f 3461/3090/534 3516/3089/534 3462/3087/534
f 3461/3090/534 3517/3091/534 3516/3089/534
f 3460/3092/534 3517/3091/534 3461/3090/534
f 3460/3092/534 3518/3093/534 3517/3091/534
f 3460/3092/534 3519/3094/534 3518/3093/534
f 3459/3095/534 3519/3094/534 3460/3092/534
f 3459/3095/534 3520/3096/534 3519/3094/534
f 3459/3095/534 3521/2960/534 3520/3096/534
f 3458/3008/534 3521/2960/534 3459/3095/534
f 3458/3008/534 3522/3097/534 3521/2960/534
f 3458/3008/534 3523/3098/534 3522/3097/534
f 3458/3008/534 3524/3099/534 3523/3098/534
f 3457/3100/534 3524/3099/534 3458/3008/534
f 3457/3100/534 3525/3101/534 3524/3099/534
f 3457/3100/534 3526/3102/534 3525/3101/534
f 3457/3100/534 3527/3077/534 3526/3102/534
f 3457/3100/534 3490/3045/534 3527/3077/534
f 3456/3103/534 3490/3045/534 3457/3100/534
f 3455/3104/534 3490/3045/534 3456/3103/534
f 3454/3105/534 3490/3045/534 3455/3104/534
f 3453/3106/534 3490/3045/534 3454/3105/534
f 3452/3107/534 3490/3045/534 3453/3106/534
f 3451/2815/534 3490/3045/534 3452/3107/534
f 3529/2815/534 3531/2859/534 3530/2860/534
f 3529/2815/534 3532/2811/534 3531/2859/534
f 3567/2763/534 3569/2764/534 3568/2765/534
f 3567/2763/534 3570/2766/534 3569/2764/534
f 3566/2767/534 3570/2766/534 3567/2763/534
f 3566/2767/534 3571/2768/534 3570/2766/534
f 3565/2769/534 3571/2768/534 3566/2767/534
f 3565/2769/534 3572/2770/534 3571/2768/534
f 3564/2771/534 3572/2770/534 3565/2769/534
f 3564/2771/534 3573/2772/534 3572/2770/534
f 3563/2773/534 3573/2772/534 3564/2771/534
f 3563/2773/534 3574/2774/534 3573/2772/534
f 3562/2775/534 3574/2774/534 3563/2773/534
f 3562/2775/534 3575/2776/534 3574/2774/534
f 3561/2777/534 3616/2778/534 3562/2775/534
f 3616/2778/534 3575/2776/534 3562/2775/534
f 3561/2777/534 3617/2779/534 3616/2778/534
f 3615/2780/534 3575/2776/534 3616/2778/534
f 3561/2777/534 3618/2781/534 3617/2779/534
f 3614/2782/534 3575/2776/534 3615/2780/534
f 3561/2777/534 3619/2783/534 3618/2781/534
f 3613/2784/534 3575/2776/534 3614/2782/534
f 3613/2784/534 3576/2785/534 3575/2776/534
f 3560/2786/534 3619/2783/534 3561/2777/534
f 3560/2786/534 3620/2787/534 3619/2783/534
f 3612/2788/534 3576/2785/534 3613/2784/534
f 3560/2786/534 3621/2789/534 3620/2787/534
f 3611/2790/534 3576/2785/534 3612/2788/534
f 3560/2786/534 3622/2791/534 3621/2789/534
f 3610/2792/534 3576/2785/534 3611/2790/534
f 3610/2792/534 3577/2793/534 3576/2785/534
f 3559/2794/534 3622/2791/534 3560/2786/534
f 3559/2794/534 3623/2795/534 3622/2791/534
f 3609/2796/534 3577/2793/534 3610/2792/534
f 3559/2794/534 3624/2797/534 3623/2795/534
f 3608/2798/534 3577/2793/534 3609/2796/534
f 3608/2798/534 3578/2799/534 3577/2793/534
f 3558/2800/534 3624/2797/534 3559/2794/534
f 3558/2800/534 3625/2801/534 3624/2797/534
f 3607/2802/534 3578/2799/534 3608/2798/534
f 3607/2802/534 3579/2803/534 3578/2799/534
f 3557/2804/534 3625/2801/534 3558/2800/534
f 3557/2804/534 3626/2805/534 3625/2801/534
f 3606/2806/534 3579/2803/534 3607/2802/534
f 3557/2804/534 3627/2807/534 3626/2805/534
f 3605/2808/534 3579/2803/534 3606/2806/534
f 3605/2808/534 3580/2809/534 3579/2803/534
f 3556/2810/534 3627/2807/534 3557/2804/534
f 3556/2810/534 3628/2811/534 3627/2807/534
f 3604/2812/534 3580/2809/534 3605/2808/534
f 3555/2813/534 3628/2811/534 3556/2810/534
f 3555/2813/534 3581/2814/534 3628/2811/534
f 3604/2812/534 3533/2815/534 3580/2809/534
f 3603/2816/534 3533/2815/534 3604/2812/534
f 3555/2813/534 3582/2817/534 3581/2814/534
f 3602/2818/534 3533/2815/534 3603/2816/534
f 3554/2819/534 3582/2817/534 3555/2813/534
f 3602/2818/534 3534/2820/534 3533/2815/534
f 3554/2819/534 3583/2821/534 3582/2817/534
f 3601/2822/534 3534/2820/534 3602/2818/534
f 3554/2819/534 3584/2823/534 3583/2821/534
f 3553/2824/534 3584/2823/534 3554/2819/534
f 3600/2825/534 3534/2820/534 3601/2822/534
f 3600/2825/534 3535/2826/534 3534/2820/534
f 3553/2824/534 3585/2827/534 3584/2823/534
f 3599/2828/534 3535/2826/534 3600/2825/534
f 3552/2829/534 3585/2827/534 3553/2824/534
f 3599/2828/534 3536/2830/534 3535/2826/534
f 3552/2829/534 3586/2831/534 3585/2827/534
f 3598/2832/534 3536/2830/534 3599/2828/534
f 3552/2829/534 3587/2833/534 3586/2831/534
f 3597/2834/534 3536/2830/534 3598/2832/534
f 3551/2835/534 3587/2833/534 3552/2829/534
f 3597/2834/534 3537/2836/534 3536/2830/534
f 3551/2835/534 3588/2837/534 3587/2833/534
f 3596/2838/534 3537/2836/534 3597/2834/534
f 3551/2835/534 3589/2839/534 3588/2837/534
f 3595/2840/534 3537/2836/534 3596/2838/534
f 3551/2835/534 3590/2841/534 3589/2839/534
f 3594/2842/534 3537/2836/534 3595/2840/534
f 3550/2843/534 3590/2841/534 3551/2835/534
f 3594/2842/534 3538/2844/534 3537/2836/534
f 3550/2843/534 3591/2845/534 3590/2841/534
f 3593/2846/534 3538/2844/534 3594/2842/534
f 3550/2843/534 3592/2847/534 3591/2845/534
f 3592/2847/534 3538/2844/534 3593/2846/534
f 3550/2843/534 3538/2844/534 3592/2847/534
f 3549/2848/534 3538/2844/534 3550/2843/534
f 3549/2848/534 3539/2849/534 3538/2844/534
f 3548/2850/534 3539/2849/534 3549/2848/534
f 3548/2850/534 3540/2851/534 3539/2849/534
f 3547/2852/534 3540/2851/534 3548/2850/534
f 3547/2852/534 3541/2853/534 3540/2851/534
f 3546/2854/534 3541/2853/534 3547/2852/534
f 3546/2854/534 3542/2855/534 3541/2853/534
f 3545/2856/534 3542/2855/534 3546/2854/534
f 3545/2856/534 3543/2857/534 3542/2855/534
f 3544/2858/534 3543/2857/534 3545/2856/534
f 3663/3108/534 3665/3109/534 3664/3110/534
f 3663/3108/534 3666/3111/534 3665/3109/534
f 3663/3108/534 3667/3112/534 3666/3111/534
f 3663/3108/534 3668/3113/534 3667/3112/534
f 3662/3114/534 3668/3113/534 3663/3108/534
f 3662/3114/534 3669/3115/534 3668/3113/534
f 3662/3114/534 3670/3116/534 3669/3115/534
f 3662/3114/534 3671/3117/534 3670/3116/534
f 3661/3118/534 3671/3117/534 3662/3114/534
f 3661/3118/534 3672/3119/534 3671/3117/534
f 3661/3118/534 3673/3120/534 3672/3119/534
f 3660/3121/534 3673/3120/534 3661/3118/534
f 3660/3121/534 3674/3122/534 3673/3120/534
f 3660/3121/534 3675/3123/534 3674/3122/534
f 3659/3124/534 3675/3123/534 3660/3121/534
f 3659/3124/534 3676/3125/534 3675/3123/534
f 3659/3124/534 3687/3126/534 3676/3125/534
f 3687/3126/534 3686/3127/534 3676/3125/534
f 3686/3127/534 3685/3128/534 3676/3125/534
f 3685/3128/534 3684/3129/534 3676/3125/534
f 3684/3129/534 3683/3130/534 3676/3125/534
f 3683/3130/534 3682/3131/534 3676/3125/534
f 3682/3131/534 3681/3132/534 3676/3125/534
f 3681/3132/534 3680/3133/534 3676/3125/534
f 3680/3133/534 3679/3134/534 3676/3125/534
f 3679/3134/534 3678/3135/534 3676/3125/534
f 3678/3135/534 3677/3136/534 3676/3125/534
f 3658/3137/534 3689/3138/534 3659/3124/534
f 3689/3138/534 3688/3139/534 3659/3124/534
f 3688/3139/534 3687/3126/534 3659/3124/534
f 3658/3137/534 3690/3140/534 3689/3138/534
f 3658/3137/534 3691/3141/534 3690/3140/534
f 3658/3137/534 3692/3142/534 3691/3141/534
f 3657/3143/534 3692/3142/534 3658/3137/534
f 3657/3143/534 3693/3144/534 3692/3142/534
f 3657/3143/534 3694/3145/534 3693/3144/534
f 3656/3146/534 3694/3145/534 3657/3143/534
f 3656/3146/534 3695/3147/534 3694/3145/534
f 3656/3146/534 3696/3148/534 3695/3147/534
f 3655/3149/534 3696/3148/534 3656/3146/534
f 3655/3149/534 3697/3150/534 3696/3148/534
f 3654/3151/534 3697/3150/534 3655/3149/534
f 3654/3151/534 3698/3152/534 3697/3150/534
f 3654/3151/534 3699/3153/534 3698/3152/534
f 3653/3154/534 3699/3153/534 3654/3151/534
f 3653/3154/534 3700/3155/534 3699/3153/534
f 3652/3156/534 3700/3155/534 3653/3154/534
f 3652/3156/534 3701/3157/534 3700/3155/534
f 3652/3156/534 3702/3158/534 3701/3157/534
f 3651/3159/534 3702/3158/534 3652/3156/534
f 3727/3160/534 3729/3161/534 3728/3162/534
f 3727/3160/534 3726/3163/534 3729/3161/534
f 3726/3163/534 3730/2811/534 3729/3161/534
f 3651/3159/534 3703/3164/534 3702/3158/534
f 3650/3165/534 3703/3164/534 3651/3159/534
f 3650/3165/534 3704/3166/534 3703/3164/534
f 3725/3167/534 3730/2811/534 3726/3163/534
f 3649/3168/534 3704/3166/534 3650/3165/534
f 3649/3168/534 3705/3169/534 3704/3166/534
f 3649/3168/534 3706/3170/534 3705/3169/534
f 3648/3171/534 3706/3170/534 3649/3168/534
f 3648/3171/534 3707/3172/534 3706/3170/534
f 3647/3173/534 3707/3172/534 3648/3171/534
f 3647/3173/534 3708/3174/534 3707/3172/534
f 3647/3173/534 3709/3175/534 3708/3174/534
f 3646/3176/534 3709/3175/534 3647/3173/534
f 3646/3176/534 3710/3177/534 3709/3175/534
f 3724/3178/534 3730/2811/534 3725/3167/534
f 3723/3179/534 3730/2811/534 3724/3178/534
f 3722/3180/534 3730/2811/534 3723/3179/534
f 3646/3176/534 3711/3181/534 3710/3177/534
f 3721/3182/534 3730/2811/534 3722/3180/534
f 3720/3183/534 3730/2811/534 3721/3182/534
f 3719/3184/534 3730/2811/534 3720/3183/534
f 3646/3176/534 3712/3185/534 3711/3181/534
f 3645/3186/534 3712/3185/534 3646/3176/534
f 3718/3187/534 3730/2811/534 3719/3184/534
f 3717/3188/534 3730/2811/534 3718/3187/534
f 3716/3189/534 3730/2811/534 3717/3188/534
f 3645/3186/534 3713/3190/534 3712/3185/534
f 3715/3191/534 3730/2811/534 3716/3189/534
f 3714/3192/534 3730/2811/534 3715/3191/534
f 3713/3190/534 3730/2811/534 3714/3192/534
f 3645/3186/534 3730/2811/534 3713/3190/534
f 3644/3193/534 3730/2811/534 3645/3186/534
f 3644/3193/534 3629/2815/534 3730/2811/534
f 3644/3193/534 3630/3194/534 3629/2815/534
f 3643/3195/534 3630/3194/534 3644/3193/534
f 3643/3195/534 3631/3196/534 3630/3194/534
f 3643/3195/534 3632/3197/534 3631/3196/534
f 3642/3198/534 3632/3197/534 3643/3195/534
f 3642/3198/534 3633/3199/534 3632/3197/534
f 3642/3198/534 3634/3200/534 3633/3199/534
f 3642/3198/534 3635/3201/534 3634/3200/534
f 3641/3202/534 3635/3201/534 3642/3198/534
f 3641/3202/534 3636/3203/534 3635/3201/534
f 3641/3202/534 3637/3204/534 3636/3203/534
f 3641/3202/534 3638/3205/534 3637/3204/534
f 3640/3206/534 3638/3205/534 3641/3202/534
f 3640/3206/534 3639/3207/534 3638/3205/534
f 3767/3042/534 3769/3043/534 3768/3044/534
f 3767/3042/534 3770/3045/534 3769/3043/534
f 3754/3046/534 3756/3047/534 3755/3048/534
f 3754/3046/534 3757/3049/534 3756/3047/534
f 3754/3046/534 3758/3050/534 3757/3049/534
f 3754/3046/534 3759/2915/534 3758/3050/534
f 3754/3046/534 3760/3051/534 3759/2915/534
f 3753/3052/534 3760/3051/534 3754/3046/534
f 3753/3052/534 3761/3053/534 3760/3051/534
f 3753/3052/534 3762/3054/534 3761/3053/534
f 3753/3052/534 3763/3055/534 3762/3054/534
f 3752/2952/534 3763/3055/534 3753/3052/534
f 3752/2952/534 3764/3056/534 3763/3055/534
f 3752/2952/534 3765/3057/534 3764/3056/534
f 3752/2952/534 3766/2976/534 3765/3057/534
f 3752/2952/534 3767/3042/534 3766/2976/534
f 3751/3058/534 3767/3042/534 3752/2952/534
f 3751/3058/534 3773/3038/534 3767/3042/534
f 3773/3038/534 3772/3059/534 3767/3042/534
f 3772/3059/534 3771/3060/534 3767/3042/534
f 3771/3060/534 3808/2811/534 3767/3042/534
f 3808/2811/534 3770/3045/534 3767/3042/534
f 3750/3061/534 3776/3062/534 3751/3058/534
f 3776/3062/534 3775/3063/534 3751/3058/534
f 3775/3063/534 3774/3064/534 3751/3058/534
f 3774/3064/534 3773/3038/534 3751/3058/534
f 3749/3065/534 3779/3066/534 3750/3061/534
f 3779/3066/534 3778/3067/534 3750/3061/534
f 3778/3067/534 3777/3068/534 3750/3061/534
f 3777/3068/534 3776/3062/534 3750/3061/534
f 3748/3069/534 3782/3070/534 3749/3065/534
f 3782/3070/534 3781/3071/534 3749/3065/534
f 3781/3071/534 3780/2982/534 3749/3065/534
f 3780/2982/534 3779/3066/534 3749/3065/534
f 3748/3069/534 3783/3072/534 3782/3070/534
f 3748/3069/534 3784/3073/534 3783/3072/534
f 3747/3074/534 3784/3073/534 3748/3069/534
f 3747/3074/534 3785/3075/534 3784/3073/534
f 3747/3074/534 3786/3076/534 3785/3075/534
f 3807/3077/534 3770/3045/534 3808/2811/534
f 3747/3074/534 3787/2961/534 3786/3076/534
f 3746/3078/534 3787/2961/534 3747/3074/534
f 3746/3078/534 3788/3079/534 3787/2961/534
f 3746/3078/534 3789/3080/534 3788/3079/534
f 3745/3020/534 3789/3080/534 3746/3078/534
f 3745/3020/534 3790/3081/534 3789/3080/534
f 3745/3020/534 3791/3082/534 3790/3081/534
f 3744/3083/534 3791/3082/534 3745/3020/534
f 3744/3083/534 3792/3084/534 3791/3082/534
f 3743/3085/534 3792/3084/534 3744/3083/534
f 3743/3085/534 3793/3086/534 3792/3084/534
f 3743/3085/534 3794/2930/534 3793/3086/534
f 3742/3087/534 3794/2930/534 3743/3085/534
f 3742/3087/534 3795/3088/534 3794/2930/534
f 3742/3087/534 3796/3089/534 3795/3088/534
f 3741/3090/534 3796/3089/534 3742/3087/534
f 3741/3090/534 3797/3091/534 3796/3089/534
f 3740/3092/534 3797/3091/534 3741/3090/534
f 3740/3092/534 3798/3093/534 3797/3091/534
f 3740/3092/534 3799/3094/534 3798/3093/534
f 3739/3095/534 3799/3094/534 3740/3092/534
f 3739/3095/534 3800/3096/534 3799/3094/534
f 3739/3095/534 3801/2960/534 3800/3096/534
f 3738/3008/534 3801/2960/534 3739/3095/534
f 3738/3008/534 3802/3097/534 3801/2960/534
f 3738/3008/534 3803/3098/534 3802/3097/534
f 3738/3008/534 3804/3099/534 3803/3098/534
f 3737/3100/534 3804/3099/534 3738/3008/534
f 3737/3100/534 3805/3101/534 3804/3099/534
f 3737/3100/534 3806/3102/534 3805/3101/534
f 3737/3100/534 3807/3077/534 3806/3102/534
f 3737/3100/534 3770/3045/534 3807/3077/534
f 3736/3103/534 3770/3045/534 3737/3100/534
f 3735/3104/534 3770/3045/534 3736/3103/534
f 3734/3105/534 3770/3045/534 3735/3104/534
f 3733/3106/534 3770/3045/534 3734/3105/534
f 3732/3107/534 3770/3045/534 3733/3106/534
f 3731/2815/534 3770/3045/534 3732/3107/534
f 3843/2763/534 3845/2764/534 3844/2765/534
f 3843/2763/534 3846/2766/534 3845/2764/534
f 3842/2767/534 3846/2766/534 3843/2763/534
f 3842/2767/534 3847/2768/534 3846/2766/534
f 3841/2769/534 3847/2768/534 3842/2767/534
f 3841/2769/534 3848/2770/534 3847/2768/534
f 3840/2771/534 3848/2770/534 3841/2769/534
f 3840/2771/534 3849/2772/534 3848/2770/534
f 3839/2773/534 3849/2772/534 3840/2771/534
f 3839/2773/534 3850/2774/534 3849/2772/534
f 3838/2775/534 3850/2774/534 3839/2773/534
f 3838/2775/534 3851/2776/534 3850/2774/534
f 3837/2777/534 3892/2778/534 3838/2775/534
f 3892/2778/534 3851/2776/534 3838/2775/534
f 3837/2777/534 3893/2779/534 3892/2778/534
f 3891/2780/534 3851/2776/534 3892/2778/534
f 3837/2777/534 3894/2781/534 3893/2779/534
f 3890/2782/534 3851/2776/534 3891/2780/534
f 3837/2777/534 3895/2783/534 3894/2781/534
f 3889/2784/534 3851/2776/534 3890/2782/534
f 3889/2784/534 3852/2785/534 3851/2776/534
f 3836/2786/534 3895/2783/534 3837/2777/534
f 3836/2786/534 3896/2787/534 3895/2783/534
f 3888/2788/534 3852/2785/534 3889/2784/534
f 3836/2786/534 3897/2789/534 3896/2787/534
f 3887/2790/534 3852/2785/534 3888/2788/534
f 3836/2786/534 3898/2791/534 3897/2789/534
f 3886/2792/534 3852/2785/534 3887/2790/534
f 3886/2792/534 3853/2793/534 3852/2785/534
f 3835/2794/534 3898/2791/534 3836/2786/534
f 3835/2794/534 3899/2795/534 3898/2791/534
f 3885/2796/534 3853/2793/534 3886/2792/534
f 3835/2794/534 3900/2797/534 3899/2795/534
f 3884/2798/534 3853/2793/534 3885/2796/534
f 3884/2798/534 3854/2799/534 3853/2793/534
f 3834/2800/534 3900/2797/534 3835/2794/534
f 3834/2800/534 3901/2801/534 3900/2797/534
f 3883/2802/534 3854/2799/534 3884/2798/534
f 3883/2802/534 3855/2803/534 3854/2799/534
f 3833/2804/534 3901/2801/534 3834/2800/534
f 3833/2804/534 3902/2805/534 3901/2801/534
f 3882/2806/534 3855/2803/534 3883/2802/534
f 3833/2804/534 3903/2807/534 3902/2805/534
f 3881/2808/534 3855/2803/534 3882/2806/534
f 3881/2808/534 3856/2809/534 3855/2803/534
f 3832/2810/534 3903/2807/534 3833/2804/534
f 3832/2810/534 3904/2811/534 3903/2807/534
f 3880/2812/534 3856/2809/534 3881/2808/534
f 3831/2813/534 3904/2811/534 3832/2810/534
f 3831/2813/534 3857/2814/534 3904/2811/534
f 3880/2812/534 3809/2815/534 3856/2809/534
f 3879/2816/534 3809/2815/534 3880/2812/534
f 3831/2813/534 3858/2817/534 3857/2814/534
f 3878/2818/534 3809/2815/534 3879/2816/534
f 3830/2819/534 3858/2817/534 3831/2813/534
f 3878/2818/534 3810/2820/534 3809/2815/534
f 3830/2819/534 3859/2821/534 3858/2817/534
f 3877/2822/534 3810/2820/534 3878/2818/534
f 3830/2819/534 3860/2823/534 3859/2821/534
f 3829/2824/534 3860/2823/534 3830/2819/534
f 3876/2825/534 3810/2820/534 3877/2822/534
f 3876/2825/534 3811/2826/534 3810/2820/534
f 3829/2824/534 3861/2827/534 3860/2823/534
f 3875/2828/534 3811/2826/534 3876/2825/534
f 3828/2829/534 3861/2827/534 3829/2824/534
f 3875/2828/534 3812/2830/534 3811/2826/534
f 3828/2829/534 3862/2831/534 3861/2827/534
f 3874/2832/534 3812/2830/534 3875/2828/534
f 3828/2829/534 3863/2833/534 3862/2831/534
f 3873/2834/534 3812/2830/534 3874/2832/534
f 3827/2835/534 3863/2833/534 3828/2829/534
f 3873/2834/534 3813/2836/534 3812/2830/534
f 3827/2835/534 3864/2837/534 3863/2833/534
f 3872/2838/534 3813/2836/534 3873/2834/534
f 3827/2835/534 3865/2839/534 3864/2837/534
f 3871/2840/534 3813/2836/534 3872/2838/534
f 3827/2835/534 3866/2841/534 3865/2839/534
f 3870/2842/534 3813/2836/534 3871/2840/534
f 3826/2843/534 3866/2841/534 3827/2835/534
f 3870/2842/534 3814/2844/534 3813/2836/534
f 3826/2843/534 3867/2845/534 3866/2841/534
f 3869/2846/534 3814/2844/534 3870/2842/534
f 3826/2843/534 3868/2847/534 3867/2845/534
f 3868/2847/534 3814/2844/534 3869/2846/534
f 3826/2843/534 3814/2844/534 3868/2847/534
f 3825/2848/534 3814/2844/534 3826/2843/534
f 3825/2848/534 3815/2849/534 3814/2844/534
f 3824/2850/534 3815/2849/534 3825/2848/534
f 3824/2850/534 3816/2851/534 3815/2849/534
f 3823/2852/534 3816/2851/534 3824/2850/534
f 3823/2852/534 3817/2853/534 3816/2851/534
f 3822/2854/534 3817/2853/534 3823/2852/534
f 3822/2854/534 3818/2855/534 3817/2853/534
f 3821/2856/534 3818/2855/534 3822/2854/534
f 3821/2856/534 3819/2857/534 3818/2855/534
f 3820/2858/534 3819/2857/534 3821/2856/534
f 3939/2763/534 3941/2764/534 3940/2765/534
f 3939/2763/534 3942/2766/534 3941/2764/534
f 3938/2767/534 3942/2766/534 3939/2763/534
f 3938/2767/534 3943/2768/534 3942/2766/534
f 3937/2769/534 3943/2768/534 3938/2767/534
f 3937/2769/534 3944/2770/534 3943/2768/534
f 3936/2771/534 3944/2770/534 3937/2769/534
f 3936/2771/534 3945/2772/534 3944/2770/534
f 3935/2773/534 3945/2772/534 3936/2771/534
f 3935/2773/534 3946/2774/534 3945/2772/534
f 3934/2775/534 3946/2774/534 3935/2773/534
f 3934/2775/534 3947/2776/534 3946/2774/534
f 3933/2777/534 3988/2778/534 3934/2775/534
f 3988/2778/534 3947/2776/534 3934/2775/534
f 3933/2777/534 3989/2779/534 3988/2778/534
f 3987/2780/534 3947/2776/534 3988/2778/534
f 3933/2777/534 3990/2781/534 3989/2779/534
f 3986/2782/534 3947/2776/534 3987/2780/534
f 3933/2777/534 3991/2783/534 3990/2781/534
f 3985/2784/534 3947/2776/534 3986/2782/534
f 3985/2784/534 3948/2785/534 3947/2776/534
f 3932/2786/534 3991/2783/534 3933/2777/534
f 3932/2786/534 3992/2787/534 3991/2783/534
f 3984/2788/534 3948/2785/534 3985/2784/534
f 3932/2786/534 3993/2789/534 3992/2787/534
f 3983/2790/534 3948/2785/534 3984/2788/534
f 3932/2786/534 3994/2791/534 3993/2789/534
f 3982/2792/534 3948/2785/534 3983/2790/534
f 3982/2792/534 3949/2793/534 3948/2785/534
f 3931/2794/534 3994/2791/534 3932/2786/534
f 3931/2794/534 3995/2795/534 3994/2791/534
f 3981/2796/534 3949/2793/534 3982/2792/534
f 3931/2794/534 3996/2797/534 3995/2795/534
f 3980/2798/534 3949/2793/534 3981/2796/534
f 3980/2798/534 3950/2799/534 3949/2793/534
f 3930/2800/534 3996/2797/534 3931/2794/534
f 3930/2800/534 3997/2801/534 3996/2797/534
f 3979/2802/534 3950/2799/534 3980/2798/534
f 3979/2802/534 3951/2803/534 3950/2799/534
f 3929/2804/534 3997/2801/534 3930/2800/534
f 3929/2804/534 3998/2805/534 3997/2801/534
f 3978/2806/534 3951/2803/534 3979/2802/534
f 3929/2804/534 3999/2807/534 3998/2805/534
f 3977/2808/534 3951/2803/534 3978/2806/534
f 3977/2808/534 3952/2809/534 3951/2803/534
f 3928/2810/534 3999/2807/534 3929/2804/534
f 3928/2810/534 4000/2811/534 3999/2807/534
f 3976/2812/534 3952/2809/534 3977/2808/534
f 3927/2813/534 4000/2811/534 3928/2810/534
f 3927/2813/534 3953/2814/534 4000/2811/534
f 3976/2812/534 3905/2815/534 3952/2809/534
f 3975/2816/534 3905/2815/534 3976/2812/534
f 3927/2813/534 3954/2817/534 3953/2814/534
f 3974/2818/534 3905/2815/534 3975/2816/534
f 3926/2819/534 3954/2817/534 3927/2813/534
f 3974/2818/534 3906/2820/534 3905/2815/534
f 3926/2819/534 3955/2821/534 3954/2817/534
f 3973/2822/534 3906/2820/534 3974/2818/534
f 3926/2819/534 3956/2823/534 3955/2821/534
f 3925/2824/534 3956/2823/534 3926/2819/534
f 3972/2825/534 3906/2820/534 3973/2822/534
f 3972/2825/534 3907/2826/534 3906/2820/534
f 3925/2824/534 3957/2827/534 3956/2823/534
f 3971/2828/534 3907/2826/534 3972/2825/534
f 3924/2829/534 3957/2827/534 3925/2824/534
f 3971/2828/534 3908/2830/534 3907/2826/534
f 3924/2829/534 3958/2831/534 3957/2827/534
f 3970/2832/534 3908/2830/534 3971/2828/534
f 3924/2829/534 3959/2833/534 3958/2831/534
f 3969/2834/534 3908/2830/534 3970/2832/534
f 3923/2835/534 3959/2833/534 3924/2829/534
f 3969/2834/534 3909/2836/534 3908/2830/534
f 3923/2835/534 3960/2837/534 3959/2833/534
f 3968/2838/534 3909/2836/534 3969/2834/534
f 3923/2835/534 3961/2839/534 3960/2837/534
f 3967/2840/534 3909/2836/534 3968/2838/534
f 3923/2835/534 3962/2841/534 3961/2839/534
f 3966/2842/534 3909/2836/534 3967/2840/534
f 3922/2843/534 3962/2841/534 3923/2835/534
f 3966/2842/534 3910/2844/534 3909/2836/534
f 3922/2843/534 3963/2845/534 3962/2841/534
f 3965/2846/534 3910/2844/534 3966/2842/534
f 3922/2843/534 3964/2847/534 3963/2845/534
f 3964/2847/534 3910/2844/534 3965/2846/534
f 3922/2843/534 3910/2844/534 3964/2847/534
f 3921/2848/534 3910/2844/534 3922/2843/534
f 3921/2848/534 3911/2849/534 3910/2844/534
f 3920/2850/534 3911/2849/534 3921/2848/534
f 3920/2850/534 3912/2851/534 3911/2849/534
f 3919/2852/534 3912/2851/534 3920/2850/534
f 3919/2852/534 3913/2853/534 3912/2851/534
f 3918/2854/534 3913/2853/534 3919/2852/534
f 3918/2854/534 3914/2855/534 3913/2853/534
f 3917/2856/534 3914/2855/534 3918/2854/534
f 3917/2856/534 3915/2857/534 3914/2855/534
f 3916/2858/534 3915/2857/534 3917/2856/534
f 4035/3108/534 4037/3109/534 4036/3110/534
f 4035/3108/534 4038/3111/534 4037/3109/534
f 4035/3108/534 4039/3112/534 4038/3111/534
f 4035/3108/534 4040/3113/534 4039/3112/534
f 4034/3114/534 4040/3113/534 4035/3108/534
f 4034/3114/534 4041/3115/534 4040/3113/534
f 4034/3114/534 4042/3116/534 4041/3115/534
f 4034/3114/534 4043/3117/534 4042/3116/534
f 4033/3118/534 4043/3117/534 4034/3114/534
f 4033/3118/534 4044/3119/534 4043/3117/534
f 4033/3118/534 4045/3120/534 4044/3119/534
f 4032/3121/534 4045/3120/534 4033/3118/534
f 4032/3121/534 4046/3122/534 4045/3120/534
f 4032/3121/534 4047/3123/534 4046/3122/534
f 4031/3124/534 4047/3123/534 4032/3121/534
f 4031/3124/534 4048/3125/534 4047/3123/534
f 4031/3124/534 4059/3126/534 4048/3125/534
f 4059/3126/534 4058/3127/534 4048/3125/534
f 4058/3127/534 4057/3128/534 4048/3125/534
f 4057/3128/534 4056/3129/534 4048/3125/534
f 4056/3129/534 4055/3130/534 4048/3125/534
f 4055/3130/534 4054/3131/534 4048/3125/534
f 4054/3131/534 4053/3132/534 4048/3125/534
f 4053/3132/534 4052/3133/534 4048/3125/534
f 4052/3133/534 4051/3134/534 4048/3125/534
f 4051/3134/534 4050/3135/534 4048/3125/534
f 4050/3135/534 4049/3136/534 4048/3125/534
f 4030/3137/534 4061/3138/534 4031/3124/534
f 4061/3138/534 4060/3139/534 4031/3124/534
f 4060/3139/534 4059/3126/534 4031/3124/534
f 4030/3137/534 4062/3140/534 4061/3138/534
f 4030/3137/534 4063/3141/534 4062/3140/534
f 4030/3137/534 4064/3142/534 4063/3141/534
f 4029/3143/534 4064/3142/534 4030/3137/534
f 4029/3143/534 4065/3144/534 4064/3142/534
f 4029/3143/534 4066/3145/534 4065/3144/534
f 4028/3146/534 4066/3145/534 4029/3143/534
f 4028/3146/534 4067/3147/534 4066/3145/534
f 4028/3146/534 4068/3148/534 4067/3147/534
f 4027/3149/534 4068/3148/534 4028/3146/534
f 4027/3149/534 4069/3150/534 4068/3148/534
f 4026/3151/534 4069/3150/534 4027/3149/534
f 4026/3151/534 4070/3152/534 4069/3150/534
f 4026/3151/534 4071/3153/534 4070/3152/534
f 4025/3154/534 4071/3153/534 4026/3151/534
f 4025/3154/534 4072/3155/534 4071/3153/534
f 4024/3156/534 4072/3155/534 4025/3154/534
f 4024/3156/534 4073/3157/534 4072/3155/534
f 4024/3156/534 4074/3158/534 4073/3157/534
f 4023/3159/534 4074/3158/534 4024/3156/534
f 4099/3160/534 4101/3161/534 4100/3162/534
f 4099/3160/534 4098/3163/534 4101/3161/534
f 4098/3163/534 4102/2811/534 4101/3161/534
f 4023/3159/534 4075/3164/534 4074/3158/534
f 4022/3165/534 4075/3164/534 4023/3159/534
f 4022/3165/534 4076/3166/534 4075/3164/534
f 4097/3167/534 4102/2811/534 4098/3163/534
f 4021/3168/534 4076/3166/534 4022/3165/534
f 4021/3168/534 4077/3169/534 4076/3166/534
f 4021/3168/534 4078/3170/534 4077/3169/534
f 4020/3171/534 4078/3170/534 4021/3168/534
f 4020/3171/534 4079/3172/534 4078/3170/534
f 4019/3173/534 4079/3172/534 4020/3171/534
f 4019/3173/534 4080/3174/534 4079/3172/534
f 4019/3173/534 4081/3175/534 4080/3174/534
f 4018/3176/534 4081/3175/534 4019/3173/534
f 4018/3176/534 4082/3177/534 4081/3175/534
f 4096/3178/534 4102/2811/534 4097/3167/534
f 4095/3179/534 4102/2811/534 4096/3178/534
f 4094/3180/534 4102/2811/534 4095/3179/534
f 4018/3176/534 4083/3181/534 4082/3177/534
f 4093/3182/534 4102/2811/534 4094/3180/534
f 4092/3183/534 4102/2811/534 4093/3182/534
f 4091/3184/534 4102/2811/534 4092/3183/534
f 4018/3176/534 4084/3185/534 4083/3181/534
f 4017/3186/534 4084/3185/534 4018/3176/534
f 4090/3187/534 4102/2811/534 4091/3184/534
f 4089/3188/534 4102/2811/534 4090/3187/534
f 4088/3189/534 4102/2811/534 4089/3188/534
f 4017/3186/534 4085/3190/534 4084/3185/534
f 4087/3191/534 4102/2811/534 4088/3189/534
f 4086/3192/534 4102/2811/534 4087/3191/534
f 4085/3190/534 4102/2811/534 4086/3192/534
f 4017/3186/534 4102/2811/534 4085/3190/534
f 4016/3193/534 4102/2811/534 4017/3186/534
f 4016/3193/534 4001/2815/534 4102/2811/534
f 4016/3193/534 4002/3194/534 4001/2815/534
f 4015/3195/534 4002/3194/534 4016/3193/534
f 4015/3195/534 4003/3196/534 4002/3194/534
f 4015/3195/534 4004/3197/534 4003/3196/534
f 4014/3198/534 4004/3197/534 4015/3195/534
f 4014/3198/534 4005/3199/534 4004/3197/534
f 4014/3198/534 4006/3200/534 4005/3199/534
f 4014/3198/534 4007/3201/534 4006/3200/534
f 4013/3202/534 4007/3201/534 4014/3198/534
f 4013/3202/534 4008/3203/534 4007/3201/534
f 4013/3202/534 4009/3204/534 4008/3203/534
f 4013/3202/534 4010/3205/534 4009/3204/534
f 4012/3206/534 4010/3205/534 4013/3202/534
f 4012/3206/534 4011/3207/534 4010/3205/534
f 4137/2763/536 4138/2765/536 4139/2764/536
f 4137/2763/536 4139/2764/536 4140/2766/536
f 4136/2767/536 4137/2763/536 4140/2766/536
f 4136/2767/536 4140/2766/536 4141/2768/536
f 4135/2769/536 4136/2767/536 4141/2768/536
f 4135/2769/536 4141/2768/536 4142/2770/536
f 4134/2771/536 4135/2769/536 4142/2770/536
f 4134/2771/536 4142/2770/536 4143/2772/536
f 4133/2773/536 4134/2771/536 4143/2772/536
f 4133/2773/536 4143/2772/536 4144/2774/536
f 4132/2775/536 4133/2773/536 4144/2774/536
f 4132/2775/536 4144/2774/536 4145/2776/536
f 4131/2777/536 4132/2775/536 4186/2778/536
f 4186/2778/536 4132/2775/536 4145/2776/536
f 4131/2777/536 4186/2778/536 4187/2779/536
f 4185/2780/536 4186/2778/536 4145/2776/536
f 4131/2777/536 4187/2779/536 4188/2781/536
f 4184/2782/536 4185/2780/536 4145/2776/536
f 4131/2777/536 4188/2781/536 4189/2783/536
f 4183/2784/536 4184/2782/536 4145/2776/536
f 4183/2784/536 4145/2776/536 4146/2785/536
f 4130/2786/536 4131/2777/536 4189/2783/536
f 4130/2786/536 4189/2783/536 4190/2787/536
f 4182/2788/536 4183/2784/536 4146/2785/536
f 4130/2786/536 4190/2787/536 4191/2789/536
f 4181/2790/536 4182/2788/536 4146/2785/536
f 4130/2786/536 4191/2789/536 4192/2791/536
f 4180/2792/536 4181/2790/536 4146/2785/536
f 4180/2792/536 4146/2785/536 4147/2793/536
f 4129/2794/536 4130/2786/536 4192/2791/536
f 4129/2794/536 4192/2791/536 4193/2795/536
f 4179/2796/536 4180/2792/536 4147/2793/536
f 4129/2794/536 4193/2795/536 4194/2797/536
f 4178/2798/536 4179/2796/536 4147/2793/536
f 4178/2798/536 4147/2793/536 4148/2799/536
f 4128/2800/536 4129/2794/536 4194/2797/536
f 4128/2800/536 4194/2797/536 4195/2801/536
f 4177/2802/536 4178/2798/536 4148/2799/536
f 4177/2802/536 4148/2799/536 4149/2803/536
f 4127/2804/536 4128/2800/536 4195/2801/536
f 4127/2804/536 4195/2801/536 4196/2805/536
f 4176/2806/536 4177/2802/536 4149/2803/536
f 4127/2804/536 4196/2805/536 4197/2807/536
f 4175/2808/536 4176/2806/536 4149/2803/536
f 4175/2808/536 4149/2803/536 4150/2809/536
f 4126/2810/536 4127/2804/536 4197/2807/536
f 4126/2810/536 4197/2807/536 4198/2811/536
f 4174/2812/536 4175/2808/536 4150/2809/536
f 4125/2813/536 4126/2810/536 4198/2811/536
f 4125/2813/536 4198/2811/536 4151/2814/536
f 4174/2812/536 4150/2809/536 4103/2815/536
f 4173/2816/536 4174/2812/536 4103/2815/536
f 4125/2813/536 4151/2814/536 4152/2817/536
f 4172/2818/536 4173/2816/536 4103/2815/536
f 4124/2819/536 4125/2813/536 4152/2817/536
f 4172/2818/536 4103/2815/536 4104/2820/536
f 4124/2819/536 4152/2817/536 4153/2821/536
f 4171/2822/536 4172/2818/536 4104/2820/536
f 4124/2819/536 4153/2821/536 4154/2823/536
f 4123/2824/536 4124/2819/536 4154/2823/536
f 4170/2825/536 4171/2822/536 4104/2820/536
f 4170/2825/536 4104/2820/536 4105/2826/536
f 4123/2824/536 4154/2823/536 4155/2827/536
f 4169/2828/536 4170/2825/536 4105/2826/536
f 4122/2829/536 4123/2824/536 4155/2827/536
f 4169/2828/536 4105/2826/536 4106/2830/536
f 4122/2829/536 4155/2827/536 4156/2831/536
f 4168/2832/536 4169/2828/536 4106/2830/536
f 4122/2829/536 4156/2831/536 4157/2833/536
f 4167/2834/536 4168/2832/536 4106/2830/536
f 4121/2835/536 4122/2829/536 4157/2833/536
f 4167/2834/536 4106/2830/536 4107/2836/536
f 4121/2835/536 4157/2833/536 4158/2837/536
f 4166/2838/536 4167/2834/536 4107/2836/536
f 4121/2835/536 4158/2837/536 4159/2839/536
f 4165/2840/536 4166/2838/536 4107/2836/536
f 4121/2835/536 4159/2839/536 4160/2841/536
f 4164/2842/536 4165/2840/536 4107/2836/536
f 4120/2843/536 4121/2835/536 4160/2841/536
f 4164/2842/536 4107/2836/536 4108/2844/536
f 4120/2843/536 4160/2841/536 4161/2845/536
f 4163/2846/536 4164/2842/536 4108/2844/536
f 4120/2843/536 4161/2845/536 4162/2847/536
f 4162/2847/536 4163/2846/536 4108/2844/536
f 4120/2843/536 4162/2847/536 4108/2844/536
f 4119/2848/536 4120/2843/536 4108/2844/536
f 4119/2848/536 4108/2844/536 4109/2849/536
f 4118/2850/536 4119/2848/536 4109/2849/536
f 4118/2850/536 4109/2849/536 4110/2851/536
f 4117/2852/536 4118/2850/536 4110/2851/536
f 4117/2852/536 4110/2851/536 4111/2853/536
f 4116/2854/536 4117/2852/536 4111/2853/536
f 4116/2854/536 4111/2853/536 4112/2855/536
f 4115/2856/536 4116/2854/536 4112/2855/536
f 4115/2856/536 4112/2855/536 4113/2857/536
f 4114/2858/536 4115/2856/536 4113/2857/536
f 4199/2815/536 4200/2860/536 4201/2859/536
f 4199/2815/536 4201/2859/536 4202/2811/536
f 4251/2861/536 4252/2863/536 4253/2862/536
f 4251/2861/536 4253/2862/536 4254/2811/536
f 4225/2864/536 4226/2866/536 4227/2865/536
f 4225/2864/536 4227/2865/536 4228/2867/536
f 4224/2868/536 4225/2864/536 4228/2867/536
f 4224/2868/536 4228/2867/536 4229/2869/536
f 4223/2870/536 4224/2868/536 4229/2869/536
f 4223/2870/536 4229/2869/536 4230/2871/536
f 4222/2872/536 4223/2870/536 4230/2871/536
f 4222/2872/536 4230/2871/536 4231/2873/536
f 4221/2874/536 4222/2872/536 4231/2873/536
f 4221/2874/536 4231/2873/536 4232/2875/536
f 4220/2860/536 4221/2874/536 4232/2875/536
f 4220/2860/536 4232/2875/536 4233/2876/536
f 4219/2877/536 4220/2860/536 4233/2876/536
f 4219/2877/536 4233/2876/536 4234/2878/536
f 4218/2879/536 4219/2877/536 4234/2878/536
f 4218/2879/536 4234/2878/536 4235/2880/536
f 4217/2881/536 4218/2879/536 4235/2880/536
f 4217/2881/536 4235/2880/536 4236/2882/536
f 4216/2883/536 4217/2881/536 4236/2882/536
f 4216/2883/536 4236/2882/536 4237/2859/536
f 4215/2884/536 4216/2883/536 4237/2859/536
f 4215/2884/536 4237/2859/536 4238/2885/536
f 4214/2886/536 4215/2884/536 4238/2885/536
f 4213/2887/536 4214/2886/536 4238/2885/536
f 4213/2887/536 4238/2885/536 4239/2888/536
f 4212/2889/536 4213/2887/536 4239/2888/536
f 4212/2889/536 4239/2888/536 4240/2890/536
f 4211/2891/536 4212/2889/536 4240/2890/536
f 4211/2891/536 4240/2890/536 4241/2892/536
f 4210/2893/536 4211/2891/536 4241/2892/536
f 4210/2893/536 4241/2892/536 4242/2894/536
f 4209/2895/536 4210/2893/536 4242/2894/536
f 4209/2895/536 4242/2894/536 4243/2896/536
f 4208/2897/536 4209/2895/536 4243/2896/536
f 4208/2897/536 4243/2896/536 4244/2898/536
f 4207/2899/536 4208/2897/536 4244/2898/536
f 4207/2899/536 4244/2898/536 4245/2900/536
f 4206/2901/536 4207/2899/536 4245/2900/536
f 4206/2901/536 4245/2900/536 4246/2902/536
f 4205/2903/536 4206/2901/536 4246/2902/536
f 4205/2903/536 4246/2902/536 4247/2904/536
f 4204/2905/536 4205/2903/536 4247/2904/536
f 4204/2905/536 4247/2904/536 4248/2906/536
f 4203/2815/536 4204/2905/536 4248/2906/536
f 4203/2815/536 4248/2906/536 4249/2907/536
f 4250/2908/536 4203/2815/536 4249/2907/536
f 4258/2909/536 4259/2768/536 4260/2910/536
f 4258/2909/536 4260/2910/536 4261/2841/536
f 4261/2841/536 4262/2911/536 4263/2796/536
f 4261/2841/536 4263/2796/536 4264/2912/536
f 4258/2909/536 4261/2841/536 4256/2913/536
f 4256/2913/536 4261/2841/536 4264/2912/536
f 4256/2913/536 4264/2912/536 4265/2811/536
f 4258/2909/536 4256/2913/536 4257/2829/536
f 4255/2815/536 4256/2913/536 4265/2811/536
f 4266/2815/536 4267/2860/536 4268/2859/536
f 4266/2815/536 4268/2859/536 4269/2811/536
f 4316/2914/536 4317/2916/536 4318/2915/536
f 4315/2917/536 4316/2914/536 4318/2915/536
f 4315/2917/536 4318/2915/536 4319/2918/536
f 4314/2860/536 4315/2917/536 4319/2918/536
f 4314/2860/536 4319/2918/536 4320/2919/536
f 4313/2920/536 4314/2860/536 4320/2919/536
f 4313/2920/536 4320/2919/536 4321/2921/536
f 4312/2922/536 4313/2920/536 4321/2921/536
f 4312/2922/536 4321/2921/536 4322/2923/536
f 4311/2924/536 4312/2922/536 4322/2923/536
f 4311/2924/536 4322/2923/536 4323/2925/536
f 4310/2926/536 4311/2924/536 4323/2925/536
f 4310/2926/536 4323/2925/536 4324/2927/536
f 4309/2928/536 4310/2926/536 4379/2929/536
f 4379/2929/536 4310/2926/536 4378/2930/536
f 4378/2930/536 4310/2926/536 4324/2927/536
f 4377/2931/536 4378/2930/536 4324/2927/536
f 4309/2928/536 4379/2929/536 4380/2932/536
f 4376/2933/536 4377/2931/536 4324/2927/536
f 4376/2933/536 4324/2927/536 4325/2934/536
f 4309/2928/536 4380/2932/536 4381/2935/536
f 4375/2936/536 4376/2933/536 4325/2934/536
f 4309/2928/536 4381/2935/536 4382/2937/536
f 4374/2938/536 4375/2936/536 4325/2934/536
f 4308/2939/536 4309/2928/536 4382/2937/536
f 4308/2939/536 4382/2937/536 4383/2940/536
f 4373/2941/536 4374/2938/536 4325/2934/536
f 4308/2939/536 4383/2940/536 4384/2942/536
f 4372/2943/536 4373/2941/536 4325/2934/536
f 4372/2943/536 4325/2934/536 4326/2944/536
f 4308/2939/536 4384/2942/536 4385/2945/536
f 4307/2946/536 4308/2939/536 4385/2945/536
f 4371/2947/536 4372/2943/536 4326/2944/536
f 4307/2946/536 4385/2945/536 4386/2948/536
f 4370/2949/536 4371/2947/536 4326/2944/536
f 4307/2946/536 4386/2948/536 4387/2950/536
f 4370/2949/536 4326/2944/536 4327/2951/536
f 4306/2952/536 4307/2946/536 4387/2950/536
f 4369/2953/536 4370/2949/536 4327/2951/536
f 4306/2952/536 4387/2950/536 4388/2954/536
f 4368/2955/536 4369/2953/536 4327/2951/536
f 4306/2952/536 4388/2954/536 4389/2956/536
f 4305/2957/536 4306/2952/536 4389/2956/536
f 4368/2955/536 4327/2951/536 4328/2958/536
f 4367/2959/536 4368/2955/536 4328/2958/536
f 4305/2957/536 4389/2956/536 4390/2960/536
f 4366/2961/536 4367/2959/536 4328/2958/536
f 4305/2957/536 4390/2960/536 4391/2962/536
f 4304/2963/536 4305/2957/536 4391/2962/536
f 4366/2961/536 4328/2958/536 4329/2964/536
f 4304/2963/536 4391/2962/536 4392/2965/536
f 4365/2966/536 4366/2961/536 4329/2964/536
f 4364/2967/536 4365/2966/536 4329/2964/536
f 4363/2968/536 4364/2967/536 4329/2964/536
f 4362/2969/536 4363/2968/536 4329/2964/536
f 4303/2970/536 4304/2963/536 4392/2965/536
f 4303/2970/536 4392/2965/536 4393/2971/536
f 4361/2972/536 4362/2969/536 4329/2964/536
f 4360/2973/536 4361/2972/536 4329/2964/536
f 4359/2974/536 4360/2973/536 4329/2964/536
f 4303/2970/536 4393/2971/536 4394/2975/536
f 4358/2859/536 4359/2974/536 4329/2964/536
f 4358/2859/536 4329/2964/536 4330/2976/536
f 4357/2977/536 4358/2859/536 4330/2976/536
f 4356/2978/536 4357/2977/536 4330/2976/536
f 4303/2970/536 4394/2975/536 4395/2979/536
f 4302/2980/536 4303/2970/536 4395/2979/536
f 4355/2981/536 4356/2978/536 4330/2976/536
f 4354/2982/536 4355/2981/536 4330/2976/536
f 4302/2980/536 4395/2979/536 4396/2983/536
f 4353/2984/536 4354/2982/536 4330/2976/536
f 4302/2980/536 4396/2983/536 4397/2985/536
f 4352/2986/536 4353/2984/536 4330/2976/536
f 4301/2987/536 4302/2980/536 4397/2985/536
f 4351/2988/536 4352/2986/536 4330/2976/536
f 4301/2987/536 4397/2985/536 4398/2989/536
f 4350/2990/536 4351/2988/536 4330/2976/536
f 4350/2990/536 4330/2976/536 4331/2991/536
f 4349/2992/536 4350/2990/536 4331/2991/536
f 4301/2987/536 4398/2989/536 4399/2993/536
f 4348/2994/536 4349/2992/536 4331/2991/536
f 4347/2995/536 4348/2994/536 4331/2991/536
f 4301/2987/536 4399/2993/536 4400/2996/536
f 4346/2997/536 4347/2995/536 4331/2991/536
f 4300/2998/536 4301/2987/536 4400/2996/536
f 4300/2998/536 4400/2996/536 4401/2999/536
f 4345/3000/536 4346/2997/536 4331/2991/536
f 4344/3001/536 4345/3000/536 4331/2991/536
f 4300/2998/536 4401/2999/536 4402/2811/536
f 4343/3002/536 4344/3001/536 4331/2991/536
f 4402/2811/536 4343/3002/536 4331/2991/536
f 4300/2998/536 4402/2811/536 4331/2991/536
f 4299/3003/536 4300/2998/536 4331/2991/536
f 4299/3003/536 4331/2991/536 4332/3004/536
f 4298/3005/536 4299/3003/536 4332/3004/536
f 4297/3006/536 4298/3005/536 4281/3007/536
f 4281/3007/536 4298/3005/536 4332/3004/536
f 4297/3006/536 4281/3007/536 4282/3008/536
f 4280/3009/536 4281/3007/536 4332/3004/536
f 4296/3010/536 4297/3006/536 4282/3008/536
f 4280/3009/536 4332/3004/536 4333/3011/536
f 4296/3010/536 4282/3008/536 4283/3012/536
f 4296/3010/536 4283/3012/536 4284/3013/536
f 4296/3010/536 4284/3013/536 4285/3014/536
f 4295/3015/536 4296/3010/536 4285/3014/536
f 4295/3015/536 4285/3014/536 4286/3016/536
f 4295/3015/536 4286/3016/536 4287/3017/536
f 4295/3015/536 4287/3017/536 4288/3018/536
f 4279/3019/536 4280/3009/536 4333/3011/536
f 4294/3020/536 4295/3015/536 4288/3018/536
f 4294/3020/536 4288/3018/536 4289/3021/536
f 4294/3020/536 4289/3021/536 4290/3022/536
f 4294/3020/536 4290/3022/536 4291/3023/536
f 4293/3024/536 4294/3020/536 4291/3023/536
f 4293/3024/536 4291/3023/536 4292/3025/536
f 4278/3026/536 4279/3019/536 4333/3011/536
f 4278/3026/536 4333/3011/536 4334/3027/536
f 4277/3028/536 4278/3026/536 4334/3027/536
f 4277/3028/536 4334/3027/536 4335/3029/536
f 4276/3030/536 4277/3028/536 4335/3029/536
f 4275/3031/536 4276/3030/536 4335/3029/536
f 4275/3031/536 4335/3029/536 4336/2910/536
f 4274/3032/536 4275/3031/536 4336/2910/536
f 4273/3033/536 4274/3032/536 4336/2910/536
f 4273/3033/536 4336/2910/536 4337/3034/536
f 4272/3035/536 4273/3033/536 4337/3034/536
f 4271/3036/536 4272/3035/536 4337/3034/536
f 4271/3036/536 4337/3034/536 4338/3037/536
f 4270/2815/536 4271/3036/536 4338/3037/536
f 4342/3038/536 4270/2815/536 4338/3037/536
f 4342/3038/536 4338/3037/536 4339/3039/536
f 4341/3040/536 4342/3038/536 4339/3039/536
f 4341/3040/536 4339/3039/536 4340/3041/536
f 4449/2914/536 4450/2916/536 4451/2915/536
f 4448/2917/536 4449/2914/536 4451/2915/536
f 4448/2917/536 4451/2915/536 4452/2918/536
f 4447/2860/536 4448/2917/536 4452/2918/536
f 4447/2860/536 4452/2918/536 4453/2919/536
f 4446/2920/536 4447/2860/536 4453/2919/536
f 4446/2920/536 4453/2919/536 4454/2921/536
f 4445/2922/536 4446/2920/536 4454/2921/536
f 4445/2922/536 4454/2921/536 4455/2923/536
f 4444/2924/536 4445/2922/536 4455/2923/536
f 4444/2924/536 4455/2923/536 4456/2925/536
f 4443/2926/536 4444/2924/536 4456/2925/536
f 4443/2926/536 4456/2925/536 4457/2927/536
f 4442/2928/536 4443/2926/536 4512/2929/536
f 4512/2929/536 4443/2926/536 4511/2930/536
f 4511/2930/536 4443/2926/536 4457/2927/536
f 4510/2931/536 4511/2930/536 4457/2927/536
f 4442/2928/536 4512/2929/536 4513/2932/536
f 4509/2933/536 4510/2931/536 4457/2927/536
f 4509/2933/536 4457/2927/536 4458/2934/536
f 4442/2928/536 4513/2932/536 4514/2935/536
f 4508/2936/536 4509/2933/536 4458/2934/536
f 4442/2928/536 4514/2935/536 4515/2937/536
f 4507/2938/536 4508/2936/536 4458/2934/536
f 4441/2939/536 4442/2928/536 4515/2937/536
f 4441/2939/536 4515/2937/536 4516/2940/536
f 4506/2941/536 4507/2938/536 4458/2934/536
f 4441/2939/536 4516/2940/536 4517/2942/536
f 4505/2943/536 4506/2941/536 4458/2934/536
f 4505/2943/536 4458/2934/536 4459/2944/536
f 4441/2939/536 4517/2942/536 4518/2945/536
f 4440/2946/536 4441/2939/536 4518/2945/536
f 4504/2947/536 4505/2943/536 4459/2944/536
f 4440/2946/536 4518/2945/536 4519/2948/536
f 4503/2949/536 4504/2947/536 4459/2944/536
f 4440/2946/536 4519/2948/536 4520/2950/536
f 4503/2949/536 4459/2944/536 4460/2951/536
f 4439/2952/536 4440/2946/536 4520/2950/536
f 4502/2953/536 4503/2949/536 4460/2951/536
f 4439/2952/536 4520/2950/536 4521/2954/536
f 4501/2955/536 4502/2953/536 4460/2951/536
f 4439/2952/536 4521/2954/536 4522/2956/536
f 4438/2957/536 4439/2952/536 4522/2956/536
f 4501/2955/536 4460/2951/536 4461/2958/536
f 4500/2959/536 4501/2955/536 4461/2958/536
f 4438/2957/536 4522/2956/536 4523/2960/536
f 4499/2961/536 4500/2959/536 4461/2958/536
f 4438/2957/536 4523/2960/536 4524/2962/536
f 4437/2963/536 4438/2957/536 4524/2962/536
f 4499/2961/536 4461/2958/536 4462/2964/536
f 4437/2963/536 4524/2962/536 4525/2965/536
f 4498/2966/536 4499/2961/536 4462/2964/536
f 4497/2967/536 4498/2966/536 4462/2964/536
f 4496/2968/536 4497/2967/536 4462/2964/536
f 4495/2969/536 4496/2968/536 4462/2964/536
f 4436/2970/536 4437/2963/536 4525/2965/536
f 4436/2970/536 4525/2965/536 4526/2971/536
f 4494/2972/536 4495/2969/536 4462/2964/536
f 4493/2973/536 4494/2972/536 4462/2964/536
f 4492/2974/536 4493/2973/536 4462/2964/536
f 4436/2970/536 4526/2971/536 4527/2975/536
f 4491/2859/536 4492/2974/536 4462/2964/536
f 4491/2859/536 4462/2964/536 4463/2976/536
f 4490/2977/536 4491/2859/536 4463/2976/536
f 4489/2978/536 4490/2977/536 4463/2976/536
f 4436/2970/536 4527/2975/536 4528/2979/536
f 4435/2980/536 4436/2970/536 4528/2979/536
f 4488/2981/536 4489/2978/536 4463/2976/536
f 4487/2982/536 4488/2981/536 4463/2976/536
f 4435/2980/536 4528/2979/536 4529/2983/536
f 4486/2984/536 4487/2982/536 4463/2976/536
f 4435/2980/536 4529/2983/536 4530/2985/536
f 4485/2986/536 4486/2984/536 4463/2976/536
f 4434/2987/536 4435/2980/536 4530/2985/536
f 4484/2988/536 4485/2986/536 4463/2976/536
f 4434/2987/536 4530/2985/536 4531/2989/536
f 4483/2990/536 4484/2988/536 4463/2976/536
f 4483/2990/536 4463/2976/536 4464/2991/536
f 4482/2992/536 4483/2990/536 4464/2991/536
f 4434/2987/536 4531/2989/536 4532/2993/536
f 4481/2994/536 4482/2992/536 4464/2991/536
f 4480/2995/536 4481/2994/536 4464/2991/536
f 4434/2987/536 4532/2993/536 4533/2996/536
f 4479/2997/536 4480/2995/536 4464/2991/536
f 4433/2998/536 4434/2987/536 4533/2996/536
f 4433/2998/536 4533/2996/536 4534/2999/536
f 4478/3000/536 4479/2997/536 4464/2991/536
f 4477/3001/536 4478/3000/536 4464/2991/536
f 4433/2998/536 4534/2999/536 4535/2811/536
f 4476/3002/536 4477/3001/536 4464/2991/536
f 4535/2811/536 4476/3002/536 4464/2991/536
f 4433/2998/536 4535/2811/536 4464/2991/536
f 4432/3003/536 4433/2998/536 4464/2991/536
f 4432/3003/536 4464/2991/536 4465/3004/536
f 4431/3005/536 4432/3003/536 4465/3004/536
f 4430/3006/536 4431/3005/536 4414/3007/536
f 4414/3007/536 4431/3005/536 4465/3004/536
f 4430/3006/536 4414/3007/536 4415/3008/536
f 4413/3009/536 4414/3007/536 4465/3004/536
f 4429/3010/536 4430/3006/536 4415/3008/536
f 4413/3009/536 4465/3004/536 4466/3011/536
f 4429/3010/536 4415/3008/536 4416/3012/536
f 4429/3010/536 4416/3012/536 4417/3013/536
f 4429/3010/536 4417/3013/536 4418/3014/536
f 4428/3015/536 4429/3010/536 4418/3014/536
f 4428/3015/536 4418/3014/536 4419/3016/536
f 4428/3015/536 4419/3016/536 4420/3017/536
f 4428/3015/536 4420/3017/536 4421/3018/536
f 4412/3019/536 4413/3009/536 4466/3011/536
f 4427/3020/536 4428/3015/536 4421/3018/536
f 4427/3020/536 4421/3018/536 4422/3021/536
f 4427/3020/536 4422/3021/536 4423/3022/536
f 4427/3020/536 4423/3022/536 4424/3023/536
f 4426/3024/536 4427/3020/536 4424/3023/536
f 4426/3024/536 4424/3023/536 4425/3025/536
f 4411/3026/536 4412/3019/536 4466/3011/536
f 4411/3026/536 4466/3011/536 4467/3027/536
f 4410/3028/536 4411/3026/536 4467/3027/536
f 4410/3028/536 4467/3027/536 4468/3029/536
f 4409/3030/536 4410/3028/536 4468/3029/536
f 4408/3031/536 4409/3030/536 4468/3029/536
f 4408/3031/536 4468/3029/536 4469/2910/536
f 4407/3032/536 4408/3031/536 4469/2910/536
f 4406/3033/536 4407/3032/536 4469/2910/536
f 4406/3033/536 4469/2910/536 4470/3034/536
f 4405/3035/536 4406/3033/536 4470/3034/536
f 4404/3036/536 4405/3035/536 4470/3034/536
f 4404/3036/536 4470/3034/536 4471/3037/536
f 4403/2815/536 4404/3036/536 4471/3037/536
f 4475/3038/536 4403/2815/536 4471/3037/536
f 4475/3038/536 4471/3037/536 4472/3039/536
f 4474/3040/536 4475/3038/536 4472/3039/536
f 4474/3040/536 4472/3039/536 4473/3041/536
f 4582/2914/536 4583/2916/536 4584/2915/536
f 4581/2917/536 4582/2914/536 4584/2915/536
f 4581/2917/536 4584/2915/536 4585/2918/536
f 4580/2860/536 4581/2917/536 4585/2918/536
f 4580/2860/536 4585/2918/536 4586/2919/536
f 4579/2920/536 4580/2860/536 4586/2919/536
f 4579/2920/536 4586/2919/536 4587/2921/536
f 4578/2922/536 4579/2920/536 4587/2921/536
f 4578/2922/536 4587/2921/536 4588/2923/536
f 4577/2924/536 4578/2922/536 4588/2923/536
f 4577/2924/536 4588/2923/536 4589/2925/536
f 4576/2926/536 4577/2924/536 4589/2925/536
f 4576/2926/536 4589/2925/536 4590/2927/536
f 4575/2928/536 4576/2926/536 4645/2929/536
f 4645/2929/536 4576/2926/536 4644/2930/536
f 4644/2930/536 4576/2926/536 4590/2927/536
f 4643/2931/536 4644/2930/536 4590/2927/536
f 4575/2928/536 4645/2929/536 4646/2932/536
f 4642/2933/536 4643/2931/536 4590/2927/536
f 4642/2933/536 4590/2927/536 4591/2934/536
f 4575/2928/536 4646/2932/536 4647/2935/536
f 4641/2936/536 4642/2933/536 4591/2934/536
f 4575/2928/536 4647/2935/536 4648/2937/536
f 4640/2938/536 4641/2936/536 4591/2934/536
f 4574/2939/536 4575/2928/536 4648/2937/536
f 4574/2939/536 4648/2937/536 4649/2940/536
f 4639/2941/536 4640/2938/536 4591/2934/536
f 4574/2939/536 4649/2940/536 4650/2942/536
f 4638/2943/536 4639/2941/536 4591/2934/536
f 4638/2943/536 4591/2934/536 4592/2944/536
f 4574/2939/536 4650/2942/536 4651/2945/536
f 4573/2946/536 4574/2939/536 4651/2945/536
f 4637/2947/536 4638/2943/536 4592/2944/536
f 4573/2946/536 4651/2945/536 4652/2948/536
f 4636/2949/536 4637/2947/536 4592/2944/536
f 4573/2946/536 4652/2948/536 4653/2950/536
f 4636/2949/536 4592/2944/536 4593/2951/536
f 4572/2952/536 4573/2946/536 4653/2950/536
f 4635/2953/536 4636/2949/536 4593/2951/536
f 4572/2952/536 4653/2950/536 4654/2954/536
f 4634/2955/536 4635/2953/536 4593/2951/536
f 4572/2952/536 4654/2954/536 4655/2956/536
f 4571/2957/536 4572/2952/536 4655/2956/536
f 4634/2955/536 4593/2951/536 4594/2958/536
f 4633/2959/536 4634/2955/536 4594/2958/536
f 4571/2957/536 4655/2956/536 4656/2960/536
f 4632/2961/536 4633/2959/536 4594/2958/536
f 4571/2957/536 4656/2960/536 4657/2962/536
f 4570/2963/536 4571/2957/536 4657/2962/536
f 4632/2961/536 4594/2958/536 4595/2964/536
f 4570/2963/536 4657/2962/536 4658/2965/536
f 4631/2966/536 4632/2961/536 4595/2964/536
f 4630/2967/536 4631/2966/536 4595/2964/536
f 4629/2968/536 4630/2967/536 4595/2964/536
f 4628/2969/536 4629/2968/536 4595/2964/536
f 4569/2970/536 4570/2963/536 4658/2965/536
f 4569/2970/536 4658/2965/536 4659/2971/536
f 4627/2972/536 4628/2969/536 4595/2964/536
f 4626/2973/536 4627/2972/536 4595/2964/536
f 4625/2974/536 4626/2973/536 4595/2964/536
f 4569/2970/536 4659/2971/536 4660/2975/536
f 4624/2859/536 4625/2974/536 4595/2964/536
f 4624/2859/536 4595/2964/536 4596/2976/536
f 4623/2977/536 4624/2859/536 4596/2976/536
f 4622/2978/536 4623/2977/536 4596/2976/536
f 4569/2970/536 4660/2975/536 4661/2979/536
f 4568/2980/536 4569/2970/536 4661/2979/536
f 4621/2981/536 4622/2978/536 4596/2976/536
f 4620/2982/536 4621/2981/536 4596/2976/536
f 4568/2980/536 4661/2979/536 4662/2983/536
f 4619/2984/536 4620/2982/536 4596/2976/536
f 4568/2980/536 4662/2983/536 4663/2985/536
f 4618/2986/536 4619/2984/536 4596/2976/536
f 4567/2987/536 4568/2980/536 4663/2985/536
f 4617/2988/536 4618/2986/536 4596/2976/536
f 4567/2987/536 4663/2985/536 4664/2989/536
f 4616/2990/536 4617/2988/536 4596/2976/536
f 4616/2990/536 4596/2976/536 4597/2991/536
f 4615/2992/536 4616/2990/536 4597/2991/536
f 4567/2987/536 4664/2989/536 4665/2993/536
f 4614/2994/536 4615/2992/536 4597/2991/536
f 4613/2995/536 4614/2994/536 4597/2991/536
f 4567/2987/536 4665/2993/536 4666/2996/536
f 4612/2997/536 4613/2995/536 4597/2991/536
f 4566/2998/536 4567/2987/536 4666/2996/536
f 4566/2998/536 4666/2996/536 4667/2999/536
f 4611/3000/536 4612/2997/536 4597/2991/536
f 4610/3001/536 4611/3000/536 4597/2991/536
f 4566/2998/536 4667/2999/536 4668/2811/536
f 4609/3002/536 4610/3001/536 4597/2991/536
f 4668/2811/536 4609/3002/536 4597/2991/536
f 4566/2998/536 4668/2811/536 4597/2991/536
f 4565/3003/536 4566/2998/536 4597/2991/536
f 4565/3003/536 4597/2991/536 4598/3004/536
f 4564/3005/536 4565/3003/536 4598/3004/536
f 4563/3006/536 4564/3005/536 4547/3007/536
f 4547/3007/536 4564/3005/536 4598/3004/536
f 4563/3006/536 4547/3007/536 4548/3008/536
f 4546/3009/536 4547/3007/536 4598/3004/536
f 4562/3010/536 4563/3006/536 4548/3008/536
f 4546/3009/536 4598/3004/536 4599/3011/536
f 4562/3010/536 4548/3008/536 4549/3012/536
f 4562/3010/536 4549/3012/536 4550/3013/536
f 4562/3010/536 4550/3013/536 4551/3014/536
f 4561/3015/536 4562/3010/536 4551/3014/536
f 4561/3015/536 4551/3014/536 4552/3016/536
f 4561/3015/536 4552/3016/536 4553/3017/536
f 4561/3015/536 4553/3017/536 4554/3018/536
f 4545/3019/536 4546/3009/536 4599/3011/536
f 4560/3020/536 4561/3015/536 4554/3018/536
f 4560/3020/536 4554/3018/536 4555/3021/536
f 4560/3020/536 4555/3021/536 4556/3022/536
f 4560/3020/536 4556/3022/536 4557/3023/536
f 4559/3024/536 4560/3020/536 4557/3023/536
f 4559/3024/536 4557/3023/536 4558/3025/536
f 4544/3026/536 4545/3019/536 4599/3011/536
f 4544/3026/536 4599/3011/536 4600/3027/536
f 4543/3028/536 4544/3026/536 4600/3027/536
f 4543/3028/536 4600/3027/536 4601/3029/536
f 4542/3030/536 4543/3028/536 4601/3029/536
f 4541/3031/536 4542/3030/536 4601/3029/536
f 4541/3031/536 4601/3029/536 4602/2910/536
f 4540/3032/536 4541/3031/536 4602/2910/536
f 4539/3033/536 4540/3032/536 4602/2910/536
f 4539/3033/536 4602/2910/536 4603/3034/536
f 4538/3035/536 4539/3033/536 4603/3034/536
f 4537/3036/536 4538/3035/536 4603/3034/536
f 4537/3036/536 4603/3034/536 4604/3037/536
f 4536/2815/536 4537/3036/536 4604/3037/536
f 4608/3038/536 4536/2815/536 4604/3037/536
f 4608/3038/536 4604/3037/536 4605/3039/536
f 4607/3040/536 4608/3038/536 4605/3039/536
f 4607/3040/536 4605/3039/536 4606/3041/536
f 4715/2914/536 4716/2916/536 4717/2915/536
f 4714/2917/536 4715/2914/536 4717/2915/536
f 4714/2917/536 4717/2915/536 4718/2918/536
f 4713/2860/536 4714/2917/536 4718/2918/536
f 4713/2860/536 4718/2918/536 4719/2919/536
f 4712/2920/536 4713/2860/536 4719/2919/536
f 4712/2920/536 4719/2919/536 4720/2921/536
f 4711/2922/536 4712/2920/536 4720/2921/536
f 4711/2922/536 4720/2921/536 4721/2923/536
f 4710/2924/536 4711/2922/536 4721/2923/536
f 4710/2924/536 4721/2923/536 4722/2925/536
f 4709/2926/536 4710/2924/536 4722/2925/536
f 4709/2926/536 4722/2925/536 4723/2927/536
f 4708/2928/536 4709/2926/536 4778/2929/536
f 4778/2929/536 4709/2926/536 4777/2930/536
f 4777/2930/536 4709/2926/536 4723/2927/536
f 4776/2931/536 4777/2930/536 4723/2927/536
f 4708/2928/536 4778/2929/536 4779/2932/536
f 4775/2933/536 4776/2931/536 4723/2927/536
f 4775/2933/536 4723/2927/536 4724/2934/536
f 4708/2928/536 4779/2932/536 4780/2935/536
f 4774/2936/536 4775/2933/536 4724/2934/536
f 4708/2928/536 4780/2935/536 4781/2937/536
f 4773/2938/536 4774/2936/536 4724/2934/536
f 4707/2939/536 4708/2928/536 4781/2937/536
f 4707/2939/536 4781/2937/536 4782/2940/536
f 4772/2941/536 4773/2938/536 4724/2934/536
f 4707/2939/536 4782/2940/536 4783/2942/536
f 4771/2943/536 4772/2941/536 4724/2934/536
f 4771/2943/536 4724/2934/536 4725/2944/536
f 4707/2939/536 4783/2942/536 4784/2945/536
f 4706/2946/536 4707/2939/536 4784/2945/536
f 4770/2947/536 4771/2943/536 4725/2944/536
f 4706/2946/536 4784/2945/536 4785/2948/536
f 4769/2949/536 4770/2947/536 4725/2944/536
f 4706/2946/536 4785/2948/536 4786/2950/536
f 4769/2949/536 4725/2944/536 4726/2951/536
f 4705/2952/536 4706/2946/536 4786/2950/536
f 4768/2953/536 4769/2949/536 4726/2951/536
f 4705/2952/536 4786/2950/536 4787/2954/536
f 4767/2955/536 4768/2953/536 4726/2951/536
f 4705/2952/536 4787/2954/536 4788/2956/536
f 4704/2957/536 4705/2952/536 4788/2956/536
f 4767/2955/536 4726/2951/536 4727/2958/536
f 4766/2959/536 4767/2955/536 4727/2958/536
f 4704/2957/536 4788/2956/536 4789/2960/536
f 4765/2961/536 4766/2959/536 4727/2958/536
f 4704/2957/536 4789/2960/536 4790/2962/536
f 4703/2963/536 4704/2957/536 4790/2962/536
f 4765/2961/536 4727/2958/536 4728/2964/536
f 4703/2963/536 4790/2962/536 4791/2965/536
f 4764/2966/536 4765/2961/536 4728/2964/536
f 4763/2967/536 4764/2966/536 4728/2964/536
f 4762/2968/536 4763/2967/536 4728/2964/536
f 4761/2969/536 4762/2968/536 4728/2964/536
f 4702/2970/536 4703/2963/536 4791/2965/536
f 4702/2970/536 4791/2965/536 4792/2971/536
f 4760/2972/536 4761/2969/536 4728/2964/536
f 4759/2973/536 4760/2972/536 4728/2964/536
f 4758/2974/536 4759/2973/536 4728/2964/536
f 4702/2970/536 4792/2971/536 4793/2975/536
f 4757/2859/536 4758/2974/536 4728/2964/536
f 4757/2859/536 4728/2964/536 4729/2976/536
f 4756/2977/536 4757/2859/536 4729/2976/536
f 4755/2978/536 4756/2977/536 4729/2976/536
f 4702/2970/536 4793/2975/536 4794/2979/536
f 4701/2980/536 4702/2970/536 4794/2979/536
f 4754/2981/536 4755/2978/536 4729/2976/536
f 4753/2982/536 4754/2981/536 4729/2976/536
f 4701/2980/536 4794/2979/536 4795/2983/536
f 4752/2984/536 4753/2982/536 4729/2976/536
f 4701/2980/536 4795/2983/536 4796/2985/536
f 4751/2986/536 4752/2984/536 4729/2976/536
f 4700/2987/536 4701/2980/536 4796/2985/536
f 4750/2988/536 4751/2986/536 4729/2976/536
f 4700/2987/536 4796/2985/536 4797/2989/536
f 4749/2990/536 4750/2988/536 4729/2976/536
f 4749/2990/536 4729/2976/536 4730/2991/536
f 4748/2992/536 4749/2990/536 4730/2991/536
f 4700/2987/536 4797/2989/536 4798/2993/536
f 4747/2994/536 4748/2992/536 4730/2991/536
f 4746/2995/536 4747/2994/536 4730/2991/536
f 4700/2987/536 4798/2993/536 4799/2996/536
f 4745/2997/536 4746/2995/536 4730/2991/536
f 4699/2998/536 4700/2987/536 4799/2996/536
f 4699/2998/536 4799/2996/536 4800/2999/536
f 4744/3000/536 4745/2997/536 4730/2991/536
f 4743/3001/536 4744/3000/536 4730/2991/536
f 4699/2998/536 4800/2999/536 4801/2811/536
f 4742/3002/536 4743/3001/536 4730/2991/536
f 4801/2811/536 4742/3002/536 4730/2991/536
f 4699/2998/536 4801/2811/536 4730/2991/536
f 4698/3003/536 4699/2998/536 4730/2991/536
f 4698/3003/536 4730/2991/536 4731/3004/536
f 4697/3005/536 4698/3003/536 4731/3004/536
f 4696/3006/536 4697/3005/536 4680/3007/536
f 4680/3007/536 4697/3005/536 4731/3004/536
f 4696/3006/536 4680/3007/536 4681/3008/536
f 4679/3009/536 4680/3007/536 4731/3004/536
f 4695/3010/536 4696/3006/536 4681/3008/536
f 4679/3009/536 4731/3004/536 4732/3011/536
f 4695/3010/536 4681/3008/536 4682/3012/536
f 4695/3010/536 4682/3012/536 4683/3013/536
f 4695/3010/536 4683/3013/536 4684/3014/536
f 4694/3015/536 4695/3010/536 4684/3014/536
f 4694/3015/536 4684/3014/536 4685/3016/536
f 4694/3015/536 4685/3016/536 4686/3017/536
f 4694/3015/536 4686/3017/536 4687/3018/536
f 4678/3019/536 4679/3009/536 4732/3011/536
f 4693/3020/536 4694/3015/536 4687/3018/536
f 4693/3020/536 4687/3018/536 4688/3021/536
f 4693/3020/536 4688/3021/536 4689/3022/536
f 4693/3020/536 4689/3022/536 4690/3023/536
f 4692/3024/536 4693/3020/536 4690/3023/536
f 4692/3024/536 4690/3023/536 4691/3025/536
f 4677/3026/536 4678/3019/536 4732/3011/536
f 4677/3026/536 4732/3011/536 4733/3027/536
f 4676/3028/536 4677/3026/536 4733/3027/536
f 4676/3028/536 4733/3027/536 4734/3029/536
f 4675/3030/536 4676/3028/536 4734/3029/536
f 4674/3031/536 4675/3030/536 4734/3029/536
f 4674/3031/536 4734/3029/536 4735/2910/536
f 4673/3032/536 4674/3031/536 4735/2910/536
f 4672/3033/536 4673/3032/536 4735/2910/536
f 4672/3033/536 4735/2910/536 4736/3034/536
f 4671/3035/536 4672/3033/536 4736/3034/536
f 4670/3036/536 4671/3035/536 4736/3034/536
f 4670/3036/536 4736/3034/536 4737/3037/536
f 4669/2815/536 4670/3036/536 4737/3037/536
f 4741/3038/536 4669/2815/536 4737/3037/536
f 4741/3038/536 4737/3037/536 4738/3039/536
f 4740/3040/536 4741/3038/536 4738/3039/536
f 4740/3040/536 4738/3039/536 4739/3041/536
f 4838/3042/536 4839/3044/536 4840/3043/536
f 4838/3042/536 4840/3043/536 4841/3045/536
f 4825/3046/536 4826/3048/536 4827/3047/536
f 4825/3046/536 4827/3047/536 4828/3049/536
f 4825/3046/536 4828/3049/536 4829/3050/536
f 4825/3046/536 4829/3050/536 4830/2915/536
f 4825/3046/536 4830/2915/536 4831/3051/536
f 4824/3052/536 4825/3046/536 4831/3051/536
f 4824/3052/536 4831/3051/536 4832/3053/536
f 4824/3052/536 4832/3053/536 4833/3054/536
f 4824/3052/536 4833/3054/536 4834/3055/536
f 4823/2952/536 4824/3052/536 4834/3055/536
f 4823/2952/536 4834/3055/536 4835/3056/536
f 4823/2952/536 4835/3056/536 4836/3057/536
f 4823/2952/536 4836/3057/536 4837/2976/536
f 4823/2952/536 4837/2976/536 4838/3042/536
f 4822/3058/536 4823/2952/536 4838/3042/536
f 4822/3058/536 4838/3042/536 4844/3038/536
f 4844/3038/536 4838/3042/536 4843/3059/536
f 4843/3059/536 4838/3042/536 4842/3060/536
f 4842/3060/536 4838/3042/536 4879/2811/536
f 4879/2811/536 4838/3042/536 4841/3045/536
f 4821/3061/536 4822/3058/536 4847/3062/536
f 4847/3062/536 4822/3058/536 4846/3063/536
f 4846/3063/536 4822/3058/536 4845/3064/536
f 4845/3064/537 4822/3058/537 4844/3038/537
f 4820/3065/536 4821/3061/536 4850/3066/536
f 4850/3066/536 4821/3061/536 4849/3067/536
f 4849/3067/536 4821/3061/536 4848/3068/536
f 4848/3068/536 4821/3061/536 4847/3062/536
f 4819/3069/536 4820/3065/536 4853/3070/536
f 4853/3070/536 4820/3065/536 4852/3071/536
f 4852/3071/536 4820/3065/536 4851/2982/536
f 4851/2982/536 4820/3065/536 4850/3066/536
f 4819/3069/536 4853/3070/536 4854/3072/536
f 4819/3069/536 4854/3072/536 4855/3073/536
f 4818/3074/536 4819/3069/536 4855/3073/536
f 4818/3074/536 4855/3073/536 4856/3075/536
f 4818/3074/536 4856/3075/536 4857/3076/536
f 4878/3077/536 4879/2811/536 4841/3045/536
f 4818/3074/536 4857/3076/536 4858/2961/536
f 4817/3078/536 4818/3074/536 4858/2961/536
f 4817/3078/536 4858/2961/536 4859/3079/536
f 4817/3078/536 4859/3079/536 4860/3080/536
f 4816/3020/536 4817/3078/536 4860/3080/536
f 4816/3020/536 4860/3080/536 4861/3081/536
f 4816/3020/536 4861/3081/536 4862/3082/536
f 4815/3083/536 4816/3020/536 4862/3082/536
f 4815/3083/536 4862/3082/536 4863/3084/536
f 4814/3085/536 4815/3083/536 4863/3084/536
f 4814/3085/536 4863/3084/536 4864/3086/536
f 4814/3085/536 4864/3086/536 4865/2930/536
f 4813/3087/536 4814/3085/536 4865/2930/536
f 4813/3087/536 4865/2930/536 4866/3088/536
f 4813/3087/536 4866/3088/536 4867/3089/536
f 4812/3090/536 4813/3087/536 4867/3089/536
f 4812/3090/536 4867/3089/536 4868/3091/536
f 4811/3092/536 4812/3090/536 4868/3091/536
f 4811/3092/536 4868/3091/536 4869/3093/536
f 4811/3092/536 4869/3093/536 4870/3094/536
f 4810/3095/536 4811/3092/536 4870/3094/536
f 4810/3095/536 4870/3094/536 4871/3096/536
f 4810/3095/536 4871/3096/536 4872/2960/536
f 4809/3008/536 4810/3095/536 4872/2960/536
f 4809/3008/536 4872/2960/536 4873/3097/536
f 4809/3008/536 4873/3097/536 4874/3098/536
f 4809/3008/536 4874/3098/536 4875/3099/536
f 4808/3100/536 4809/3008/536 4875/3099/536
f 4808/3100/536 4875/3099/536 4876/3101/536
f 4808/3100/536 4876/3101/536 4877/3102/536
f 4808/3100/536 4877/3102/536 4878/3077/536
f 4808/3100/536 4878/3077/536 4841/3045/536
f 4807/3103/536 4808/3100/536 4841/3045/536
f 4806/3104/536 4807/3103/536 4841/3045/536
f 4805/3105/536 4806/3104/536 4841/3045/536
f 4804/3106/536 4805/3105/536 4841/3045/536
f 4803/3107/536 4804/3106/536 4841/3045/536
f 4802/2815/536 4803/3107/536 4841/3045/536
f 4880/2815/536 4881/2860/536 4882/2859/536
f 4880/2815/536 4882/2859/536 4883/2811/536
f 4918/2763/536 4919/2765/536 4920/2764/536
f 4918/2763/536 4920/2764/536 4921/2766/536
f 4917/2767/536 4918/2763/536 4921/2766/536
f 4917/2767/536 4921/2766/536 4922/2768/536
f 4916/2769/536 4917/2767/536 4922/2768/536
f 4916/2769/536 4922/2768/536 4923/2770/536
f 4915/2771/536 4916/2769/536 4923/2770/536
f 4915/2771/536 4923/2770/536 4924/2772/536
f 4914/2773/536 4915/2771/536 4924/2772/536
f 4914/2773/536 4924/2772/536 4925/2774/536
f 4913/2775/536 4914/2773/536 4925/2774/536
f 4913/2775/536 4925/2774/536 4926/2776/536
f 4912/2777/536 4913/2775/536 4967/2778/536
f 4967/2778/536 4913/2775/536 4926/2776/536
f 4912/2777/536 4967/2778/536 4968/2779/536
f 4966/2780/536 4967/2778/536 4926/2776/536
f 4912/2777/536 4968/2779/536 4969/2781/536
f 4965/2782/536 4966/2780/536 4926/2776/536
f 4912/2777/536 4969/2781/536 4970/2783/536
f 4964/2784/536 4965/2782/536 4926/2776/536
f 4964/2784/536 4926/2776/536 4927/2785/536
f 4911/2786/536 4912/2777/536 4970/2783/536
f 4911/2786/536 4970/2783/536 4971/2787/536
f 4963/2788/536 4964/2784/536 4927/2785/536
f 4911/2786/536 4971/2787/536 4972/2789/536
f 4962/2790/536 4963/2788/536 4927/2785/536
f 4911/2786/536 4972/2789/536 4973/2791/536
f 4961/2792/536 4962/2790/536 4927/2785/536
f 4961/2792/536 4927/2785/536 4928/2793/536
f 4910/2794/536 4911/2786/536 4973/2791/536
f 4910/2794/536 4973/2791/536 4974/2795/536
f 4960/2796/536 4961/2792/536 4928/2793/536
f 4910/2794/536 4974/2795/536 4975/2797/536
f 4959/2798/536 4960/2796/536 4928/2793/536
f 4959/2798/536 4928/2793/536 4929/2799/536
f 4909/2800/536 4910/2794/536 4975/2797/536
f 4909/2800/536 4975/2797/536 4976/2801/536
f 4958/2802/536 4959/2798/536 4929/2799/536
f 4958/2802/536 4929/2799/536 4930/2803/536
f 4908/2804/536 4909/2800/536 4976/2801/536
f 4908/2804/536 4976/2801/536 4977/2805/536
f 4957/2806/536 4958/2802/536 4930/2803/536
f 4908/2804/536 4977/2805/536 4978/2807/536
f 4956/2808/536 4957/2806/536 4930/2803/536
f 4956/2808/536 4930/2803/536 4931/2809/536
f 4907/2810/536 4908/2804/536 4978/2807/536
f 4907/2810/536 4978/2807/536 4979/2811/536
f 4955/2812/536 4956/2808/536 4931/2809/536
f 4906/2813/536 4907/2810/536 4979/2811/536
f 4906/2813/536 4979/2811/536 4932/2814/536
f 4955/2812/536 4931/2809/536 4884/2815/536
f 4954/2816/536 4955/2812/536 4884/2815/536
f 4906/2813/536 4932/2814/536 4933/2817/536
f 4953/2818/536 4954/2816/536 4884/2815/536
f 4905/2819/536 4906/2813/536 4933/2817/536
f 4953/2818/536 4884/2815/536 4885/2820/536
f 4905/2819/536 4933/2817/536 4934/2821/536
f 4952/2822/536 4953/2818/536 4885/2820/536
f 4905/2819/536 4934/2821/536 4935/2823/536
f 4904/2824/536 4905/2819/536 4935/2823/536
f 4951/2825/536 4952/2822/536 4885/2820/536
f 4951/2825/536 4885/2820/536 4886/2826/536
f 4904/2824/536 4935/2823/536 4936/2827/536
f 4950/2828/536 4951/2825/536 4886/2826/536
f 4903/2829/536 4904/2824/536 4936/2827/536
f 4950/2828/536 4886/2826/536 4887/2830/536
f 4903/2829/536 4936/2827/536 4937/2831/536
f 4949/2832/536 4950/2828/536 4887/2830/536
f 4903/2829/536 4937/2831/536 4938/2833/536
f 4948/2834/536 4949/2832/536 4887/2830/536
f 4902/2835/536 4903/2829/536 4938/2833/536
f 4948/2834/536 4887/2830/536 4888/2836/536
f 4902/2835/536 4938/2833/536 4939/2837/536
f 4947/2838/536 4948/2834/536 4888/2836/536
f 4902/2835/536 4939/2837/536 4940/2839/536
f 4946/2840/536 4947/2838/536 4888/2836/536
f 4902/2835/536 4940/2839/536 4941/2841/536
f 4945/2842/536 4946/2840/536 4888/2836/536
f 4901/2843/536 4902/2835/536 4941/2841/536
f 4945/2842/536 4888/2836/536 4889/2844/536
f 4901/2843/536 4941/2841/536 4942/2845/536
f 4944/2846/536 4945/2842/536 4889/2844/536
f 4901/2843/536 4942/2845/536 4943/2847/536
f 4943/2847/536 4944/2846/536 4889/2844/536
f 4901/2843/536 4943/2847/536 4889/2844/536
f 4900/2848/536 4901/2843/536 4889/2844/536
f 4900/2848/536 4889/2844/536 4890/2849/536
f 4899/2850/536 4900/2848/536 4890/2849/536
f 4899/2850/536 4890/2849/536 4891/2851/536
f 4898/2852/536 4899/2850/536 4891/2851/536
f 4898/2852/536 4891/2851/536 4892/2853/536
f 4897/2854/536 4898/2852/536 4892/2853/536
f 4897/2854/536 4892/2853/536 4893/2855/536
f 4896/2856/536 4897/2854/536 4893/2855/536
f 4896/2856/536 4893/2855/536 4894/2857/536
f 4895/2858/536 4896/2856/536 4894/2857/536
f 5014/3108/536 5015/3110/536 5016/3109/536
f 5014/3108/536 5016/3109/536 5017/3111/536
f 5014/3108/536 5017/3111/536 5018/3112/536
f 5014/3108/536 5018/3112/536 5019/3113/536
f 5013/3114/536 5014/3108/536 5019/3113/536
f 5013/3114/536 5019/3113/536 5020/3115/536
f 5013/3114/536 5020/3115/536 5021/3116/536
f 5013/3114/536 5021/3116/536 5022/3117/536
f 5012/3118/536 5013/3114/536 5022/3117/536
f 5012/3118/536 5022/3117/536 5023/3119/536
f 5012/3118/536 5023/3119/536 5024/3120/536
f 5011/3121/536 5012/3118/536 5024/3120/536
f 5011/3121/536 5024/3120/536 5025/3122/536
f 5011/3121/536 5025/3122/536 5026/3123/536
f 5010/3124/536 5011/3121/536 5026/3123/536
f 5010/3124/536 5026/3123/536 5027/3125/536
f 5010/3124/536 5027/3125/536 5038/3126/536
f 5038/3126/536 5027/3125/536 5037/3127/536
f 5037/3127/536 5027/3125/536 5036/3128/536
f 5036/3128/536 5027/3125/536 5035/3129/536
f 5035/3129/536 5027/3125/536 5034/3130/536
f 5034/3130/536 5027/3125/536 5033/3131/536
f 5033/3131/536 5027/3125/536 5032/3132/536
f 5032/3132/536 5027/3125/536 5031/3133/536
f 5031/3133/536 5027/3125/536 5030/3134/536
f 5030/3134/536 5027/3125/536 5029/3135/536
f 5029/3135/536 5027/3125/536 5028/3136/536
f 5009/3137/536 5010/3124/536 5040/3138/536
f 5040/3138/536 5010/3124/536 5039/3139/536
f 5039/3139/536 5010/3124/536 5038/3126/536
f 5009/3137/536 5040/3138/536 5041/3140/536
f 5009/3137/536 5041/3140/536 5042/3141/536
f 5009/3137/536 5042/3141/536 5043/3142/536
f 5008/3143/536 5009/3137/536 5043/3142/536
f 5008/3143/536 5043/3142/536 5044/3144/536
f 5008/3143/536 5044/3144/536 5045/3145/536
f 5007/3146/536 5008/3143/536 5045/3145/536
f 5007/3146/536 5045/3145/536 5046/3147/536
f 5007/3146/536 5046/3147/536 5047/3148/536
f 5006/3149/536 5007/3146/536 5047/3148/536
f 5006/3149/536 5047/3148/536 5048/3150/536
f 5005/3151/536 5006/3149/536 5048/3150/536
f 5005/3151/536 5048/3150/536 5049/3152/536
f 5005/3151/536 5049/3152/536 5050/3153/536
f 5004/3154/536 5005/3151/536 5050/3153/536
f 5004/3154/536 5050/3153/536 5051/3155/536
f 5003/3156/536 5004/3154/536 5051/3155/536
f 5003/3156/536 5051/3155/536 5052/3157/536
f 5003/3156/536 5052/3157/536 5053/3158/536
f 5002/3159/536 5003/3156/536 5053/3158/536
f 5078/3160/536 5079/3162/536 5080/3161/536
f 5078/3160/536 5080/3161/536 5077/3163/536
f 5077/3163/536 5080/3161/536 5081/2811/536
f 5002/3159/536 5053/3158/536 5054/3164/536
f 5001/3165/536 5002/3159/536 5054/3164/536
f 5001/3165/536 5054/3164/536 5055/3166/536
f 5076/3167/536 5077/3163/536 5081/2811/536
f 5000/3168/536 5001/3165/536 5055/3166/536
f 5000/3168/536 5055/3166/536 5056/3169/536
f 5000/3168/536 5056/3169/536 5057/3170/536
f 4999/3171/536 5000/3168/536 5057/3170/536
f 4999/3171/536 5057/3170/536 5058/3172/536
f 4998/3173/536 4999/3171/536 5058/3172/536
f 4998/3173/536 5058/3172/536 5059/3174/536
f 4998/3173/536 5059/3174/536 5060/3175/536
f 4997/3176/536 4998/3173/536 5060/3175/536
f 4997/3176/536 5060/3175/536 5061/3177/536
f 5075/3178/536 5076/3167/536 5081/2811/536
f 5074/3179/536 5075/3178/536 5081/2811/536
f 5073/3180/536 5074/3179/536 5081/2811/536
f 4997/3176/536 5061/3177/536 5062/3181/536
f 5072/3182/536 5073/3180/536 5081/2811/536
f 5071/3183/536 5072/3182/536 5081/2811/536
f 5070/3184/536 5071/3183/536 5081/2811/536
f 4997/3176/536 5062/3181/536 5063/3185/536
f 4996/3186/536 4997/3176/536 5063/3185/536
f 5069/3187/536 5070/3184/536 5081/2811/536
f 5068/3188/536 5069/3187/536 5081/2811/536
f 5067/3189/536 5068/3188/536 5081/2811/536
f 4996/3186/536 5063/3185/536 5064/3190/536
f 5066/3191/536 5067/3189/536 5081/2811/536
f 5065/3192/536 5066/3191/536 5081/2811/536
f 5064/3190/536 5065/3192/536 5081/2811/536
f 4996/3186/536 5064/3190/536 5081/2811/536
f 4995/3193/536 4996/3186/536 5081/2811/536
f 4995/3193/536 5081/2811/536 4980/2815/536
f 4995/3193/536 4980/2815/536 4981/3194/536
f 4994/3195/536 4995/3193/536 4981/3194/536
f 4994/3195/536 4981/3194/536 4982/3196/536
f 4994/3195/536 4982/3196/536 4983/3197/536
f 4993/3198/536 4994/3195/536 4983/3197/536
f 4993/3198/536 4983/3197/536 4984/3199/536
f 4993/3198/536 4984/3199/536 4985/3200/536
f 4993/3198/536 4985/3200/536 4986/3201/536
f 4992/3202/536 4993/3198/536 4986/3201/536
f 4992/3202/536 4986/3201/536 4987/3203/536
f 4992/3202/536 4987/3203/536 4988/3204/536
f 4992/3202/536 4988/3204/536 4989/3205/536
f 4991/3206/536 4992/3202/536 4989/3205/536
f 4991/3206/536 4989/3205/536 4990/3207/536
f 5118/3042/536 5119/3044/536 5120/3043/536
f 5118/3042/536 5120/3043/536 5121/3045/536
f 5105/3046/536 5106/3048/536 5107/3047/536
f 5105/3046/536 5107/3047/536 5108/3049/536
f 5105/3046/536 5108/3049/536 5109/3050/536
f 5105/3046/536 5109/3050/536 5110/2915/536
f 5105/3046/536 5110/2915/536 5111/3051/536
f 5104/3052/536 5105/3046/536 5111/3051/536
f 5104/3052/536 5111/3051/536 5112/3053/536
f 5104/3052/536 5112/3053/536 5113/3054/536
f 5104/3052/536 5113/3054/536 5114/3055/536
f 5103/2952/536 5104/3052/536 5114/3055/536
f 5103/2952/536 5114/3055/536 5115/3056/536
f 5103/2952/536 5115/3056/536 5116/3057/536
f 5103/2952/536 5116/3057/536 5117/2976/536
f 5103/2952/536 5117/2976/536 5118/3042/536
f 5102/3058/536 5103/2952/536 5118/3042/536
f 5102/3058/536 5118/3042/536 5124/3038/536
f 5124/3038/536 5118/3042/536 5123/3059/536
f 5123/3059/536 5118/3042/536 5122/3060/536
f 5122/3060/536 5118/3042/536 5159/2811/536
f 5159/2811/536 5118/3042/536 5121/3045/536
f 5101/3061/536 5102/3058/536 5127/3062/536
f 5127/3062/536 5102/3058/536 5126/3063/536
f 5126/3063/536 5102/3058/536 5125/3064/536
f 5125/3064/536 5102/3058/536 5124/3038/536
f 5100/3065/536 5101/3061/536 5130/3066/536
f 5130/3066/536 5101/3061/536 5129/3067/536
f 5129/3067/536 5101/3061/536 5128/3068/536
f 5128/3068/536 5101/3061/536 5127/3062/536
f 5099/3069/536 5100/3065/536 5133/3070/536
f 5133/3070/536 5100/3065/536 5132/3071/536
f 5132/3071/536 5100/3065/536 5131/2982/536
f 5131/2982/536 5100/3065/536 5130/3066/536
f 5099/3069/536 5133/3070/536 5134/3072/536
f 5099/3069/536 5134/3072/536 5135/3073/536
f 5098/3074/536 5099/3069/536 5135/3073/536
f 5098/3074/536 5135/3073/536 5136/3075/536
f 5098/3074/536 5136/3075/536 5137/3076/536
f 5158/3077/536 5159/2811/536 5121/3045/536
f 5098/3074/536 5137/3076/536 5138/2961/536
f 5097/3078/536 5098/3074/536 5138/2961/536
f 5097/3078/536 5138/2961/536 5139/3079/536
f 5097/3078/536 5139/3079/536 5140/3080/536
f 5096/3020/536 5097/3078/536 5140/3080/536
f 5096/3020/536 5140/3080/536 5141/3081/536
f 5096/3020/536 5141/3081/536 5142/3082/536
f 5095/3083/536 5096/3020/536 5142/3082/536
f 5095/3083/536 5142/3082/536 5143/3084/536
f 5094/3085/536 5095/3083/536 5143/3084/536
f 5094/3085/536 5143/3084/536 5144/3086/536
f 5094/3085/536 5144/3086/536 5145/2930/536
f 5093/3087/536 5094/3085/536 5145/2930/536
f 5093/3087/536 5145/2930/536 5146/3088/536
f 5093/3087/536 5146/3088/536 5147/3089/536
f 5092/3090/536 5093/3087/536 5147/3089/536
f 5092/3090/536 5147/3089/536 5148/3091/536
f 5091/3092/536 5092/3090/536 5148/3091/536
f 5091/3092/536 5148/3091/536 5149/3093/536
f 5091/3092/536 5149/3093/536 5150/3094/536
f 5090/3095/536 5091/3092/536 5150/3094/536
f 5090/3095/536 5150/3094/536 5151/3096/536
f 5090/3095/536 5151/3096/536 5152/2960/536
f 5089/3008/536 5090/3095/536 5152/2960/536
f 5089/3008/536 5152/2960/536 5153/3097/536
f 5089/3008/536 5153/3097/536 5154/3098/536
f 5089/3008/536 5154/3098/536 5155/3099/536
f 5088/3100/536 5089/3008/536 5155/3099/536
f 5088/3100/536 5155/3099/536 5156/3101/536
f 5088/3100/536 5156/3101/536 5157/3102/536
f 5088/3100/536 5157/3102/536 5158/3077/536
f 5088/3100/536 5158/3077/536 5121/3045/536
f 5087/3103/536 5088/3100/536 5121/3045/536
f 5086/3104/536 5087/3103/536 5121/3045/536
f 5085/3105/536 5086/3104/536 5121/3045/536
f 5084/3106/536 5085/3105/536 5121/3045/536
f 5083/3107/536 5084/3106/536 5121/3045/536
f 5082/2815/536 5083/3107/536 5121/3045/536
f 5194/2763/536 5195/2765/536 5196/2764/536
f 5194/2763/536 5196/2764/536 5197/2766/536
f 5193/2767/536 5194/2763/536 5197/2766/536
f 5193/2767/536 5197/2766/536 5198/2768/536
f 5192/2769/536 5193/2767/536 5198/2768/536
f 5192/2769/536 5198/2768/536 5199/2770/536
f 5191/2771/536 5192/2769/536 5199/2770/536
f 5191/2771/536 5199/2770/536 5200/2772/536
f 5190/2773/536 5191/2771/536 5200/2772/536
f 5190/2773/536 5200/2772/536 5201/2774/536
f 5189/2775/536 5190/2773/536 5201/2774/536
f 5189/2775/536 5201/2774/536 5202/2776/536
f 5188/2777/536 5189/2775/536 5243/2778/536
f 5243/2778/536 5189/2775/536 5202/2776/536
f 5188/2777/536 5243/2778/536 5244/2779/536
f 5242/2780/536 5243/2778/536 5202/2776/536
f 5188/2777/536 5244/2779/536 5245/2781/536
f 5241/2782/536 5242/2780/536 5202/2776/536
f 5188/2777/536 5245/2781/536 5246/2783/536
f 5240/2784/536 5241/2782/536 5202/2776/536
f 5240/2784/536 5202/2776/536 5203/2785/536
f 5187/2786/536 5188/2777/536 5246/2783/536
f 5187/2786/536 5246/2783/536 5247/2787/536
f 5239/2788/536 5240/2784/536 5203/2785/536
f 5187/2786/536 5247/2787/536 5248/2789/536
f 5238/2790/536 5239/2788/536 5203/2785/536
f 5187/2786/536 5248/2789/536 5249/2791/536
f 5237/2792/536 5238/2790/536 5203/2785/536
f 5237/2792/536 5203/2785/536 5204/2793/536
f 5186/2794/536 5187/2786/536 5249/2791/536
f 5186/2794/536 5249/2791/536 5250/2795/536
f 5236/2796/536 5237/2792/536 5204/2793/536
f 5186/2794/536 5250/2795/536 5251/2797/536
f 5235/2798/536 5236/2796/536 5204/2793/536
f 5235/2798/536 5204/2793/536 5205/2799/536
f 5185/2800/536 5186/2794/536 5251/2797/536
f 5185/2800/536 5251/2797/536 5252/2801/536
f 5234/2802/536 5235/2798/536 5205/2799/536
f 5234/2802/536 5205/2799/536 5206/2803/536
f 5184/2804/536 5185/2800/536 5252/2801/536
f 5184/2804/536 5252/2801/536 5253/2805/536
f 5233/2806/536 5234/2802/536 5206/2803/536
f 5184/2804/536 5253/2805/536 5254/2807/536
f 5232/2808/536 5233/2806/536 5206/2803/536
f 5232/2808/536 5206/2803/536 5207/2809/536
f 5183/2810/536 5184/2804/536 5254/2807/536
f 5183/2810/536 5254/2807/536 5255/2811/536
f 5231/2812/536 5232/2808/536 5207/2809/536
f 5182/2813/536 5183/2810/536 5255/2811/536
f 5182/2813/536 5255/2811/536 5208/2814/536
f 5231/2812/536 5207/2809/536 5160/2815/536
f 5230/2816/536 5231/2812/536 5160/2815/536
f 5182/2813/536 5208/2814/536 5209/2817/536
f 5229/2818/536 5230/2816/536 5160/2815/536
f 5181/2819/536 5182/2813/536 5209/2817/536
f 5229/2818/536 5160/2815/536 5161/2820/536
f 5181/2819/536 5209/2817/536 5210/2821/536
f 5228/2822/536 5229/2818/536 5161/2820/536
f 5181/2819/536 5210/2821/536 5211/2823/536
f 5180/2824/536 5181/2819/536 5211/2823/536
f 5227/2825/536 5228/2822/536 5161/2820/536
f 5227/2825/536 5161/2820/536 5162/2826/536
f 5180/2824/536 5211/2823/536 5212/2827/536
f 5226/2828/536 5227/2825/536 5162/2826/536
f 5179/2829/536 5180/2824/536 5212/2827/536
f 5226/2828/536 5162/2826/536 5163/2830/536
f 5179/2829/536 5212/2827/536 5213/2831/536
f 5225/2832/536 5226/2828/536 5163/2830/536
f 5179/2829/536 5213/2831/536 5214/2833/536
f 5224/2834/536 5225/2832/536 5163/2830/536
f 5178/2835/536 5179/2829/536 5214/2833/536
f 5224/2834/536 5163/2830/536 5164/2836/536
f 5178/2835/536 5214/2833/536 5215/2837/536
f 5223/2838/536 5224/2834/536 5164/2836/536
f 5178/2835/536 5215/2837/536 5216/2839/536
f 5222/2840/536 5223/2838/536 5164/2836/536
f 5178/2835/536 5216/2839/536 5217/2841/536
f 5221/2842/536 5222/2840/536 5164/2836/536
f 5177/2843/536 5178/2835/536 5217/2841/536
f 5221/2842/536 5164/2836/536 5165/2844/536
f 5177/2843/536 5217/2841/536 5218/2845/536
f 5220/2846/536 5221/2842/536 5165/2844/536
f 5177/2843/536 5218/2845/536 5219/2847/536
f 5219/2847/536 5220/2846/536 5165/2844/536
f 5177/2843/536 5219/2847/536 5165/2844/536
f 5176/2848/536 5177/2843/536 5165/2844/536
f 5176/2848/536 5165/2844/536 5166/2849/536
f 5175/2850/536 5176/2848/536 5166/2849/536
f 5175/2850/536 5166/2849/536 5167/2851/536
f 5174/2852/536 5175/2850/536 5167/2851/536
f 5174/2852/536 5167/2851/536 5168/2853/536
f 5173/2854/536 5174/2852/536 5168/2853/536
f 5173/2854/536 5168/2853/536 5169/2855/536
f 5172/2856/536 5173/2854/536 5169/2855/536
f 5172/2856/536 5169/2855/536 5170/2857/536
f 5171/2858/536 5172/2856/536 5170/2857/536
f 5290/2763/536 5291/2765/536 5292/2764/536
f 5290/2763/536 5292/2764/536 5293/2766/536
f 5289/2767/536 5290/2763/536 5293/2766/536
f 5289/2767/536 5293/2766/536 5294/2768/536
f 5288/2769/536 5289/2767/536 5294/2768/536
f 5288/2769/536 5294/2768/536 5295/2770/536
f 5287/2771/536 5288/2769/536 5295/2770/536
f 5287/2771/536 5295/2770/536 5296/2772/536
f 5286/2773/536 5287/2771/536 5296/2772/536
f 5286/2773/536 5296/2772/536 5297/2774/536
f 5285/2775/536 5286/2773/536 5297/2774/536
f 5285/2775/536 5297/2774/536 5298/2776/536
f 5284/2777/536 5285/2775/536 5339/2778/536
f 5339/2778/536 5285/2775/536 5298/2776/536
f 5284/2777/536 5339/2778/536 5340/2779/536
f 5338/2780/536 5339/2778/536 5298/2776/536
f 5284/2777/536 5340/2779/536 5341/2781/536
f 5337/2782/536 5338/2780/536 5298/2776/536
f 5284/2777/536 5341/2781/536 5342/2783/536
f 5336/2784/536 5337/2782/536 5298/2776/536
f 5336/2784/536 5298/2776/536 5299/2785/536
f 5283/2786/536 5284/2777/536 5342/2783/536
f 5283/2786/536 5342/2783/536 5343/2787/536
f 5335/2788/536 5336/2784/536 5299/2785/536
f 5283/2786/536 5343/2787/536 5344/2789/536
f 5334/2790/536 5335/2788/536 5299/2785/536
f 5283/2786/536 5344/2789/536 5345/2791/536
f 5333/2792/536 5334/2790/536 5299/2785/536
f 5333/2792/536 5299/2785/536 5300/2793/536
f 5282/2794/536 5283/2786/536 5345/2791/536
f 5282/2794/536 5345/2791/536 5346/2795/536
f 5332/2796/536 5333/2792/536 5300/2793/536
f 5282/2794/536 5346/2795/536 5347/2797/536
f 5331/2798/536 5332/2796/536 5300/2793/536
f 5331/2798/536 5300/2793/536 5301/2799/536
f 5281/2800/536 5282/2794/536 5347/2797/536
f 5281/2800/536 5347/2797/536 5348/2801/536
f 5330/2802/536 5331/2798/536 5301/2799/536
f 5330/2802/536 5301/2799/536 5302/2803/536
f 5280/2804/536 5281/2800/536 5348/2801/536
f 5280/2804/536 5348/2801/536 5349/2805/536
f 5329/2806/536 5330/2802/536 5302/2803/536
f 5280/2804/536 5349/2805/536 5350/2807/536
f 5328/2808/536 5329/2806/536 5302/2803/536
f 5328/2808/536 5302/2803/536 5303/2809/536
f 5279/2810/536 5280/2804/536 5350/2807/536
f 5279/2810/536 5350/2807/536 5351/2811/536
f 5327/2812/536 5328/2808/536 5303/2809/536
f 5278/2813/536 5279/2810/536 5351/2811/536
f 5278/2813/536 5351/2811/536 5304/2814/536
f 5327/2812/536 5303/2809/536 5256/2815/536
f 5326/2816/536 5327/2812/536 5256/2815/536
f 5278/2813/536 5304/2814/536 5305/2817/536
f 5325/2818/536 5326/2816/536 5256/2815/536
f 5277/2819/536 5278/2813/536 5305/2817/536
f 5325/2818/536 5256/2815/536 5257/2820/536
f 5277/2819/536 5305/2817/536 5306/2821/536
f 5324/2822/536 5325/2818/536 5257/2820/536
f 5277/2819/536 5306/2821/536 5307/2823/536
f 5276/2824/536 5277/2819/536 5307/2823/536
f 5323/2825/536 5324/2822/536 5257/2820/536
f 5323/2825/536 5257/2820/536 5258/2826/536
f 5276/2824/536 5307/2823/536 5308/2827/536
f 5322/2828/536 5323/2825/536 5258/2826/536
f 5275/2829/536 5276/2824/536 5308/2827/536
f 5322/2828/536 5258/2826/536 5259/2830/536
f 5275/2829/536 5308/2827/536 5309/2831/536
f 5321/2832/536 5322/2828/536 5259/2830/536
f 5275/2829/536 5309/2831/536 5310/2833/536
f 5320/2834/536 5321/2832/536 5259/2830/536
f 5274/2835/536 5275/2829/536 5310/2833/536
f 5320/2834/536 5259/2830/536 5260/2836/536
f 5274/2835/536 5310/2833/536 5311/2837/536
f 5319/2838/536 5320/2834/536 5260/2836/536
f 5274/2835/536 5311/2837/536 5312/2839/536
f 5318/2840/536 5319/2838/536 5260/2836/536
f 5274/2835/536 5312/2839/536 5313/2841/536
f 5317/2842/536 5318/2840/536 5260/2836/536
f 5273/2843/536 5274/2835/536 5313/2841/536
f 5317/2842/536 5260/2836/536 5261/2844/536
f 5273/2843/536 5313/2841/536 5314/2845/536
f 5316/2846/536 5317/2842/536 5261/2844/536
f 5273/2843/536 5314/2845/536 5315/2847/536
f 5315/2847/536 5316/2846/536 5261/2844/536
f 5273/2843/536 5315/2847/536 5261/2844/536
f 5272/2848/536 5273/2843/536 5261/2844/536
f 5272/2848/536 5261/2844/536 5262/2849/536
f 5271/2850/536 5272/2848/536 5262/2849/536
f 5271/2850/536 5262/2849/536 5263/2851/536
f 5270/2852/536 5271/2850/536 5263/2851/536
f 5270/2852/536 5263/2851/536 5264/2853/536
f 5269/2854/536 5270/2852/536 5264/2853/536
f 5269/2854/536 5264/2853/536 5265/2855/536
f 5268/2856/536 5269/2854/536 5265/2855/536
f 5268/2856/536 5265/2855/536 5266/2857/536
f 5267/2858/536 5268/2856/536 5266/2857/536
f 5386/3108/536 5387/3110/536 5388/3109/536
f 5386/3108/536 5388/3109/536 5389/3111/536
f 5386/3108/536 5389/3111/536 5390/3112/536
f 5386/3108/536 5390/3112/536 5391/3113/536
f 5385/3114/536 5386/3108/536 5391/3113/536
f 5385/3114/536 5391/3113/536 5392/3115/536
f 5385/3114/536 5392/3115/536 5393/3116/536
f 5385/3114/536 5393/3116/536 5394/3117/536
f 5384/3118/536 5385/3114/536 5394/3117/536
f 5384/3118/536 5394/3117/536 5395/3119/536
f 5384/3118/536 5395/3119/536 5396/3120/536
f 5383/3121/536 5384/3118/536 5396/3120/536
f 5383/3121/536 5396/3120/536 5397/3122/536
f 5383/3121/536 5397/3122/536 5398/3123/536
f 5382/3124/536 5383/3121/536 5398/3123/536
f 5382/3124/536 5398/3123/536 5399/3125/536
f 5382/3124/536 5399/3125/536 5410/3126/536
f 5410/3126/536 5399/3125/536 5409/3127/536
f 5409/3127/536 5399/3125/536 5408/3128/536
f 5408/3128/536 5399/3125/536 5407/3129/536
f 5407/3129/536 5399/3125/536 5406/3130/536
f 5406/3130/536 5399/3125/536 5405/3131/536
f 5405/3131/536 5399/3125/536 5404/3132/536
f 5404/3132/536 5399/3125/536 5403/3133/536
f 5403/3133/536 5399/3125/536 5402/3134/536
f 5402/3134/536 5399/3125/536 5401/3135/536
f 5401/3135/536 5399/3125/536 5400/3136/536
f 5381/3137/536 5382/3124/536 5412/3138/536
f 5412/3138/536 5382/3124/536 5411/3139/536
f 5411/3139/536 5382/3124/536 5410/3126/536
f 5381/3137/536 5412/3138/536 5413/3140/536
f 5381/3137/536 5413/3140/536 5414/3141/536
f 5381/3137/536 5414/3141/536 5415/3142/536
f 5380/3143/536 5381/3137/536 5415/3142/536
f 5380/3143/536 5415/3142/536 5416/3144/536
f 5380/3143/536 5416/3144/536 5417/3145/536
f 5379/3146/536 5380/3143/536 5417/3145/536
f 5379/3146/536 5417/3145/536 5418/3147/536
f 5379/3146/536 5418/3147/536 5419/3148/536
f 5378/3149/536 5379/3146/536 5419/3148/536
f 5378/3149/536 5419/3148/536 5420/3150/536
f 5377/3151/536 5378/3149/536 5420/3150/536
f 5377/3151/536 5420/3150/536 5421/3152/536
f 5377/3151/536 5421/3152/536 5422/3153/536
f 5376/3154/536 5377/3151/536 5422/3153/536
f 5376/3154/536 5422/3153/536 5423/3155/536
f 5375/3156/536 5376/3154/536 5423/3155/536
f 5375/3156/536 5423/3155/536 5424/3157/536
f 5375/3156/536 5424/3157/536 5425/3158/536
f 5374/3159/536 5375/3156/536 5425/3158/536
f 5450/3160/536 5451/3162/536 5452/3161/536
f 5450/3160/536 5452/3161/536 5449/3163/536
f 5449/3163/536 5452/3161/536 5453/2811/536
f 5374/3159/536 5425/3158/536 5426/3164/536
f 5373/3165/536 5374/3159/536 5426/3164/536
f 5373/3165/536 5426/3164/536 5427/3166/536
f 5448/3167/536 5449/3163/536 5453/2811/536
f 5372/3168/536 5373/3165/536 5427/3166/536
f 5372/3168/536 5427/3166/536 5428/3169/536
f 5372/3168/536 5428/3169/536 5429/3170/536
f 5371/3171/536 5372/3168/536 5429/3170/536
f 5371/3171/536 5429/3170/536 5430/3172/536
f 5370/3173/536 5371/3171/536 5430/3172/536
f 5370/3173/536 5430/3172/536 5431/3174/536
f 5370/3173/536 5431/3174/536 5432/3175/536
f 5369/3176/536 5370/3173/536 5432/3175/536
f 5369/3176/536 5432/3175/536 5433/3177/536
f 5447/3178/536 5448/3167/536 5453/2811/536
f 5446/3179/536 5447/3178/536 5453/2811/536
f 5445/3180/536 5446/3179/536 5453/2811/536
f 5369/3176/536 5433/3177/536 5434/3181/536
f 5444/3182/536 5445/3180/536 5453/2811/536
f 5443/3183/536 5444/3182/536 5453/2811/536
f 5442/3184/536 5443/3183/536 5453/2811/536
f 5369/3176/536 5434/3181/536 5435/3185/536
f 5368/3186/536 5369/3176/536 5435/3185/536
f 5441/3187/536 5442/3184/536 5453/2811/536
f 5440/3188/536 5441/3187/536 5453/2811/536
f 5439/3189/536 5440/3188/536 5453/2811/536
f 5368/3186/536 5435/3185/536 5436/3190/536
f 5438/3191/536 5439/3189/536 5453/2811/536
f 5437/3192/536 5438/3191/536 5453/2811/536
f 5436/3190/536 5437/3192/536 5453/2811/536
f 5368/3186/536 5436/3190/536 5453/2811/536
f 5367/3193/536 5368/3186/536 5453/2811/536
f 5367/3193/536 5453/2811/536 5352/2815/536
f 5367/3193/536 5352/2815/536 5353/3194/536
f 5366/3195/536 5367/3193/536 5353/3194/536
f 5366/3195/536 5353/3194/536 5354/3196/536
f 5366/3195/536 5354/3196/536 5355/3197/536
f 5365/3198/536 5366/3195/536 5355/3197/536
f 5365/3198/536 5355/3197/536 5356/3199/536
f 5365/3198/536 5356/3199/536 5357/3200/536
f 5365/3198/536 5357/3200/536 5358/3201/536
f 5364/3202/536 5365/3198/536 5358/3201/536
f 5364/3202/536 5358/3201/536 5359/3203/536
f 5364/3202/536 5359/3203/536 5360/3204/536
f 5364/3202/536 5360/3204/536 5361/3205/536
f 5363/3206/536 5364/3202/536 5361/3205/536
f 5363/3206/536 5361/3205/536 5362/3207/536
f 5455/3208/538 5457/3209/538 5456/3210/538 5454/2815/538
f 5457/3209/539 5459/3211/539 5458/2905/539 5456/3210/539
f 5459/3211/540 5461/3212/540 5460/3213/540 5458/2905/540
f 5461/3212/541 5463/3214/541 5462/2903/541 5460/3213/541
f 5463/3214/542 5465/3215/542 5464/3216/542 5462/2903/542
f 5465/3215/543 5467/3217/543 5466/2901/543 5464/3216/543
f 5467/3217/544 5469/3218/544 5468/3219/544 5466/2901/544
f 5469/3218/545 5471/3220/545 5470/2899/545 5468/3219/545
f 5471/3220/546 5473/3221/546 5472/3222/546 5470/2899/546
f 5473/3221/547 5475/3223/547 5474/2897/547 5472/3222/547
f 5475/3223/548 5477/3224/548 5476/3225/548 5474/2897/548
f 5477/3224/549 5479/3226/549 5478/2895/549 5476/3225/549
f 5479/3226/550 5481/3227/550 5480/3228/550 5478/2895/550
f 5481/3227/551 5483/3229/551 5482/2893/551 5480/3228/551
f 5483/3229/552 5485/3230/552 5484/3231/552 5482/2893/552
f 5485/3230/553 5487/3232/553 5486/2891/553 5484/3231/553
f 5487/3232/554 5489/3233/554 5488/3025/554 5486/2891/554
f 5489/3233/555 5491/3234/555 5490/2889/555 5488/3025/555
f 5491/3234/556 5493/3235/556 5492/3236/556 5490/2889/556
f 5493/3235/557 5495/3237/557 5494/2887/557 5492/3236/557
f 5495/3237/558 5497/3238/558 5496/3239/558 5494/2887/558
f 5497/3238/559 5499/3240/559 5498/2886/559 5496/3239/559
f 5499/3240/560 5501/3241/560 5500/3242/560 5498/2886/560
f 5501/3241/561 5503/3243/561 5502/2884/561 5500/3242/561
f 5503/3243/562 5505/3244/562 5504/3245/562 5502/2884/562
f 5505/3244/563 5507/3246/563 5506/2883/563 5504/3245/563
f 5507/3246/564 5509/3247/564 5508/3248/564 5506/2883/564
f 5509/3247/565 5511/3249/565 5510/2881/565 5508/3248/565
f 5511/3249/566 5513/3250/566 5512/3251/566 5510/2881/566
f 5513/3250/567 5515/3252/567 5514/2879/567 5512/3251/567
f 5515/3252/568 5517/3253/568 5516/3254/568 5514/2879/568
f 5517/3253/569 5519/3255/569 5518/2877/569 5516/3254/569
f 5519/3255/570 5521/3256/570 5520/3257/570 5518/2877/570
f 5521/3256/571 5523/3258/571 5522/2860/571 5520/3257/571
f 5523/3258/572 5525/3259/572 5524/3260/572 5522/2860/572
f 5525/3259/573 5527/3261/573 5526/2874/573 5524/3260/573
f 5527/3261/574 5529/3262/574 5528/3263/574 5526/2874/574
f 5529/3262/575 5531/3264/575 5530/2872/575 5528/3263/575
f 5531/3264/576 5533/3265/576 5532/3266/576 5530/2872/576
f 5533/3265/577 5535/3267/577 5534/2870/577 5532/3266/577
f 5535/3267/578 5537/3268/578 5536/3269/578 5534/2870/578
f 5537/3268/579 5539/3270/579 5538/2868/579 5536/3269/579
f 5539/3270/580 5541/3271/580 5540/3272/580 5538/2868/580
f 5541/3271/581 5543/3273/581 5542/2864/581 5540/3272/581
f 5543/3273/582 5545/3274/582 5544/3275/582 5542/2864/582
f 5545/3274/583 5547/3276/583 5546/2866/583 5544/3275/583
f 5547/3276/584 5549/3277/584 5548/3278/584 5546/2866/584
f 5549/3277/585 5551/3279/585 5550/2865/585 5548/3278/585
f 5551/3279/586 5553/3280/586 5552/3281/586 5550/2865/586
f 5553/3280/587 5555/3282/587 5554/2867/587 5552/3281/587
f 5555/3282/588 5557/3283/588 5556/2910/588 5554/2867/588
f 5557/3283/589 5559/3284/589 5558/2869/589 5556/2910/589
f 5559/3284/590 5561/3285/590 5560/3286/590 5558/2869/590
f 5561/3285/591 5563/3287/591 5562/2871/591 5560/3286/591
f 5563/3287/592 5565/3288/592 5564/3289/592 5562/2871/592
f 5565/3288/593 5567/3290/593 5566/2873/593 5564/3289/593
f 5567/3290/594 5569/3291/594 5568/3292/594 5566/2873/594
f 5569/3291/595 5571/3293/595 5570/2875/595 5568/3292/595
f 5571/3293/596 5573/3294/596 5572/3295/596 5570/2875/596
f 5573/3294/597 5575/3296/597 5574/2876/597 5572/3295/597
f 5575/3296/598 5577/3297/598 5576/3298/598 5574/2876/598
f 5577/3297/599 5579/3299/599 5578/2878/599 5576/3298/599
f 5579/3299/600 5581/3300/600 5580/3301/600 5578/2878/600
f 5581/3300/601 5583/3302/601 5582/2880/601 5580/3301/601
f 5583/3302/602 5585/3303/602 5584/3304/602 5582/2880/602
f 5585/3303/603 5587/3305/603 5586/2882/603 5584/3304/603
f 5587/3305/604 5589/3306/604 5588/3307/604 5586/2882/604
f 5589/3306/605 5591/3308/605 5590/2859/605 5588/3307/605
f 5591/3308/606 5593/3309/606 5592/3310/606 5590/2859/606
f 5593/3309/607 5595/3311/607 5594/2885/607 5592/3310/607
f 5595/3311/608 5597/3312/608 5596/3313/608 5594/2885/608
f 5597/3312/609 5599/3314/609 5598/2888/609 5596/3313/609
f 5599/3314/610 5601/3315/610 5600/3316/610 5598/2888/610
f 5601/3315/611 5603/3317/611 5602/2890/611 5600/3316/611
f 5603/3317/612 5605/3318/612 5604/3319/612 5602/2890/612
f 5605/3318/613 5607/3320/613 5606/2892/613 5604/3319/613
f 5607/3320/614 5609/3321/614 5608/3322/614 5606/2892/614
f 5609/3321/615 5611/3323/615 5610/2894/615 5608/3322/615
f 5611/3323/616 5613/3324/616 5612/3325/616 5610/2894/616
f 5613/3324/617 5615/3326/617 5614/2896/617 5612/3325/617
f 5615/3326/618 5617/3327/618 5616/3328/618 5614/2896/618
f 5617/3327/619 5619/3329/619 5618/2898/619 5616/3328/619
f 5619/3329/620 5621/3330/620 5620/3331/620 5618/2898/620
f 5621/3330/621 5623/3332/621 5622/2900/621 5620/3331/621
f 5623/3332/622 5625/3333/622 5624/2932/622 5622/2900/622
f 5625/3333/623 5627/3334/623 5626/2902/623 5624/2932/623
f 5627/3334/624 5629/3335/624 5628/3336/624 5626/2902/624
f 5629/3335/625 5631/3337/625 5630/2904/625 5628/3336/625
f 5631/3337/626 5633/3338/626 5632/3339/626 5630/2904/626
f 5633/3338/627 5635/3340/627 5634/2906/627 5632/3339/627
f 5635/3340/628 5637/3341/628 5636/3342/628 5634/2906/628
f 5637/3341/629 5639/3343/629 5638/2907/629 5636/3342/629
f 5639/3343/630 5641/3344/630 5640/3345/630 5638/2907/630
f 5641/3344/631 5643/3346/631 5642/2908/631 5640/3345/631
f 5643/3346/632 5645/3347/632 5644/3348/632 5642/2908/632
f 5645/3347/633 5647/3349/633 5646/2861/633 5644/3348/633
f 5647/3349/634 5649/3350/634 5648/3351/634 5646/2861/634
f 5649/3350/635 5651/3352/635 5650/2863/635 5648/3351/635
f 5651/3352/634 5653/3353/634 5652/3354/634 5650/2863/634
f 5653/3353/636 5655/3355/636 5654/2862/636 5652/3354/636
f 5655/3355/585 5657/3356/585 5656/3357/585 5654/2862/585
f 5657/3356/637 5455/3358/637 5454/2811/637 5656/3357/637
f 5659/3208/638 5661/3359/638 5660/3360/638 5658/2815/638
f 5661/3359/639 5663/3361/639 5662/3362/639 5660/3360/639
f 5663/3361/640 5665/3363/640 5664/3364/640 5662/3362/640
f 5665/3363/641 5667/3365/641 5666/3007/641 5664/3364/641
f 5667/3365/642 5669/3366/642 5668/3367/642 5666/3007/642
f 5669/3366/643 5671/3368/643 5670/3369/643 5668/3367/643
f 5671/3368/644 5673/3370/644 5672/3371/644 5670/3369/644
f 5673/3370/645 5675/3233/645 5674/3025/645 5672/3371/645
f 5675/3233/646 5677/3372/646 5676/3373/646 5674/3025/646
f 5677/3372/647 5679/3374/647 5678/3375/647 5676/3373/647
f 5679/3374/648 5681/3376/648 5680/3377/648 5678/3375/648
f 5681/3376/649 5683/3378/649 5682/2970/649 5680/3377/649
f 5683/3378/650 5685/3379/650 5684/3380/650 5682/2970/650
f 5685/3379/651 5687/3381/651 5686/3382/651 5684/3380/651
f 5687/3381/652 5689/3383/652 5688/3384/652 5686/3382/652
f 5689/3383/653 5691/3258/653 5690/2860/653 5688/3384/653
f 5691/3258/654 5693/3385/654 5692/3386/654 5690/2860/654
f 5693/3385/655 5695/3387/655 5694/3388/655 5692/3386/655
f 5695/3387/656 5697/3389/656 5696/3390/656 5694/3388/656
f 5697/3389/657 5699/3391/657 5698/2934/657 5696/3390/657
f 5699/3391/658 5701/3392/658 5700/3393/658 5698/2934/658
f 5701/3392/659 5703/3394/659 5702/3395/659 5700/3393/659
f 5703/3394/660 5705/3396/660 5704/3397/660 5702/3395/660
f 5705/3396/661 5707/3283/661 5706/2910/661 5704/3397/661
f 5707/3283/662 5709/3398/662 5708/3399/662 5706/2910/662
f 5709/3398/663 5711/3400/663 5710/3401/663 5708/3399/663
f 5711/3400/664 5713/3402/664 5712/3403/664 5710/3401/664
f 5713/3402/665 5715/3404/665 5714/2995/665 5712/3403/665
f 5715/3404/666 5717/3405/666 5716/3406/666 5714/2995/666
f 5717/3405/667 5719/3407/667 5718/3408/667 5716/3406/667
f 5719/3407/668 5721/3409/668 5720/3410/668 5718/3408/668
f 5721/3409/669 5723/3308/669 5722/2859/669 5720/3410/669
f 5723/3308/670 5725/3411/670 5724/3412/670 5722/2859/670
f 5725/3411/671 5727/3413/671 5726/3414/671 5724/3412/671
f 5727/3413/672 5729/3415/672 5728/3416/672 5726/3414/672
f 5729/3415/673 5731/3417/673 5730/2953/673 5728/3416/673
f 5731/3417/674 5733/3418/674 5732/3419/674 5730/2953/674
f 5733/3418/675 5735/3420/675 5734/3421/675 5732/3419/675
f 5735/3420/676 5737/3422/676 5736/3423/676 5734/3421/676
f 5737/3422/677 5739/3333/677 5738/2932/677 5736/3423/677
f 5739/3333/678 5741/3424/678 5740/3425/678 5738/2932/678
f 5741/3424/679 5743/3426/679 5742/3427/679 5740/3425/679
f 5743/3426/680 5745/3428/680 5744/3429/680 5742/3427/680
f 5745/3428/681 5747/3430/681 5746/2962/681 5744/3429/681
f 5747/3430/682 5749/3431/682 5748/3432/682 5746/2962/682
f 5749/3431/683 5751/3433/683 5750/3434/683 5748/3432/683
f 5751/3433/684 5753/3435/684 5752/3436/684 5750/3434/684
f 5753/3435/685 5659/3358/685 5658/2811/685 5752/3436/685
f 5755/3208/686 5757/3359/686 5756/3360/686 5754/2815/686
f 5757/3359/687 5759/3361/687 5758/3362/687 5756/3360/687
f 5759/3361/688 5761/3363/688 5760/3364/688 5758/3362/688
f 5761/3363/689 5763/3365/689 5762/3007/689 5760/3364/689
f 5763/3365/690 5765/3366/690 5764/3367/690 5762/3007/690
f 5765/3366/691 5767/3368/691 5766/3369/691 5764/3367/691
f 5767/3368/692 5769/3370/692 5768/3371/692 5766/3369/692
f 5769/3370/693 5771/3233/693 5770/3025/693 5768/3371/693
f 5771/3233/694 5773/3372/694 5772/3373/694 5770/3025/694
f 5773/3372/695 5775/3374/695 5774/3375/695 5772/3373/695
f 5775/3374/696 5777/3376/696 5776/3377/696 5774/3375/696
f 5777/3376/697 5779/3378/697 5778/2970/697 5776/3377/697
f 5779/3378/698 5781/3379/698 5780/3380/698 5778/2970/698
f 5781/3379/699 5783/3381/699 5782/3382/699 5780/3380/699
f 5783/3381/700 5785/3383/700 5784/3384/700 5782/3382/700
f 5785/3383/701 5787/3258/701 5786/2860/701 5784/3384/701
f 5787/3258/702 5789/3385/702 5788/3386/702 5786/2860/702
f 5789/3385/703 5791/3387/703 5790/3388/703 5788/3386/703
f 5791/3387/704 5793/3389/704 5792/3390/704 5790/3388/704
f 5793/3389/705 5795/3391/705 5794/2934/705 5792/3390/705
f 5795/3391/706 5797/3392/706 5796/3393/706 5794/2934/706
f 5797/3392/707 5799/3394/707 5798/3395/707 5796/3393/707
f 5799/3394/708 5801/3396/708 5800/3397/708 5798/3395/708
f 5801/3396/709 5803/3283/709 5802/2910/709 5800/3397/709
f 5803/3283/710 5805/3398/710 5804/3399/710 5802/2910/710
f 5805/3398/711 5807/3400/711 5806/3401/711 5804/3399/711
f 5807/3400/712 5809/3402/712 5808/3403/712 5806/3401/712
f 5809/3402/713 5811/3404/713 5810/2995/713 5808/3403/713
f 5811/3404/714 5813/3405/714 5812/3406/714 5810/2995/714
f 5813/3405/715 5815/3407/715 5814/3408/715 5812/3406/715
f 5815/3407/716 5817/3409/716 5816/3410/716 5814/3408/716
f 5817/3409/717 5819/3308/717 5818/2859/717 5816/3410/717
f 5819/3308/718 5821/3411/718 5820/3412/718 5818/2859/718
f 5821/3411/719 5823/3413/719 5822/3414/719 5820/3412/719
f 5823/3413/720 5825/3415/720 5824/3416/720 5822/3414/720
f 5825/3415/721 5827/3417/721 5826/2953/721 5824/3416/721
f 5827/3417/722 5829/3418/722 5828/3419/722 5826/2953/722
f 5829/3418/723 5831/3420/723 5830/3421/723 5828/3419/723
f 5831/3420/724 5833/3422/724 5832/3423/724 5830/3421/724
f 5833/3422/725 5835/3333/725 5834/2932/725 5832/3423/725
f 5835/3333/726 5837/3424/726 5836/3425/726 5834/2932/726
f 5837/3424/727 5839/3426/727 5838/3427/727 5836/3425/727
f 5839/3426/728 5841/3428/728 5840/3429/728 5838/3427/728
f 5841/3428/729 5843/3430/729 5842/2962/729 5840/3429/729
f 5843/3430/730 5845/3431/730 5844/3432/730 5842/2962/730
f 5845/3431/731 5847/3433/731 5846/3434/731 5844/3432/731
f 5847/3433/732 5849/3435/732 5848/3436/732 5846/3434/732
f 5849/3435/733 5755/3358/733 5754/2811/733 5848/3436/733
f 5851/3208/638 5853/3359/638 5852/3360/638 5850/2815/638
f 5853/3359/639 5855/3361/639 5854/3362/639 5852/3360/639
f 5855/3361/640 5857/3363/640 5856/3364/640 5854/3362/640
f 5857/3363/641 5859/3365/641 5858/3007/641 5856/3364/641
f 5859/3365/642 5861/3366/642 5860/3367/642 5858/3007/642
f 5861/3366/643 5863/3368/643 5862/3369/643 5860/3367/643
f 5863/3368/644 5865/3370/644 5864/3371/644 5862/3369/644
f 5865/3370/645 5867/3233/645 5866/3025/645 5864/3371/645
f 5867/3233/646 5869/3372/646 5868/3373/646 5866/3025/646
f 5869/3372/647 5871/3374/647 5870/3375/647 5868/3373/647
f 5871/3374/648 5873/3376/648 5872/3377/648 5870/3375/648
f 5873/3376/649 5875/3378/649 5874/2970/649 5872/3377/649
f 5875/3378/650 5877/3379/650 5876/3380/650 5874/2970/650
f 5877/3379/651 5879/3381/651 5878/3382/651 5876/3380/651
f 5879/3381/652 5881/3383/652 5880/3384/652 5878/3382/652
f 5881/3383/653 5883/3258/653 5882/2860/653 5880/3384/653
f 5883/3258/654 5885/3385/654 5884/3386/654 5882/2860/654
f 5885/3385/655 5887/3387/655 5886/3388/655 5884/3386/655
f 5887/3387/656 5889/3389/656 5888/3390/656 5886/3388/656
f 5889/3389/657 5891/3391/657 5890/2934/657 5888/3390/657
f 5891/3391/658 5893/3392/658 5892/3393/658 5890/2934/658
f 5893/3392/659 5895/3394/659 5894/3395/659 5892/3393/659
f 5895/3394/660 5897/3396/660 5896/3397/660 5894/3395/660
f 5897/3396/661 5899/3283/661 5898/2910/661 5896/3397/661
f 5899/3283/662 5901/3398/662 5900/3399/662 5898/2910/662
f 5901/3398/663 5903/3400/663 5902/3401/663 5900/3399/663
f 5903/3400/664 5905/3402/664 5904/3403/664 5902/3401/664
f 5905/3402/665 5907/3404/665 5906/2995/665 5904/3403/665
f 5907/3404/666 5909/3405/666 5908/3406/666 5906/2995/666
f 5909/3405/667 5911/3407/667 5910/3408/667 5908/3406/667
f 5911/3407/668 5913/3409/668 5912/3410/668 5910/3408/668
f 5913/3409/669 5915/3308/669 5914/2859/669 5912/3410/669
f 5915/3308/670 5917/3411/670 5916/3412/670 5914/2859/670
f 5917/3411/671 5919/3413/671 5918/3414/671 5916/3412/671
f 5919/3413/672 5921/3415/672 5920/3416/672 5918/3414/672
f 5921/3415/673 5923/3417/673 5922/2953/673 5920/3416/673
f 5923/3417/674 5925/3418/674 5924/3419/674 5922/2953/674
f 5925/3418/675 5927/3420/675 5926/3421/675 5924/3419/675
f 5927/3420/676 5929/3422/676 5928/3423/676 5926/3421/676
f 5929/3422/677 5931/3333/677 5930/2932/677 5928/3423/677
f 5931/3333/678 5933/3424/678 5932/3425/678 5930/2932/678
f 5933/3424/679 5935/3426/679 5934/3427/679 5932/3425/679
f 5935/3426/680 5937/3428/680 5936/3429/680 5934/3427/680
f 5937/3428/681 5939/3430/681 5938/2962/681 5936/3429/681
f 5939/3430/682 5941/3431/682 5940/3432/682 5938/2962/682
f 5941/3431/683 5943/3433/683 5942/3434/683 5940/3432/683
f 5943/3433/684 5945/3435/684 5944/3436/684 5942/3434/684
f 5945/3435/685 5851/3358/685 5850/2811/685 5944/3436/685
f 5947/3208/686 5949/3359/686 5948/3360/686 5946/2815/686
f 5949/3359/687 5951/3361/687 5950/3362/687 5948/3360/687
f 5951/3361/688 5953/3363/688 5952/3364/688 5950/3362/688
f 5953/3363/689 5955/3365/689 5954/3007/689 5952/3364/689
f 5955/3365/690 5957/3366/690 5956/3367/690 5954/3007/690
f 5957/3366/691 5959/3368/691 5958/3369/691 5956/3367/691
f 5959/3368/692 5961/3370/692 5960/3371/692 5958/3369/692
f 5961/3370/693 5963/3233/693 5962/3025/693 5960/3371/693
f 5963/3233/694 5965/3372/694 5964/3373/694 5962/3025/694
f 5965/3372/695 5967/3374/695 5966/3375/695 5964/3373/695
f 5967/3374/696 5969/3376/696 5968/3377/696 5966/3375/696
f 5969/3376/697 5971/3378/697 5970/2970/697 5968/3377/697
f 5971/3378/698 5973/3379/698 5972/3380/698 5970/2970/698
f 5973/3379/699 5975/3381/699 5974/3382/699 5972/3380/699
f 5975/3381/700 5977/3383/700 5976/3384/700 5974/3382/700
f 5977/3383/701 5979/3258/701 5978/2860/701 5976/3384/701
f 5979/3258/702 5981/3385/702 5980/3386/702 5978/2860/702
f 5981/3385/703 5983/3387/703 5982/3388/703 5980/3386/703
f 5983/3387/704 5985/3389/704 5984/3390/704 5982/3388/704
f 5985/3389/705 5987/3391/705 5986/2934/705 5984/3390/705
f 5987/3391/706 5989/3392/706 5988/3393/706 5986/2934/706
f 5989/3392/707 5991/3394/707 5990/3395/707 5988/3393/707
f 5991/3394/708 5993/3396/708 5992/3397/708 5990/3395/708
f 5993/3396/709 5995/3283/709 5994/2910/709 5992/3397/709
f 5995/3283/710 5997/3398/710 5996/3399/710 5994/2910/710
f 5997/3398/711 5999/3400/711 5998/3401/711 5996/3399/711
f 5999/3400/712 6001/3402/712 6000/3403/712 5998/3401/712
f 6001/3402/713 6003/3404/713 6002/2995/713 6000/3403/713
f 6003/3404/714 6005/3405/714 6004/3406/714 6002/2995/714
f 6005/3405/715 6007/3407/715 6006/3408/715 6004/3406/715
f 6007/3407/716 6009/3409/716 6008/3410/716 6006/3408/716
f 6009/3409/717 6011/3308/717 6010/2859/717 6008/3410/717
f 6011/3308/718 6013/3411/718 6012/3412/718 6010/2859/718
f 6013/3411/719 6015/3413/719 6014/3414/719 6012/3412/719
f 6015/3413/720 6017/3415/720 6016/3416/720 6014/3414/720
f 6017/3415/721 6019/3417/721 6018/2953/721 6016/3416/721
f 6019/3417/722 6021/3418/722 6020/3419/722 6018/2953/722
f 6021/3418/723 6023/3420/723 6022/3421/723 6020/3419/723
f 6023/3420/724 6025/3422/724 6024/3423/724 6022/3421/724
f 6025/3422/725 6027/3333/725 6026/2932/725 6024/3423/725
f 6027/3333/726 6029/3424/726 6028/3425/726 6026/2932/726
f 6029/3424/727 6031/3426/727 6030/3427/727 6028/3425/727
f 6031/3426/728 6033/3428/728 6032/3429/728 6030/3427/728
f 6033/3428/729 6035/3430/729 6034/2962/729 6032/3429/729
f 6035/3430/730 6037/3431/730 6036/3432/730 6034/2962/730
f 6037/3431/731 6039/3433/731 6038/3434/731 6036/3432/731
f 6039/3433/732 6041/3435/732 6040/3436/732 6038/3434/732
f 6041/3435/733 5947/3358/733 5946/2811/733 6040/3436/733
f 6043/3208/734 6045/3437/734 6044/3438/734 6042/2815/734
f 6045/3437/735 6047/3439/735 6046/3440/735 6044/3438/735
f 6047/3439/736 6049/3441/736 6048/3442/736 6046/3440/736
f 6049/3441/737 6051/3443/737 6050/2913/737 6048/3442/737
f 6051/3443/738 6053/3368/738 6052/3369/738 6050/2913/738
f 6053/3368/739 6055/3444/739 6054/3445/739 6052/3369/739
f 6055/3444/740 6057/3446/740 6056/3447/740 6054/3445/740
f 6057/3446/741 6059/3448/741 6058/2829/741 6056/3447/741
f 6059/3448/742 6061/3449/742 6060/3450/742 6058/2829/742
f 6061/3449/743 6063/3378/743 6062/2970/743 6060/3450/743
f 6063/3378/744 6065/3451/744 6064/3452/744 6062/2970/744
f 6065/3451/745 6067/3453/745 6066/2909/745 6064/3452/745
f 6067/3453/746 6069/3454/746 6068/3455/746 6066/2909/746
f 6069/3454/747 6071/3456/747 6070/3457/747 6068/3455/747
f 6071/3456/748 6073/3387/748 6072/3388/748 6070/3457/748
f 6073/3387/749 6075/3458/749 6074/2768/749 6072/3388/749
f 6075/3458/750 6077/3459/750 6076/3460/750 6074/2768/750
f 6077/3459/751 6079/3461/751 6078/3462/751 6076/3460/751
f 6079/3461/752 6081/3463/752 6080/3464/752 6078/3462/752
f 6081/3463/753 6083/3283/753 6082/2910/753 6080/3464/753
f 6083/3283/754 6085/3465/754 6084/3466/754 6082/2910/754
f 6085/3465/755 6087/3467/755 6086/3468/755 6084/3466/755
f 6087/3467/756 6089/3469/756 6088/3470/756 6086/3468/756
f 6089/3469/757 6091/3471/757 6090/2841/757 6088/3470/757
f 6091/3471/758 6093/3407/758 6092/3408/758 6090/2841/758
f 6093/3407/759 6095/3472/759 6094/3473/759 6092/3408/759
f 6095/3472/760 6097/3474/760 6096/3475/760 6094/3473/760
f 6097/3474/761 6099/3476/761 6098/2911/761 6096/3475/761
f 6099/3476/762 6101/3477/762 6100/3478/762 6098/2911/762
f 6101/3477/763 6103/3417/763 6102/2953/763 6100/3478/763
f 6103/3417/764 6105/3479/764 6104/3480/764 6102/2953/764
f 6105/3479/765 6107/3481/765 6106/2796/765 6104/3480/765
f 6107/3481/766 6109/3482/766 6108/3483/766 6106/2796/766
f 6109/3482/767 6111/3484/767 6110/3485/767 6108/3483/767
f 6111/3484/768 6113/3426/768 6112/3427/768 6110/3485/768
f 6113/3426/769 6115/3486/769 6114/2912/769 6112/3427/769
f 6115/3486/634 6117/3487/634 6116/3488/634 6114/2912/634
f 6117/3487/636 6119/3489/636 6118/3490/636 6116/3488/636
f 6119/3489/585 6121/3491/585 6120/3492/585 6118/3490/585
f 6121/3491/635 6043/3358/635 6042/2811/635 6120/3492/635
f 6123/3208/770 6125/3493/770 6124/3494/770 6122/2815/770
f 6125/3493/771 6127/3495/771 6126/2844/771 6124/3494/771
f 6127/3495/772 6129/3496/772 6128/3497/772 6126/2844/772
f 6129/3496/773 6131/3498/773 6130/2857/773 6128/3497/773
f 6131/3498/774 6133/3499/774 6132/3500/774 6130/2857/774
f 6133/3499/775 6135/3501/775 6134/2850/775 6132/3500/775
f 6135/3501/776 6137/3502/776 6136/3503/776 6134/2850/776
f 6137/3502/777 6139/3504/777 6138/2824/777 6136/3503/777
f 6139/3504/778 6141/3505/778 6140/3506/778 6138/2824/778
f 6141/3505/779 6143/3507/779 6142/2800/779 6140/3506/779
f 6143/3507/780 6145/3508/780 6144/3509/780 6142/2800/780
f 6145/3508/781 6147/3510/781 6146/2773/781 6144/3509/781
f 6147/3510/782 6149/3511/782 6148/3512/782 6146/2773/782
f 6149/3511/783 6151/3513/783 6150/2765/783 6148/3512/783
f 6151/3513/784 6153/3514/784 6152/3515/784 6150/2765/784
f 6153/3514/785 6155/3516/785 6154/2772/785 6152/3515/785
f 6155/3516/786 6157/3517/786 6156/3518/786 6154/2772/786
f 6157/3517/787 6159/3519/787 6158/2799/787 6156/3518/787
f 6159/3519/788 6161/3283/788 6160/2910/788 6158/2799/788
f 6161/3283/789 6163/3520/789 6162/2821/789 6160/2910/789
f 6163/3520/790 6165/3521/790 6164/3522/790 6162/2821/790
f 6165/3521/791 6167/3523/791 6166/2837/791 6164/3522/791
f 6167/3523/792 6169/3524/792 6168/3525/792 6166/2837/792
f 6169/3524/793 6171/3526/793 6170/2846/793 6168/3525/793
f 6171/3526/794 6173/3527/794 6172/3528/794 6170/2846/794
f 6173/3527/795 6175/3529/795 6174/2832/795 6172/3528/795
f 6175/3529/796 6177/3530/796 6176/3531/796 6174/2832/796
f 6177/3530/797 6179/3532/797 6178/2816/797 6176/3531/797
f 6179/3532/798 6181/3533/798 6180/3534/798 6178/2816/798
f 6181/3533/799 6183/3535/799 6182/2798/799 6180/3534/799
f 6183/3535/800 6185/3536/800 6184/3537/800 6182/2798/800
f 6185/3536/801 6187/3538/801 6186/2784/801 6184/3537/801
f 6187/3538/802 6189/3539/802 6188/3540/802 6186/2784/802
f 6189/3539/803 6191/3541/803 6190/2781/803 6188/3540/803
f 6191/3541/804 6193/3542/804 6192/3543/804 6190/2781/804
f 6193/3542/636 6195/3544/636 6194/2795/636 6192/3543/636
f 6195/3544/634 6197/3545/634 6196/3546/634 6194/2795/634
f 6197/3545/805 6123/3358/805 6122/2811/805 6196/3546/805
f 6199/3208/538 6201/3209/538 6200/3210/538 6198/2815/538
f 6201/3209/539 6203/3211/539 6202/2905/539 6200/3210/539
f 6203/3211/540 6205/3212/540 6204/3213/540 6202/2905/540
f 6205/3212/541 6207/3214/541 6206/2903/541 6204/3213/541
f 6207/3214/542 6209/3215/542 6208/3216/542 6206/2903/542
f 6209/3215/543 6211/3217/543 6210/2901/543 6208/3216/543
f 6211/3217/544 6213/3218/544 6212/3219/544 6210/2901/544
f 6213/3218/545 6215/3220/545 6214/2899/545 6212/3219/545
f 6215/3220/546 6217/3221/546 6216/3222/546 6214/2899/546
f 6217/3221/547 6219/3223/547 6218/2897/547 6216/3222/547
f 6219/3223/548 6221/3224/548 6220/3225/548 6218/2897/548
f 6221/3224/549 6223/3226/549 6222/2895/549 6220/3225/549
f 6223/3226/550 6225/3227/550 6224/3228/550 6222/2895/550
f 6225/3227/551 6227/3229/551 6226/2893/551 6224/3228/551
f 6227/3229/552 6229/3230/552 6228/3231/552 6226/2893/552
f 6229/3230/553 6231/3232/553 6230/2891/553 6228/3231/553
f 6231/3232/554 6233/3233/554 6232/3025/554 6230/2891/554
f 6233/3233/555 6235/3234/555 6234/2889/555 6232/3025/555
f 6235/3234/556 6237/3235/556 6236/3236/556 6234/2889/556
f 6237/3235/557 6239/3237/557 6238/2887/557 6236/3236/557
f 6239/3237/558 6241/3238/558 6240/3239/558 6238/2887/558
f 6241/3238/559 6243/3240/559 6242/2886/559 6240/3239/559
f 6243/3240/560 6245/3241/560 6244/3242/560 6242/2886/560
f 6245/3241/561 6247/3243/561 6246/2884/561 6244/3242/561
f 6247/3243/562 6249/3244/562 6248/3245/562 6246/2884/562
f 6249/3244/563 6251/3246/563 6250/2883/563 6248/3245/563
f 6251/3246/564 6253/3247/564 6252/3248/564 6250/2883/564
f 6253/3247/806 6255/3249/806 6254/2881/806 6252/3248/806
f 6255/3249/566 6257/3250/566 6256/3251/566 6254/2881/566
f 6257/3250/567 6259/3252/567 6258/2879/567 6256/3251/567
f 6259/3252/568 6261/3253/568 6260/3254/568 6258/2879/568
f 6261/3253/569 6263/3255/569 6262/2877/569 6260/3254/569
f 6263/3255/570 6265/3256/570 6264/3257/570 6262/2877/570
f 6265/3256/571 6267/3258/571 6266/2860/571 6264/3257/571
f 6267/3258/572 6269/3259/572 6268/3260/572 6266/2860/572
f 6269/3259/573 6271/3261/573 6270/2874/573 6268/3260/573
f 6271/3261/807 6273/3262/807 6272/3263/807 6270/2874/807
f 6273/3262/575 6275/3264/575 6274/2872/575 6272/3263/575
f 6275/3264/576 6277/3265/576 6276/3266/576 6274/2872/576
f 6277/3265/577 6279/3267/577 6278/2870/577 6276/3266/577
f 6279/3267/578 6281/3268/578 6280/3269/578 6278/2870/578
f 6281/3268/579 6283/3270/579 6282/2868/579 6280/3269/579
f 6283/3270/580 6285/3271/580 6284/3272/580 6282/2868/580
f 6285/3271/581 6287/3273/581 6286/2864/581 6284/3272/581
f 6287/3273/582 6289/3274/582 6288/3275/582 6286/2864/582
f 6289/3274/583 6291/3276/583 6290/2866/583 6288/3275/583
f 6291/3276/584 6293/3277/584 6292/3278/584 6290/2866/584
f 6293/3277/585 6295/3279/585 6294/2865/585 6292/3278/585
f 6295/3279/586 6297/3280/586 6296/3281/586 6294/2865/586
f 6297/3280/587 6299/3282/587 6298/2867/587 6296/3281/587
f 6299/3282/588 6301/3283/588 6300/2910/588 6298/2867/588
f 6301/3283/808 6303/3284/808 6302/2869/808 6300/2910/808
f 6303/3284/590 6305/3285/590 6304/3286/590 6302/2869/590
f 6305/3285/591 6307/3287/591 6306/2871/591 6304/3286/591
f 6307/3287/592 6309/3288/592 6308/3289/592 6306/2871/592
f 6309/3288/593 6311/3290/593 6310/2873/593 6308/3289/593
f 6311/3290/594 6313/3291/594 6312/3292/594 6310/2873/594
f 6313/3291/595 6315/3293/595 6314/2875/595 6312/3292/595
f 6315/3293/596 6317/3294/596 6316/3295/596 6314/2875/596
f 6317/3294/597 6319/3296/597 6318/2876/597 6316/3295/597
f 6319/3296/598 6321/3297/598 6320/3298/598 6318/2876/598
f 6321/3297/599 6323/3299/599 6322/2878/599 6320/3298/599
f 6323/3299/600 6325/3300/600 6324/3301/600 6322/2878/600
f 6325/3300/601 6327/3302/601 6326/2880/601 6324/3301/601
f 6327/3302/602 6329/3303/602 6328/3304/602 6326/2880/602
f 6329/3303/603 6331/3305/603 6330/2882/603 6328/3304/603
f 6331/3305/809 6333/3306/809 6332/3307/809 6330/2882/809
f 6333/3306/605 6335/3308/605 6334/2859/605 6332/3307/605
f 6335/3308/606 6337/3309/606 6336/3310/606 6334/2859/606
f 6337/3309/607 6339/3311/607 6338/2885/607 6336/3310/607
f 6339/3311/608 6341/3312/608 6340/3313/608 6338/2885/608
f 6341/3312/609 6343/3314/609 6342/2888/609 6340/3313/609
f 6343/3314/610 6345/3315/610 6344/3316/610 6342/2888/610
f 6345/3315/611 6347/3317/611 6346/2890/611 6344/3316/611
f 6347/3317/612 6349/3318/612 6348/3319/612 6346/2890/612
f 6349/3318/613 6351/3320/613 6350/2892/613 6348/3319/613
f 6351/3320/614 6353/3321/614 6352/3322/614 6350/2892/614
f 6353/3321/615 6355/3323/615 6354/2894/615 6352/3322/615
f 6355/3323/616 6357/3324/616 6356/3325/616 6354/2894/616
f 6357/3324/617 6359/3326/617 6358/2896/617 6356/3325/617
f 6359/3326/618 6361/3327/618 6360/3328/618 6358/2896/618
f 6361/3327/619 6363/3329/619 6362/2898/619 6360/3328/619
f 6363/3329/620 6365/3330/620 6364/3331/620 6362/2898/620
f 6365/3330/621 6367/3332/621 6366/2900/621 6364/3331/621
f 6367/3332/622 6369/3333/622 6368/2932/622 6366/2900/622
f 6369/3333/623 6371/3334/623 6370/2902/623 6368/2932/623
f 6371/3334/624 6373/3335/624 6372/3336/624 6370/2902/624
f 6373/3335/625 6375/3337/625 6374/2904/625 6372/3336/625
f 6375/3337/626 6377/3338/626 6376/3339/626 6374/2904/626
f 6377/3338/627 6379/3340/627 6378/2906/627 6376/3339/627
f 6379/3340/628 6381/3341/628 6380/3342/628 6378/2906/628
f 6381/3341/629 6383/3343/629 6382/2907/629 6380/3342/629
f 6383/3343/630 6385/3344/630 6384/3345/630 6382/2907/630
f 6385/3344/631 6387/3346/631 6386/2908/631 6384/3345/631
f 6387/3346/632 6389/3347/632 6388/3348/632 6386/2908/632
f 6389/3347/633 6391/3349/633 6390/2861/633 6388/3348/633
f 6391/3349/634 6393/3350/634 6392/3351/634 6390/2861/634
f 6393/3350/635 6395/3352/635 6394/2863/635 6392/3351/635
f 6395/3352/634 6397/3353/634 6396/3354/634 6394/2863/634
f 6397/3353/636 6399/3355/636 6398/2862/636 6396/3354/636
f 6399/3355/585 6401/3356/585 6400/3357/585 6398/2862/585
f 6401/3356/637 6199/3358/637 6198/2811/637 6400/3357/637
f 6403/3208/638 6405/3359/638 6404/3360/638 6402/2815/638
f 6405/3359/639 6407/3361/639 6406/3362/639 6404/3360/639
f 6407/3361/640 6409/3363/640 6408/3364/640 6406/3362/640
f 6409/3363/641 6411/3365/641 6410/3007/641 6408/3364/641
f 6411/3365/642 6413/3366/642 6412/3367/642 6410/3007/642
f 6413/3366/643 6415/3368/643 6414/3369/643 6412/3367/643
f 6415/3368/644 6417/3370/644 6416/3371/644 6414/3369/644
f 6417/3370/645 6419/3233/645 6418/3025/645 6416/3371/645
f 6419/3233/646 6421/3372/646 6420/3373/646 6418/3025/646
f 6421/3372/647 6423/3374/647 6422/3375/647 6420/3373/647
f 6423/3374/648 6425/3376/648 6424/3377/648 6422/3375/648
f 6425/3376/649 6427/3378/649 6426/2970/649 6424/3377/649
f 6427/3378/650 6429/3379/650 6428/3380/650 6426/2970/650
f 6429/3379/651 6431/3381/651 6430/3382/651 6428/3380/651
f 6431/3381/652 6433/3383/652 6432/3384/652 6430/3382/652
f 6433/3383/653 6435/3258/653 6434/2860/653 6432/3384/653
f 6435/3258/654 6437/3385/654 6436/3386/654 6434/2860/654
f 6437/3385/655 6439/3387/655 6438/3388/655 6436/3386/655
f 6439/3387/656 6441/3389/656 6440/3390/656 6438/3388/656
f 6441/3389/657 6443/3391/657 6442/2934/657 6440/3390/657
f 6443/3391/658 6445/3392/658 6444/3393/658 6442/2934/658
f 6445/3392/659 6447/3394/659 6446/3395/659 6444/3393/659
f 6447/3394/660 6449/3396/660 6448/3397/660 6446/3395/660
f 6449/3396/661 6451/3283/661 6450/2910/661 6448/3397/661
f 6451/3283/662 6453/3398/662 6452/3399/662 6450/2910/662
f 6453/3398/663 6455/3400/663 6454/3401/663 6452/3399/663
f 6455/3400/664 6457/3402/664 6456/3403/664 6454/3401/664
f 6457/3402/665 6459/3404/665 6458/2995/665 6456/3403/665
f 6459/3404/666 6461/3405/666 6460/3406/666 6458/2995/666
f 6461/3405/667 6463/3407/667 6462/3408/667 6460/3406/667
f 6463/3407/668 6465/3409/668 6464/3410/668 6462/3408/668
f 6465/3409/669 6467/3308/669 6466/2859/669 6464/3410/669
f 6467/3308/670 6469/3411/670 6468/3412/670 6466/2859/670
f 6469/3411/671 6471/3413/671 6470/3414/671 6468/3412/671
f 6471/3413/672 6473/3415/672 6472/3416/672 6470/3414/672
f 6473/3415/673 6475/3417/673 6474/2953/673 6472/3416/673
f 6475/3417/674 6477/3418/674 6476/3419/674 6474/2953/674
f 6477/3418/675 6479/3420/675 6478/3421/675 6476/3419/675
f 6479/3420/676 6481/3422/676 6480/3423/676 6478/3421/676
f 6481/3422/677 6483/3333/677 6482/2932/677 6480/3423/677
f 6483/3333/678 6485/3424/678 6484/3425/678 6482/2932/678
f 6485/3424/679 6487/3426/679 6486/3427/679 6484/3425/679
f 6487/3426/680 6489/3428/680 6488/3429/680 6486/3427/680
f 6489/3428/681 6491/3430/681 6490/2962/681 6488/3429/681
f 6491/3430/682 6493/3431/682 6492/3432/682 6490/2962/682
f 6493/3431/683 6495/3433/683 6494/3434/683 6492/3432/683
f 6495/3433/684 6497/3435/684 6496/3436/684 6494/3434/684
f 6497/3435/685 6403/3358/685 6402/2811/685 6496/3436/685
f 6499/3208/686 6501/3359/686 6500/3360/686 6498/2815/686
f 6501/3359/687 6503/3361/687 6502/3362/687 6500/3360/687
f 6503/3361/688 6505/3363/688 6504/3364/688 6502/3362/688
f 6505/3363/689 6507/3365/689 6506/3007/689 6504/3364/689
f 6507/3365/690 6509/3366/690 6508/3367/690 6506/3007/690
f 6509/3366/691 6511/3368/691 6510/3369/691 6508/3367/691
f 6511/3368/692 6513/3370/692 6512/3371/692 6510/3369/692
f 6513/3370/693 6515/3233/693 6514/3025/693 6512/3371/693
f 6515/3233/694 6517/3372/694 6516/3373/694 6514/3025/694
f 6517/3372/695 6519/3374/695 6518/3375/695 6516/3373/695
f 6519/3374/696 6521/3376/696 6520/3377/696 6518/3375/696
f 6521/3376/697 6523/3378/697 6522/2970/697 6520/3377/697
f 6523/3378/698 6525/3379/698 6524/3380/698 6522/2970/698
f 6525/3379/699 6527/3381/699 6526/3382/699 6524/3380/699
f 6527/3381/700 6529/3383/700 6528/3384/700 6526/3382/700
f 6529/3383/701 6531/3258/701 6530/2860/701 6528/3384/701
f 6531/3258/702 6533/3385/702 6532/3386/702 6530/2860/702
f 6533/3385/703 6535/3387/703 6534/3388/703 6532/3386/703
f 6535/3387/704 6537/3389/704 6536/3390/704 6534/3388/704
f 6537/3389/705 6539/3391/705 6538/2934/705 6536/3390/705
f 6539/3391/706 6541/3392/706 6540/3393/706 6538/2934/706
f 6541/3392/707 6543/3394/707 6542/3395/707 6540/3393/707
f 6543/3394/708 6545/3396/708 6544/3397/708 6542/3395/708
f 6545/3396/709 6547/3283/709 6546/2910/709 6544/3397/709
f 6547/3283/710 6549/3398/710 6548/3399/710 6546/2910/710
f 6549/3398/711 6551/3400/711 6550/3401/711 6548/3399/711
f 6551/3400/712 6553/3402/712 6552/3403/712 6550/3401/712
f 6553/3402/713 6555/3404/713 6554/2995/713 6552/3403/713
f 6555/3404/714 6557/3405/714 6556/3406/714 6554/2995/714
f 6557/3405/715 6559/3407/715 6558/3408/715 6556/3406/715
f 6559/3407/716 6561/3409/716 6560/3410/716 6558/3408/716
f 6561/3409/717 6563/3308/717 6562/2859/717 6560/3410/717
f 6563/3308/718 6565/3411/718 6564/3412/718 6562/2859/718
f 6565/3411/719 6567/3413/719 6566/3414/719 6564/3412/719
f 6567/3413/720 6569/3415/720 6568/3416/720 6566/3414/720
f 6569/3415/721 6571/3417/721 6570/2953/721 6568/3416/721
f 6571/3417/722 6573/3418/722 6572/3419/722 6570/2953/722
f 6573/3418/723 6575/3420/723 6574/3421/723 6572/3419/723
f 6575/3420/724 6577/3422/724 6576/3423/724 6574/3421/724
f 6577/3422/725 6579/3333/725 6578/2932/725 6576/3423/725
f 6579/3333/726 6581/3424/726 6580/3425/726 6578/2932/726
f 6581/3424/727 6583/3426/727 6582/3427/727 6580/3425/727
f 6583/3426/728 6585/3428/728 6584/3429/728 6582/3427/728
f 6585/3428/729 6587/3430/729 6586/2962/729 6584/3429/729
f 6587/3430/730 6589/3431/730 6588/3432/730 6586/2962/730
f 6589/3431/731 6591/3433/731 6590/3434/731 6588/3432/731
f 6591/3433/732 6593/3435/732 6592/3436/732 6590/3434/732
f 6593/3435/733 6499/3358/733 6498/2811/733 6592/3436/733
f 6595/3208/634 6597/3378/634 6596/2970/634 6594/2815/634
f 6597/3378/636 6599/3283/636 6598/2910/636 6596/2970/636
f 6599/3283/585 6601/3417/585 6600/2953/585 6598/2910/585
f 6601/3417/635 6595/3358/635 6594/2811/635 6600/2953/635
f 6603/3208/734 6605/3437/734 6604/3438/734 6602/2815/734
f 6605/3437/735 6607/3439/735 6606/3440/735 6604/3438/735
f 6607/3439/736 6609/3441/736 6608/3442/736 6606/3440/736
f 6609/3441/737 6611/3443/737 6610/2913/737 6608/3442/737
f 6611/3443/738 6613/3368/738 6612/3369/738 6610/2913/738
f 6613/3368/739 6615/3444/739 6614/3445/739 6612/3369/739
f 6615/3444/740 6617/3446/740 6616/3447/740 6614/3445/740
f 6617/3446/741 6619/3448/741 6618/2829/741 6616/3447/741
f 6619/3448/742 6621/3449/742 6620/3450/742 6618/2829/742
f 6621/3449/743 6623/3378/743 6622/2970/743 6620/3450/743
f 6623/3378/744 6625/3451/744 6624/3452/744 6622/2970/744
f 6625/3451/745 6627/3453/745 6626/2909/745 6624/3452/745
f 6627/3453/746 6629/3454/746 6628/3455/746 6626/2909/746
f 6629/3454/747 6631/3456/747 6630/3457/747 6628/3455/747
f 6631/3456/748 6633/3387/748 6632/3388/748 6630/3457/748
f 6633/3387/749 6635/3458/749 6634/2768/749 6632/3388/749
f 6635/3458/750 6637/3459/750 6636/3460/750 6634/2768/750
f 6637/3459/751 6639/3461/751 6638/3462/751 6636/3460/751
f 6639/3461/752 6641/3463/752 6640/3464/752 6638/3462/752
f 6641/3463/753 6643/3283/753 6642/2910/753 6640/3464/753
f 6643/3283/754 6645/3465/754 6644/3466/754 6642/2910/754
f 6645/3465/755 6647/3467/755 6646/3468/755 6644/3466/755
f 6647/3467/756 6649/3469/756 6648/3470/756 6646/3468/756
f 6649/3469/757 6651/3471/757 6650/2841/757 6648/3470/757
f 6651/3471/810 6653/3407/810 6652/3408/810 6650/2841/810
f 6653/3407/811 6655/3472/811 6654/3473/811 6652/3408/811
f 6655/3472/760 6657/3474/760 6656/3475/760 6654/3473/760
f 6657/3474/761 6659/3476/761 6658/2911/761 6656/3475/761
f 6659/3476/762 6661/3477/762 6660/3478/762 6658/2911/762
f 6661/3477/763 6663/3417/763 6662/2953/763 6660/3478/763
f 6663/3417/764 6665/3479/764 6664/3480/764 6662/2953/764
f 6665/3479/765 6667/3481/765 6666/2796/765 6664/3480/765
f 6667/3481/766 6669/3482/766 6668/3483/766 6666/2796/766
f 6669/3482/767 6671/3484/767 6670/3485/767 6668/3483/767
f 6671/3484/768 6673/3426/768 6672/3427/768 6670/3485/768
f 6673/3426/769 6675/3486/769 6674/2912/769 6672/3427/769
f 6675/3486/634 6677/3487/634 6676/3488/634 6674/2912/634
f 6677/3487/636 6679/3489/636 6678/3490/636 6676/3488/636
f 6679/3489/585 6681/3491/585 6680/3492/585 6678/3490/585
f 6681/3491/635 6603/3358/635 6602/2811/635 6680/3492/635
f 6683/3208/770 6685/3493/770 6684/3494/770 6682/2815/770
f 6685/3493/771 6687/3495/771 6686/2844/771 6684/3494/771
f 6687/3495/772 6689/3496/772 6688/3497/772 6686/2844/772
f 6689/3496/773 6691/3498/773 6690/2857/773 6688/3497/773
f 6691/3498/774 6693/3499/774 6692/3500/774 6690/2857/774
f 6693/3499/775 6695/3501/775 6694/2850/775 6692/3500/775
f 6695/3501/776 6697/3502/776 6696/3503/776 6694/2850/776
f 6697/3502/777 6699/3504/777 6698/2824/777 6696/3503/777
f 6699/3504/778 6701/3505/778 6700/3506/778 6698/2824/778
f 6701/3505/779 6703/3507/779 6702/2800/779 6700/3506/779
f 6703/3507/780 6705/3508/780 6704/3509/780 6702/2800/780
f 6705/3508/781 6707/3510/781 6706/2773/781 6704/3509/781
f 6707/3510/782 6709/3511/782 6708/3512/782 6706/2773/782
f 6709/3511/783 6711/3513/783 6710/2765/783 6708/3512/783
f 6711/3513/784 6713/3514/784 6712/3515/784 6710/2765/784
f 6713/3514/785 6715/3516/785 6714/2772/785 6712/3515/785
f 6715/3516/786 6717/3517/786 6716/3518/786 6714/2772/786
f 6717/3517/787 6719/3519/787 6718/2799/787 6716/3518/787
f 6719/3519/788 6721/3283/788 6720/2910/788 6718/2799/788
f 6721/3283/789 6723/3520/789 6722/2821/789 6720/2910/789
f 6723/3520/790 6725/3521/790 6724/3522/790 6722/2821/790
f 6725/3521/791 6727/3523/791 6726/2837/791 6724/3522/791
f 6727/3523/792 6729/3524/792 6728/3525/792 6726/2837/792
f 6729/3524/793 6731/3526/793 6730/2846/793 6728/3525/793
f 6731/3526/794 6733/3527/794 6732/3528/794 6730/2846/794
f 6733/3527/795 6735/3529/795 6734/2832/795 6732/3528/795
f 6735/3529/796 6737/3530/796 6736/3531/796 6734/2832/796
f 6737/3530/797 6739/3532/797 6738/2816/797 6736/3531/797
f 6739/3532/798 6741/3533/798 6740/3534/798 6738/2816/798
f 6741/3533/799 6743/3535/799 6742/2798/799 6740/3534/799
f 6743/3535/800 6745/3536/800 6744/3537/800 6742/2798/800
f 6745/3536/801 6747/3538/801 6746/2784/801 6744/3537/801
f 6747/3538/802 6749/3539/802 6748/3540/802 6746/2784/802
f 6749/3539/803 6751/3541/803 6750/2781/803 6748/3540/803
f 6751/3541/804 6753/3542/804 6752/3543/804 6750/2781/804
f 6753/3542/636 6755/3544/636 6754/2795/636 6752/3543/636
f 6755/3544/634 6757/3545/634 6756/3546/634 6754/2795/634
f 6757/3545/589 6683/3358/589 6682/2811/589 6756/3546/589
f 6759/3208/812 6761/3547/812 6760/3548/812 6758/2815/812
f 6761/3547/813 6763/3549/813 6762/3550/813 6760/3548/813
f 6763/3549/814 6765/3551/814 6764/3552/814 6762/3550/814
f 6765/3551/815 6767/3553/815 6766/3554/815 6764/3552/815
f 6767/3553/816 6769/3555/816 6768/3556/816 6766/3554/816
f 6769/3555/817 6771/3557/817 6770/3558/817 6768/3556/817
f 6771/3557/818 6773/3559/818 6772/3560/818 6770/3558/818
f 6773/3559/819 6775/3561/819 6774/3562/819 6772/3560/819
f 6775/3561/820 6777/3563/820 6776/3564/820 6774/3562/820
f 6777/3563/821 6779/3565/821 6778/3566/821 6776/3564/821
f 6779/3565/822 6781/3567/822 6780/3568/822 6778/3566/822
f 6781/3567/823 6783/3569/823 6782/3570/823 6780/3568/823
f 6783/3569/824 6785/3571/824 6784/3572/824 6782/3570/824
f 6785/3571/825 6787/3573/825 6786/3574/825 6784/3572/825
f 6787/3573/826 6789/3575/826 6788/3576/826 6786/3574/826
f 6789/3575/827 6791/3577/827 6790/3578/827 6788/3576/827
f 6791/3577/828 6793/3579/828 6792/3580/828 6790/3578/828
f 6793/3579/829 6795/3581/829 6794/3582/829 6792/3580/829
f 6795/3581/830 6797/3583/830 6796/3584/830 6794/3582/830
f 6797/3583/831 6799/3585/831 6798/3586/831 6796/3584/831
f 6799/3585/832 6801/3587/832 6800/3588/832 6798/3586/832
f 6801/3587/833 6803/3589/833 6802/3590/833 6800/3588/833
f 6803/3589/834 6805/3591/834 6804/3592/834 6802/3590/834
f 6805/3591/835 6807/3593/835 6806/3594/835 6804/3592/835
f 6807/3593/836 6809/3595/836 6808/3596/836 6806/3594/836
f 6809/3595/837 6811/3597/837 6810/3598/837 6808/3596/837
f 6811/3597/838 6813/3599/838 6812/3600/838 6810/3598/838
f 6813/3599/839 6815/3601/839 6814/3602/839 6812/3600/839
f 6815/3601/840 6817/3603/840 6816/3604/840 6814/3602/840
f 6817/3603/841 6819/3605/841 6818/3606/841 6816/3604/841
f 6819/3605/842 6821/3607/842 6820/3608/842 6818/3606/842
f 6821/3607/843 6823/3609/843 6822/3610/843 6820/3608/843
f 6823/3609/844 6825/3611/844 6824/3612/844 6822/3610/844
f 6825/3611/845 6827/3613/845 6826/3614/845 6824/3612/845
f 6827/3613/846 6829/3615/846 6828/3616/846 6826/3614/846
f 6829/3615/847 6831/3617/847 6830/3618/847 6828/3616/847
f 6831/3617/848 6833/3619/848 6832/3620/848 6830/3618/848
f 6833/3619/849 6835/3621/849 6834/3622/849 6832/3620/849
f 6835/3621/850 6837/3623/850 6836/3624/850 6834/3622/850
f 6837/3623/851 6839/3625/851 6838/3626/851 6836/3624/851
f 6839/3625/852 6841/3627/852 6840/3628/852 6838/3626/852
f 6841/3627/853 6843/3629/853 6842/3630/853 6840/3628/853
f 6843/3629/854 6845/3631/854 6844/3632/854 6842/3630/854
f 6845/3631/855 6847/3633/855 6846/3634/855 6844/3632/855
f 6847/3633/856 6849/3635/856 6848/3636/856 6846/3634/856
f 6849/3635/857 6851/3637/857 6850/3638/857 6848/3636/857
f 6851/3637/858 6853/3639/858 6852/3640/858 6850/3638/858
f 6853/3639/859 6855/3641/859 6854/3642/859 6852/3640/859
f 6855/3641/860 6857/3643/860 6856/3644/860 6854/3642/860
f 6857/3643/861 6859/3645/861 6858/3646/861 6856/3644/861
f 6859/3645/862 6861/3647/862 6860/3648/862 6858/3646/862
f 6861/3647/863 6863/3649/863 6862/3650/863 6860/3648/863
f 6863/3649/864 6865/3651/864 6864/3652/864 6862/3650/864
f 6865/3651/865 6867/3653/865 6866/3654/865 6864/3652/865
f 6867/3653/866 6869/3655/866 6868/3656/866 6866/3654/866
f 6869/3655/867 6871/3657/867 6870/3658/867 6868/3656/867
f 6871/3657/868 6873/3659/868 6872/3660/868 6870/3658/868
f 6873/3659/869 6875/3661/869 6874/3662/869 6872/3660/869
f 6875/3661/870 6877/3663/870 6876/3664/870 6874/3662/870
f 6877/3663/871 6879/3665/871 6878/3666/871 6876/3664/871
f 6879/3665/872 6881/3667/872 6880/3668/872 6878/3666/872
f 6881/3667/873 6883/3669/873 6882/3670/873 6880/3668/873
f 6883/3669/874 6885/3671/874 6884/3672/874 6882/3670/874
f 6885/3671/875 6887/3673/875 6886/3674/875 6884/3672/875
f 6887/3673/876 6889/3675/876 6888/3676/876 6886/3674/876
f 6889/3675/877 6891/3677/877 6890/3678/877 6888/3676/877
f 6891/3677/878 6893/3679/878 6892/3680/878 6890/3678/878
f 6893/3679/879 6895/3681/879 6894/3682/879 6892/3680/879
f 6895/3681/880 6897/3683/880 6896/3684/880 6894/3682/880
f 6897/3683/881 6899/3685/881 6898/3686/881 6896/3684/881
f 6899/3685/882 6901/3687/882 6900/3688/882 6898/3686/882
f 6901/3687/883 6903/3689/883 6902/3690/883 6900/3688/883
f 6903/3689/884 6759/3358/884 6758/2811/884 6902/3690/884
f 6905/3208/885 6907/3691/885 6906/3692/885 6904/2815/885
f 6907/3691/886 6909/3693/886 6908/3694/886 6906/3692/886
f 6909/3693/887 6911/3439/887 6910/3440/887 6908/3694/887
f 6911/3439/888 6913/3695/888 6912/3696/888 6910/3440/888
f 6913/3695/889 6915/3365/889 6914/3007/889 6912/3696/889
f 6915/3365/890 6917/3443/890 6916/2913/890 6914/3007/890
f 6917/3443/891 6919/3697/891 6918/3698/891 6916/2913/891
f 6919/3697/892 6921/3699/892 6920/3700/892 6918/3698/892
f 6921/3699/893 6923/3444/893 6922/3445/893 6920/3700/893
f 6923/3444/894 6925/3233/894 6924/3025/894 6922/3445/894
f 6925/3233/895 6927/3701/895 6926/3702/895 6924/3025/895
f 6927/3701/896 6929/3448/896 6928/2829/896 6926/3702/896
f 6929/3448/897 6931/3703/897 6930/3704/897 6928/2829/897
f 6931/3703/898 6933/3705/898 6932/3706/898 6930/3704/898
f 6933/3705/899 6935/3378/899 6934/2970/899 6932/3706/899
f 6935/3378/900 6937/3707/900 6936/3708/900 6934/2970/900
f 6937/3707/901 6939/3709/901 6938/3710/901 6936/3708/901
f 6939/3709/902 6941/3453/902 6940/2909/902 6938/3710/902
f 6941/3453/903 6943/3711/903 6942/3712/903 6940/2909/903
f 6943/3711/904 6945/3258/904 6944/2860/904 6942/3712/904
f 6945/3258/905 6947/3456/905 6946/3457/905 6944/2860/905
f 6947/3456/906 6949/3713/906 6948/3714/906 6946/3457/906
f 6949/3713/907 6951/3715/907 6950/3716/907 6948/3714/907
f 6951/3715/908 6953/3458/908 6952/2768/908 6950/3716/908
f 6953/3458/909 6955/3391/909 6954/2934/909 6952/2768/909
f 6955/3391/910 6957/3717/910 6956/3718/910 6954/2934/910
f 6957/3717/911 6959/3461/911 6958/3462/911 6956/3718/911
f 6959/3461/912 6961/3719/912 6960/3720/912 6958/3462/912
f 6961/3719/913 6963/3721/913 6962/3722/913 6960/3720/913
f 6963/3721/914 6965/3283/914 6964/2910/914 6962/3722/914
f 6965/3283/915 6967/3723/915 6966/3724/915 6964/2910/915
f 6967/3723/916 6969/3725/916 6968/3726/916 6966/3724/916
f 6969/3725/917 6971/3467/917 6970/3468/917 6968/3726/917
f 6971/3467/918 6973/3727/918 6972/3728/918 6970/3468/918
f 6973/3727/919 6975/3404/919 6974/2995/919 6972/3728/919
f 6975/3404/920 6977/3471/920 6976/2841/920 6974/2995/920
f 6977/3471/921 6979/3729/921 6978/3730/921 6976/2841/921
f 6979/3729/922 6981/3731/922 6980/3732/922 6978/3730/922
f 6981/3731/923 6983/3472/923 6982/3473/923 6980/3732/923
f 6983/3472/924 6985/3308/924 6984/2859/924 6982/3473/924
f 6985/3308/925 6987/3733/925 6986/3734/925 6984/2859/925
f 6987/3733/926 6989/3476/926 6988/2911/926 6986/3734/926
f 6989/3476/927 6991/3735/927 6990/3736/927 6988/2911/927
f 6991/3735/606 6993/3737/606 6992/3738/606 6990/3736/606
f 6993/3737/928 6995/3417/928 6994/2953/928 6992/3738/928
f 6995/3417/929 6997/3739/929 6996/3740/929 6994/2953/929
f 6997/3739/930 6999/3741/930 6998/3742/930 6996/3740/930
f 6999/3741/931 7001/3481/931 7000/2796/931 6998/3742/931
f 7001/3481/932 7003/3743/932 7002/3744/932 7000/2796/932
f 7003/3743/933 7005/3333/933 7004/2932/933 7002/3744/933
f 7005/3333/934 7007/3484/934 7006/3485/934 7004/2932/934
f 7007/3484/935 7009/3745/935 7008/3746/935 7006/3485/935
f 7009/3745/936 7011/3747/936 7010/3748/936 7008/3746/936
f 7011/3747/937 7013/3486/937 7012/2912/937 7010/3748/937
f 7013/3486/938 7015/3430/938 7014/2962/938 7012/2912/938
f 7015/3430/939 7017/3749/939 7016/3750/939 7014/2962/939
f 7017/3749/940 7019/3489/940 7018/3490/940 7016/3750/940
f 7019/3489/941 7021/3751/941 7020/3752/941 7018/3490/941
f 7021/3751/942 7023/3753/942 7022/3754/942 7020/3752/942
f 7023/3753/943 6905/3358/943 6904/2811/943 7022/3754/943
f 7025/3208/812 7027/3547/812 7026/3548/812 7024/2815/812
f 7027/3547/813 7029/3549/813 7028/3550/813 7026/3548/813
f 7029/3549/814 7031/3551/814 7030/3552/814 7028/3550/814
f 7031/3551/815 7033/3553/815 7032/3554/815 7030/3552/815
f 7033/3553/816 7035/3555/816 7034/3556/816 7032/3554/816
f 7035/3555/817 7037/3557/817 7036/3558/817 7034/3556/817
f 7037/3557/818 7039/3559/818 7038/3560/818 7036/3558/818
f 7039/3559/819 7041/3561/819 7040/3562/819 7038/3560/819
f 7041/3561/820 7043/3563/820 7042/3564/820 7040/3562/820
f 7043/3563/821 7045/3565/821 7044/3566/821 7042/3564/821
f 7045/3565/822 7047/3567/822 7046/3568/822 7044/3566/822
f 7047/3567/823 7049/3569/823 7048/3570/823 7046/3568/823
f 7049/3569/824 7051/3571/824 7050/3572/824 7048/3570/824
f 7051/3571/825 7053/3573/825 7052/3574/825 7050/3572/825
f 7053/3573/826 7055/3575/826 7054/3576/826 7052/3574/826
f 7055/3575/827 7057/3577/827 7056/3578/827 7054/3576/827
f 7057/3577/828 7059/3579/828 7058/3580/828 7056/3578/828
f 7059/3579/829 7061/3581/829 7060/3582/829 7058/3580/829
f 7061/3581/830 7063/3583/830 7062/3584/830 7060/3582/830
f 7063/3583/831 7065/3585/831 7064/3586/831 7062/3584/831
f 7065/3585/832 7067/3587/832 7066/3588/832 7064/3586/832
f 7067/3587/833 7069/3589/833 7068/3590/833 7066/3588/833
f 7069/3589/834 7071/3591/834 7070/3592/834 7068/3590/834
f 7071/3591/835 7073/3593/835 7072/3594/835 7070/3592/835
f 7073/3593/836 7075/3595/836 7074/3596/836 7072/3594/836
f 7075/3595/837 7077/3597/837 7076/3598/837 7074/3596/837
f 7077/3597/838 7079/3599/838 7078/3600/838 7076/3598/838
f 7079/3599/839 7081/3601/839 7080/3602/839 7078/3600/839
f 7081/3601/840 7083/3603/840 7082/3604/840 7080/3602/840
f 7083/3603/841 7085/3605/841 7084/3606/841 7082/3604/841
f 7085/3605/842 7087/3607/842 7086/3608/842 7084/3606/842
f 7087/3607/843 7089/3609/843 7088/3610/843 7086/3608/843
f 7089/3609/844 7091/3611/844 7090/3612/844 7088/3610/844
f 7091/3611/845 7093/3613/845 7092/3614/845 7090/3612/845
f 7093/3613/846 7095/3615/846 7094/3616/846 7092/3614/846
f 7095/3615/847 7097/3617/847 7096/3618/847 7094/3616/847
f 7097/3617/848 7099/3619/848 7098/3620/848 7096/3618/848
f 7099/3619/849 7101/3621/849 7100/3622/849 7098/3620/849
f 7101/3621/850 7103/3623/850 7102/3624/850 7100/3622/850
f 7103/3623/851 7105/3625/851 7104/3626/851 7102/3624/851
f 7105/3625/852 7107/3627/852 7106/3628/852 7104/3626/852
f 7107/3627/853 7109/3629/853 7108/3630/853 7106/3628/853
f 7109/3629/854 7111/3631/854 7110/3632/854 7108/3630/854
f 7111/3631/855 7113/3633/855 7112/3634/855 7110/3632/855
f 7113/3633/856 7115/3635/856 7114/3636/856 7112/3634/856
f 7115/3635/857 7117/3637/857 7116/3638/857 7114/3636/857
f 7117/3637/858 7119/3639/858 7118/3640/858 7116/3638/858
f 7119/3639/859 7121/3641/859 7120/3642/859 7118/3640/859
f 7121/3641/860 7123/3643/860 7122/3644/860 7120/3642/860
f 7123/3643/861 7125/3645/861 7124/3646/861 7122/3644/861
f 7125/3645/862 7127/3647/862 7126/3648/862 7124/3646/862
f 7127/3647/863 7129/3649/863 7128/3650/863 7126/3648/863
f 7129/3649/864 7131/3651/864 7130/3652/864 7128/3650/864
f 7131/3651/865 7133/3653/865 7132/3654/865 7130/3652/865
f 7133/3653/866 7135/3655/866 7134/3656/866 7132/3654/866
f 7135/3655/867 7137/3657/867 7136/3658/867 7134/3656/867
f 7137/3657/868 7139/3659/868 7138/3660/868 7136/3658/868
f 7139/3659/869 7141/3661/869 7140/3662/869 7138/3660/869
f 7141/3661/870 7143/3663/870 7142/3664/870 7140/3662/870
f 7143/3663/871 7145/3665/871 7144/3666/871 7142/3664/871
f 7145/3665/872 7147/3667/872 7146/3668/872 7144/3666/872
f 7147/3667/873 7149/3669/873 7148/3670/873 7146/3668/873
f 7149/3669/874 7151/3671/874 7150/3672/874 7148/3670/874
f 7151/3671/875 7153/3673/875 7152/3674/875 7150/3672/875
f 7153/3673/876 7155/3675/876 7154/3676/876 7152/3674/876
f 7155/3675/877 7157/3677/877 7156/3678/877 7154/3676/877
f 7157/3677/878 7159/3679/878 7158/3680/878 7156/3678/878
f 7159/3679/879 7161/3681/879 7160/3682/879 7158/3680/879
f 7161/3681/880 7163/3683/880 7162/3684/880 7160/3682/880
f 7163/3683/881 7165/3685/881 7164/3686/881 7162/3684/881
f 7165/3685/882 7167/3687/882 7166/3688/882 7164/3686/882
f 7167/3687/883 7169/3689/883 7168/3690/883 7166/3688/883
f 7169/3689/884 7025/3358/884 7024/2811/884 7168/3690/884
f 7171/3208/885 7173/3691/885 7172/3692/885 7170/2815/885
f 7173/3691/886 7175/3693/886 7174/3694/886 7172/3692/886
f 7175/3693/887 7177/3439/887 7176/3440/887 7174/3694/887
f 7177/3439/888 7179/3695/888 7178/3696/888 7176/3440/888
f 7179/3695/889 7181/3365/889 7180/3007/889 7178/3696/889
f 7181/3365/890 7183/3443/890 7182/2913/890 7180/3007/890
f 7183/3443/891 7185/3697/891 7184/3698/891 7182/2913/891
f 7185/3697/892 7187/3699/892 7186/3700/892 7184/3698/892
f 7187/3699/893 7189/3444/893 7188/3445/893 7186/3700/893
f 7189/3444/894 7191/3233/894 7190/3025/894 7188/3445/894
f 7191/3233/895 7193/3701/895 7192/3702/895 7190/3025/895
f 7193/3701/896 7195/3448/896 7194/2829/896 7192/3702/896
f 7195/3448/897 7197/3703/897 7196/3704/897 7194/2829/897
f 7197/3703/898 7199/3705/898 7198/3706/898 7196/3704/898
f 7199/3705/899 7201/3378/899 7200/2970/899 7198/3706/899
f 7201/3378/900 7203/3707/900 7202/3708/900 7200/2970/900
f 7203/3707/901 7205/3709/901 7204/3710/901 7202/3708/901
f 7205/3709/902 7207/3453/902 7206/2909/902 7204/3710/902
f 7207/3453/903 7209/3711/903 7208/3712/903 7206/2909/903
f 7209/3711/904 7211/3258/904 7210/2860/904 7208/3712/904
f 7211/3258/905 7213/3456/905 7212/3457/905 7210/2860/905
f 7213/3456/906 7215/3713/906 7214/3714/906 7212/3457/906
f 7215/3713/907 7217/3715/907 7216/3716/907 7214/3714/907
f 7217/3715/908 7219/3458/908 7218/2768/908 7216/3716/908
f 7219/3458/909 7221/3391/909 7220/2934/909 7218/2768/909
f 7221/3391/910 7223/3717/910 7222/3718/910 7220/2934/910
f 7223/3717/911 7225/3461/911 7224/3462/911 7222/3718/911
f 7225/3461/912 7227/3719/912 7226/3720/912 7224/3462/912
f 7227/3719/913 7229/3721/913 7228/3722/913 7226/3720/913
f 7229/3721/914 7231/3283/914 7230/2910/914 7228/3722/914
f 7231/3283/915 7233/3723/915 7232/3724/915 7230/2910/915
f 7233/3723/916 7235/3725/916 7234/3726/916 7232/3724/916
f 7235/3725/917 7237/3467/917 7236/3468/917 7234/3726/917
f 7237/3467/918 7239/3727/918 7238/3728/918 7236/3468/918
f 7239/3727/919 7241/3404/919 7240/2995/919 7238/3728/919
f 7241/3404/920 7243/3471/920 7242/2841/920 7240/2995/920
f 7243/3471/921 7245/3729/921 7244/3730/921 7242/2841/921
f 7245/3729/922 7247/3731/922 7246/3732/922 7244/3730/922
f 7247/3731/944 7249/3472/944 7248/3473/944 7246/3732/944
f 7249/3472/924 7251/3308/924 7250/2859/924 7248/3473/924
f 7251/3308/925 7253/3733/925 7252/3734/925 7250/2859/925
f 7253/3733/926 7255/3476/926 7254/2911/926 7252/3734/926
f 7255/3476/927 7257/3735/927 7256/3736/927 7254/2911/927
f 7257/3735/606 7259/3737/606 7258/3738/606 7256/3736/606
f 7259/3737/928 7261/3417/928 7260/2953/928 7258/3738/928
f 7261/3417/929 7263/3739/929 7262/3740/929 7260/2953/929
f 7263/3739/930 7265/3741/930 7264/3742/930 7262/3740/930
f 7265/3741/931 7267/3481/931 7266/2796/931 7264/3742/931
f 7267/3481/932 7269/3743/932 7268/3744/932 7266/2796/932
f 7269/3743/933 7271/3333/933 7270/2932/933 7268/3744/933
f 7271/3333/934 7273/3484/934 7272/3485/934 7270/2932/934
f 7273/3484/935 7275/3745/935 7274/3746/935 7272/3485/935
f 7275/3745/936 7277/3747/936 7276/3748/936 7274/3746/936
f 7277/3747/937 7279/3486/937 7278/2912/937 7276/3748/937
f 7279/3486/938 7281/3430/938 7280/2962/938 7278/2912/938
f 7281/3430/939 7283/3749/939 7282/3750/939 7280/2962/939
f 7283/3749/940 7285/3489/940 7284/3490/940 7282/3750/940
f 7285/3489/941 7287/3751/941 7286/3752/941 7284/3490/941
f 7287/3751/942 7289/3753/942 7288/3754/942 7286/3752/942
f 7289/3753/943 7171/3358/943 7170/2811/943 7288/3754/943
f 7291/3208/812 7293/3547/812 7292/3548/812 7290/2815/812
f 7293/3547/813 7295/3549/813 7294/3550/813 7292/3548/813
f 7295/3549/814 7297/3551/814 7296/3552/814 7294/3550/814
f 7297/3551/815 7299/3553/815 7298/3554/815 7296/3552/815
f 7299/3553/816 7301/3555/816 7300/3556/816 7298/3554/816
f 7301/3555/817 7303/3557/817 7302/3558/817 7300/3556/817
f 7303/3557/818 7305/3559/818 7304/3560/818 7302/3558/818
f 7305/3559/819 7307/3561/819 7306/3562/819 7304/3560/819
f 7307/3561/820 7309/3563/820 7308/3564/820 7306/3562/820
f 7309/3563/821 7311/3565/821 7310/3566/821 7308/3564/821
f 7311/3565/822 7313/3567/822 7312/3568/822 7310/3566/822
f 7313/3567/823 7315/3569/823 7314/3570/823 7312/3568/823
f 7315/3569/824 7317/3571/824 7316/3572/824 7314/3570/824
f 7317/3571/825 7319/3573/825 7318/3574/825 7316/3572/825
f 7319/3573/826 7321/3575/826 7320/3576/826 7318/3574/826
f 7321/3575/827 7323/3577/827 7322/3578/827 7320/3576/827
f 7323/3577/828 7325/3579/828 7324/3580/828 7322/3578/828
f 7325/3579/829 7327/3581/829 7326/3582/829 7324/3580/829
f 7327/3581/830 7329/3583/830 7328/3584/830 7326/3582/830
f 7329/3583/831 7331/3585/831 7330/3586/831 7328/3584/831
f 7331/3585/832 7333/3587/832 7332/3588/832 7330/3586/832
f 7333/3587/833 7335/3589/833 7334/3590/833 7332/3588/833
f 7335/3589/834 7337/3591/834 7336/3592/834 7334/3590/834
f 7337/3591/835 7339/3593/835 7338/3594/835 7336/3592/835
f 7339/3593/836 7341/3595/836 7340/3596/836 7338/3594/836
f 7341/3595/837 7343/3597/837 7342/3598/837 7340/3596/837
f 7343/3597/838 7345/3599/838 7344/3600/838 7342/3598/838
f 7345/3599/839 7347/3601/839 7346/3602/839 7344/3600/839
f 7347/3601/840 7349/3603/840 7348/3604/840 7346/3602/840
f 7349/3603/841 7351/3605/841 7350/3606/841 7348/3604/841
f 7351/3605/842 7353/3607/842 7352/3608/842 7350/3606/842
f 7353/3607/843 7355/3609/843 7354/3610/843 7352/3608/843
f 7355/3609/844 7357/3611/844 7356/3612/844 7354/3610/844
f 7357/3611/845 7359/3613/845 7358/3614/845 7356/3612/845
f 7359/3613/846 7361/3615/846 7360/3616/846 7358/3614/846
f 7361/3615/847 7363/3617/847 7362/3618/847 7360/3616/847
f 7363/3617/848 7365/3619/848 7364/3620/848 7362/3618/848
f 7365/3619/849 7367/3621/849 7366/3622/849 7364/3620/849
f 7367/3621/850 7369/3623/850 7368/3624/850 7366/3622/850
f 7369/3623/851 7371/3625/851 7370/3626/851 7368/3624/851
f 7371/3625/852 7373/3627/852 7372/3628/852 7370/3626/852
f 7373/3627/853 7375/3629/853 7374/3630/853 7372/3628/853
f 7375/3629/854 7377/3631/854 7376/3632/854 7374/3630/854
f 7377/3631/855 7379/3633/855 7378/3634/855 7376/3632/855
f 7379/3633/856 7381/3635/856 7380/3636/856 7378/3634/856
f 7381/3635/857 7383/3637/857 7382/3638/857 7380/3636/857
f 7383/3637/858 7385/3639/858 7384/3640/858 7382/3638/858
f 7385/3639/859 7387/3641/859 7386/3642/859 7384/3640/859
f 7387/3641/860 7389/3643/860 7388/3644/860 7386/3642/860
f 7389/3643/861 7391/3645/861 7390/3646/861 7388/3644/861
f 7391/3645/862 7393/3647/862 7392/3648/862 7390/3646/862
f 7393/3647/863 7395/3649/863 7394/3650/863 7392/3648/863
f 7395/3649/864 7397/3651/864 7396/3652/864 7394/3650/864
f 7397/3651/865 7399/3653/865 7398/3654/865 7396/3652/865
f 7399/3653/866 7401/3655/866 7400/3656/866 7398/3654/866
f 7401/3655/867 7403/3657/867 7402/3658/867 7400/3656/867
f 7403/3657/868 7405/3659/868 7404/3660/868 7402/3658/868
f 7405/3659/869 7407/3661/869 7406/3662/869 7404/3660/869
f 7407/3661/870 7409/3663/870 7408/3664/870 7406/3662/870
f 7409/3663/871 7411/3665/871 7410/3666/871 7408/3664/871
f 7411/3665/872 7413/3667/872 7412/3668/872 7410/3666/872
f 7413/3667/873 7415/3669/873 7414/3670/873 7412/3668/873
f 7415/3669/874 7417/3671/874 7416/3672/874 7414/3670/874
f 7417/3671/875 7419/3673/875 7418/3674/875 7416/3672/875
f 7419/3673/876 7421/3675/876 7420/3676/876 7418/3674/876
f 7421/3675/877 7423/3677/877 7422/3678/877 7420/3676/877
f 7423/3677/878 7425/3679/878 7424/3680/878 7422/3678/878
f 7425/3679/879 7427/3681/879 7426/3682/879 7424/3680/879
f 7427/3681/880 7429/3683/880 7428/3684/880 7426/3682/880
f 7429/3683/881 7431/3685/881 7430/3686/881 7428/3684/881
f 7431/3685/882 7433/3687/882 7432/3688/882 7430/3686/882
f 7433/3687/883 7435/3689/883 7434/3690/883 7432/3688/883
f 7435/3689/884 7291/3358/884 7290/2811/884 7434/3690/884
f 7437/3208/885 7439/3691/885 7438/3692/885 7436/2815/885
f 7439/3691/886 7441/3693/886 7440/3694/886 7438/3692/886
f 7441/3693/887 7443/3439/887 7442/3440/887 7440/3694/887
f 7443/3439/888 7445/3695/888 7444/3696/888 7442/3440/888
f 7445/3695/889 7447/3365/889 7446/3007/889 7444/3696/889
f 7447/3365/890 7449/3443/890 7448/2913/890 7446/3007/890
f 7449/3443/891 7451/3697/891 7450/3698/891 7448/2913/891
f 7451/3697/892 7453/3699/892 7452/3700/892 7450/3698/892
f 7453/3699/893 7455/3444/893 7454/3445/893 7452/3700/893
f 7455/3444/894 7457/3233/894 7456/3025/894 7454/3445/894
f 7457/3233/895 7459/3701/895 7458/3702/895 7456/3025/895
f 7459/3701/896 7461/3448/896 7460/2829/896 7458/3702/896
f 7461/3448/897 7463/3703/897 7462/3704/897 7460/2829/897
f 7463/3703/898 7465/3705/898 7464/3706/898 7462/3704/898
f 7465/3705/899 7467/3378/899 7466/2970/899 7464/3706/899
f 7467/3378/900 7469/3707/900 7468/3708/900 7466/2970/900
f 7469/3707/901 7471/3709/901 7470/3710/901 7468/3708/901
f 7471/3709/902 7473/3453/902 7472/2909/902 7470/3710/902
f 7473/3453/903 7475/3711/903 7474/3712/903 7472/2909/903
f 7475/3711/904 7477/3258/904 7476/2860/904 7474/3712/904
f 7477/3258/905 7479/3456/905 7478/3457/905 7476/2860/905
f 7479/3456/906 7481/3713/906 7480/3714/906 7478/3457/906
f 7481/3713/907 7483/3715/907 7482/3716/907 7480/3714/907
f 7483/3715/908 7485/3458/908 7484/2768/908 7482/3716/908
f 7485/3458/909 7487/3391/909 7486/2934/909 7484/2768/909
f 7487/3391/910 7489/3717/910 7488/3718/910 7486/2934/910
f 7489/3717/911 7491/3461/911 7490/3462/911 7488/3718/911
f 7491/3461/912 7493/3719/912 7492/3720/912 7490/3462/912
f 7493/3719/913 7495/3721/913 7494/3722/913 7492/3720/913
f 7495/3721/914 7497/3283/914 7496/2910/914 7494/3722/914
f 7497/3283/915 7499/3723/915 7498/3724/915 7496/2910/915
f 7499/3723/916 7501/3725/916 7500/3726/916 7498/3724/916
f 7501/3725/917 7503/3467/917 7502/3468/917 7500/3726/917
f 7503/3467/918 7505/3727/918 7504/3728/918 7502/3468/918
f 7505/3727/919 7507/3404/919 7506/2995/919 7504/3728/919
f 7507/3404/920 7509/3471/920 7508/2841/920 7506/2995/920
f 7509/3471/921 7511/3729/921 7510/3730/921 7508/2841/921
f 7511/3729/922 7513/3731/922 7512/3732/922 7510/3730/922
f 7513/3731/944 7515/3472/944 7514/3473/944 7512/3732/944
f 7515/3472/924 7517/3308/924 7516/2859/924 7514/3473/924
f 7517/3308/925 7519/3733/925 7518/3734/925 7516/2859/925
f 7519/3733/926 7521/3476/926 7520/2911/926 7518/3734/926
f 7521/3476/927 7523/3735/927 7522/3736/927 7520/2911/927
f 7523/3735/606 7525/3737/606 7524/3738/606 7522/3736/606
f 7525/3737/928 7527/3417/928 7526/2953/928 7524/3738/928
f 7527/3417/929 7529/3739/929 7528/3740/929 7526/2953/929
f 7529/3739/930 7531/3741/930 7530/3742/930 7528/3740/930
f 7531/3741/931 7533/3481/931 7532/2796/931 7530/3742/931
f 7533/3481/932 7535/3743/932 7534/3744/932 7532/2796/932
f 7535/3743/933 7537/3333/933 7536/2932/933 7534/3744/933
f 7537/3333/934 7539/3484/934 7538/3485/934 7536/2932/934
f 7539/3484/935 7541/3745/935 7540/3746/935 7538/3485/935
f 7541/3745/936 7543/3747/936 7542/3748/936 7540/3746/936
f 7543/3747/937 7545/3486/937 7544/2912/937 7542/3748/937
f 7545/3486/938 7547/3430/938 7546/2962/938 7544/2912/938
f 7547/3430/939 7549/3749/939 7548/3750/939 7546/2962/939
f 7549/3749/940 7551/3489/940 7550/3490/940 7548/3750/940
f 7551/3489/941 7553/3751/941 7552/3752/941 7550/3490/941
f 7553/3751/942 7555/3753/942 7554/3754/942 7552/3752/942
f 7555/3753/943 7437/3358/943 7436/2811/943 7554/3754/943
f 7557/3208/812 7559/3547/812 7558/3548/812 7556/2815/812
f 7559/3547/813 7561/3549/813 7560/3550/813 7558/3548/813
f 7561/3549/814 7563/3551/814 7562/3552/814 7560/3550/814
f 7563/3551/815 7565/3553/815 7564/3554/815 7562/3552/815
f 7565/3553/816 7567/3555/816 7566/3556/816 7564/3554/816
f 7567/3555/817 7569/3557/817 7568/3558/817 7566/3556/817
f 7569/3557/818 7571/3559/818 7570/3560/818 7568/3558/818
f 7571/3559/819 7573/3561/819 7572/3562/819 7570/3560/819
f 7573/3561/820 7575/3563/820 7574/3564/820 7572/3562/820
f 7575/3563/821 7577/3565/821 7576/3566/821 7574/3564/821
f 7577/3565/822 7579/3567/822 7578/3568/822 7576/3566/822
f 7579/3567/823 7581/3569/823 7580/3570/823 7578/3568/823
f 7581/3569/824 7583/3571/824 7582/3572/824 7580/3570/824
f 7583/3571/825 7585/3573/825 7584/3574/825 7582/3572/825
f 7585/3573/826 7587/3575/826 7586/3576/826 7584/3574/826
f 7587/3575/827 7589/3577/827 7588/3578/827 7586/3576/827
f 7589/3577/828 7591/3579/828 7590/3580/828 7588/3578/828
f 7591/3579/829 7593/3581/829 7592/3582/829 7590/3580/829
f 7593/3581/830 7595/3583/830 7594/3584/830 7592/3582/830
f 7595/3583/831 7597/3585/831 7596/3586/831 7594/3584/831
f 7597/3585/832 7599/3587/832 7598/3588/832 7596/3586/832
f 7599/3587/833 7601/3589/833 7600/3590/833 7598/3588/833
f 7601/3589/834 7603/3591/834 7602/3592/834 7600/3590/834
f 7603/3591/835 7605/3593/835 7604/3594/835 7602/3592/835
f 7605/3593/836 7607/3595/836 7606/3596/836 7604/3594/836
f 7607/3595/837 7609/3597/837 7608/3598/837 7606/3596/837
f 7609/3597/838 7611/3599/838 7610/3600/838 7608/3598/838
f 7611/3599/839 7613/3601/839 7612/3602/839 7610/3600/839
f 7613/3601/840 7615/3603/840 7614/3604/840 7612/3602/840
f 7615/3603/841 7617/3605/841 7616/3606/841 7614/3604/841
f 7617/3605/842 7619/3607/842 7618/3608/842 7616/3606/842
f 7619/3607/843 7621/3609/843 7620/3610/843 7618/3608/843
f 7621/3609/844 7623/3611/844 7622/3612/844 7620/3610/844
f 7623/3611/845 7625/3613/845 7624/3614/845 7622/3612/845
f 7625/3613/846 7627/3615/846 7626/3616/846 7624/3614/846
f 7627/3615/847 7629/3617/847 7628/3618/847 7626/3616/847
f 7629/3617/848 7631/3619/848 7630/3620/848 7628/3618/848
f 7631/3619/849 7633/3621/849 7632/3622/849 7630/3620/849
f 7633/3621/850 7635/3623/850 7634/3624/850 7632/3622/850
f 7635/3623/851 7637/3625/851 7636/3626/851 7634/3624/851
f 7637/3625/852 7639/3627/852 7638/3628/852 7636/3626/852
f 7639/3627/853 7641/3629/853 7640/3630/853 7638/3628/853
f 7641/3629/854 7643/3631/854 7642/3632/854 7640/3630/854
f 7643/3631/855 7645/3633/855 7644/3634/855 7642/3632/855
f 7645/3633/856 7647/3635/856 7646/3636/856 7644/3634/856
f 7647/3635/857 7649/3637/857 7648/3638/857 7646/3636/857
f 7649/3637/858 7651/3639/858 7650/3640/858 7648/3638/858
f 7651/3639/859 7653/3641/859 7652/3642/859 7650/3640/859
f 7653/3641/860 7655/3643/860 7654/3644/860 7652/3642/860
f 7655/3643/861 7657/3645/861 7656/3646/861 7654/3644/861
f 7657/3645/862 7659/3647/862 7658/3648/862 7656/3646/862
f 7659/3647/863 7661/3649/863 7660/3650/863 7658/3648/863
f 7661/3649/864 7663/3651/864 7662/3652/864 7660/3650/864
f 7663/3651/865 7665/3653/865 7664/3654/865 7662/3652/865
f 7665/3653/866 7667/3655/866 7666/3656/866 7664/3654/866
f 7667/3655/867 7669/3657/867 7668/3658/867 7666/3656/867
f 7669/3657/868 7671/3659/868 7670/3660/868 7668/3658/868
f 7671/3659/869 7673/3661/869 7672/3662/869 7670/3660/869
f 7673/3661/870 7675/3663/870 7674/3664/870 7672/3662/870
f 7675/3663/871 7677/3665/871 7676/3666/871 7674/3664/871
f 7677/3665/872 7679/3667/872 7678/3668/872 7676/3666/872
f 7679/3667/873 7681/3669/873 7680/3670/873 7678/3668/873
f 7681/3669/874 7683/3671/874 7682/3672/874 7680/3670/874
f 7683/3671/875 7685/3673/875 7684/3674/875 7682/3672/875
f 7685/3673/876 7687/3675/876 7686/3676/876 7684/3674/876
f 7687/3675/877 7689/3677/877 7688/3678/877 7686/3676/877
f 7689/3677/878 7691/3679/878 7690/3680/878 7688/3678/878
f 7691/3679/879 7693/3681/879 7692/3682/879 7690/3680/879
f 7693/3681/880 7695/3683/880 7694/3684/880 7692/3682/880
f 7695/3683/881 7697/3685/881 7696/3686/881 7694/3684/881
f 7697/3685/882 7699/3687/882 7698/3688/882 7696/3686/882
f 7699/3687/883 7701/3689/883 7700/3690/883 7698/3688/883
f 7701/3689/884 7557/3358/884 7556/2811/884 7700/3690/884
f 7703/3208/885 7705/3691/885 7704/3692/885 7702/2815/885
f 7705/3691/886 7707/3693/886 7706/3694/886 7704/3692/886
f 7707/3693/887 7709/3439/887 7708/3440/887 7706/3694/887
f 7709/3439/888 7711/3695/888 7710/3696/888 7708/3440/888
f 7711/3695/889 7713/3365/889 7712/3007/889 7710/3696/889
f 7713/3365/890 7715/3443/890 7714/2913/890 7712/3007/890
f 7715/3443/891 7717/3697/891 7716/3698/891 7714/2913/891
f 7717/3697/892 7719/3699/892 7718/3700/892 7716/3698/892
f 7719/3699/893 7721/3444/893 7720/3445/893 7718/3700/893
f 7721/3444/894 7723/3233/894 7722/3025/894 7720/3445/894
f 7723/3233/895 7725/3701/895 7724/3702/895 7722/3025/895
f 7725/3701/896 7727/3448/896 7726/2829/896 7724/3702/896
f 7727/3448/897 7729/3703/897 7728/3704/897 7726/2829/897
f 7729/3703/898 7731/3705/898 7730/3706/898 7728/3704/898
f 7731/3705/899 7733/3378/899 7732/2970/899 7730/3706/899
f 7733/3378/900 7735/3707/900 7734/3708/900 7732/2970/900
f 7735/3707/901 7737/3709/901 7736/3710/901 7734/3708/901
f 7737/3709/902 7739/3453/902 7738/2909/902 7736/3710/902
f 7739/3453/903 7741/3711/903 7740/3712/903 7738/2909/903
f 7741/3711/904 7743/3258/904 7742/2860/904 7740/3712/904
f 7743/3258/905 7745/3456/905 7744/3457/905 7742/2860/905
f 7745/3456/906 7747/3713/906 7746/3714/906 7744/3457/906
f 7747/3713/907 7749/3715/907 7748/3716/907 7746/3714/907
f 7749/3715/908 7751/3458/908 7750/2768/908 7748/3716/908
f 7751/3458/909 7753/3391/909 7752/2934/909 7750/2768/909
f 7753/3391/910 7755/3717/910 7754/3718/910 7752/2934/910
f 7755/3717/911 7757/3461/911 7756/3462/911 7754/3718/911
f 7757/3461/912 7759/3719/912 7758/3720/912 7756/3462/912
f 7759/3719/913 7761/3721/913 7760/3722/913 7758/3720/913
f 7761/3721/914 7763/3283/914 7762/2910/914 7760/3722/914
f 7763/3283/915 7765/3723/915 7764/3724/915 7762/2910/915
f 7765/3723/916 7767/3725/916 7766/3726/916 7764/3724/916
f 7767/3725/917 7769/3467/917 7768/3468/917 7766/3726/917
f 7769/3467/918 7771/3727/918 7770/3728/918 7768/3468/918
f 7771/3727/919 7773/3404/919 7772/2995/919 7770/3728/919
f 7773/3404/920 7775/3471/920 7774/2841/920 7772/2995/920
f 7775/3471/921 7777/3729/921 7776/3730/921 7774/2841/921
f 7777/3729/922 7779/3731/922 7778/3732/922 7776/3730/922
f 7779/3731/923 7781/3472/923 7780/3473/923 7778/3732/923
f 7781/3472/924 7783/3308/924 7782/2859/924 7780/3473/924
f 7783/3308/925 7785/3733/925 7784/3734/925 7782/2859/925
f 7785/3733/926 7787/3476/926 7786/2911/926 7784/3734/926
f 7787/3476/927 7789/3735/927 7788/3736/927 7786/2911/927
f 7789/3735/606 7791/3737/606 7790/3738/606 7788/3736/606
f 7791/3737/928 7793/3417/928 7792/2953/928 7790/3738/928
f 7793/3417/929 7795/3739/929 7794/3740/929 7792/2953/929
f 7795/3739/930 7797/3741/930 7796/3742/930 7794/3740/930
f 7797/3741/931 7799/3481/931 7798/2796/931 7796/3742/931
f 7799/3481/932 7801/3743/932 7800/3744/932 7798/2796/932
f 7801/3743/933 7803/3333/933 7802/2932/933 7800/3744/933
f 7803/3333/934 7805/3484/934 7804/3485/934 7802/2932/934
f 7805/3484/935 7807/3745/935 7806/3746/935 7804/3485/935
f 7807/3745/936 7809/3747/936 7808/3748/936 7806/3746/936
f 7809/3747/937 7811/3486/937 7810/2912/937 7808/3748/937
f 7811/3486/938 7813/3430/938 7812/2962/938 7810/2912/938
f 7813/3430/939 7815/3749/939 7814/3750/939 7812/2962/939
f 7815/3749/940 7817/3489/940 7816/3490/940 7814/3750/940
f 7817/3489/941 7819/3751/941 7818/3752/941 7816/3490/941
f 7819/3751/942 7821/3753/942 7820/3754/942 7818/3752/942
f 7821/3753/943 7703/3358/943 7702/2811/943 7820/3754/943
f 7823/3208/634 7825/3378/634 7824/2970/634 7822/2815/634
f 7825/3378/636 7827/3283/636 7826/2910/636 7824/2970/636
f 7827/3283/585 7829/3417/585 7828/2953/585 7826/2910/585
f 7829/3417/635 7823/3358/635 7822/2811/635 7828/2953/635
f 7831/3208/945 7833/3755/945 7832/3008/945 7830/2815/945
f 7833/3755/585 7835/3756/585 7834/3020/585 7832/3008/585
f 7835/3756/635 7837/3757/635 7836/2952/635 7834/3020/635
f 7837/3757/634 7839/3758/634 7838/2915/634 7836/2952/634
f 7839/3758/636 7841/3759/636 7840/2976/636 7838/2915/636
f 7841/3759/585 7843/3760/585 7842/3038/585 7840/2976/585
f 7843/3760/946 7845/3761/946 7844/2982/946 7842/3038/946
f 7845/3761/636 7847/3762/636 7846/2961/636 7844/2982/636
f 7847/3762/947 7849/3763/947 7848/2930/947 7846/2961/947
f 7849/3763/948 7851/3764/948 7850/2960/948 7848/2930/948
f 7851/3764/635 7831/3358/635 7830/2811/635 7850/2960/635
f 7853/3208/634 7855/3378/634 7854/2970/634 7852/2815/634
f 7855/3378/636 7857/3283/636 7856/2910/636 7854/2970/636
f 7857/3283/585 7859/3417/585 7858/2953/585 7856/2910/585
f 7859/3417/635 7853/3358/635 7852/2811/635 7858/2953/635
f 7861/3208/949 7863/3359/949 7862/3360/949 7860/2815/949
f 7863/3359/950 7865/3361/950 7864/3362/950 7862/3360/950
f 7865/3361/951 7867/3363/951 7866/3364/951 7864/3362/951
f 7867/3363/952 7869/3365/952 7868/3007/952 7866/3364/952
f 7869/3365/953 7871/3366/953 7870/3367/953 7868/3007/953
f 7871/3366/954 7873/3368/954 7872/3369/954 7870/3367/954
f 7873/3368/955 7875/3370/955 7874/3371/955 7872/3369/955
f 7875/3370/956 7877/3233/956 7876/3025/956 7874/3371/956
f 7877/3233/957 7879/3372/957 7878/3373/957 7876/3025/957
f 7879/3372/958 7881/3374/958 7880/3375/958 7878/3373/958
f 7881/3374/959 7883/3376/959 7882/3377/959 7880/3375/959
f 7883/3376/960 7885/3378/960 7884/2970/960 7882/3377/960
f 7885/3378/961 7887/3379/961 7886/3380/961 7884/2970/961
f 7887/3379/962 7889/3381/962 7888/3382/962 7886/3380/962
f 7889/3381/963 7891/3383/963 7890/3384/963 7888/3382/963
f 7891/3383/964 7893/3258/964 7892/2860/964 7890/3384/964
f 7893/3258/965 7895/3385/965 7894/3386/965 7892/2860/965
f 7895/3385/966 7897/3387/966 7896/3388/966 7894/3386/966
f 7897/3387/967 7899/3389/967 7898/3390/967 7896/3388/967
f 7899/3389/968 7901/3391/968 7900/2934/968 7898/3390/968
f 7901/3391/969 7903/3392/969 7902/3393/969 7900/2934/969
f 7903/3392/970 7905/3394/970 7904/3395/970 7902/3393/970
f 7905/3394/971 7907/3396/971 7906/3397/971 7904/3395/971
f 7907/3396/972 7909/3283/972 7908/2910/972 7906/3397/972
f 7909/3283/973 7911/3398/973 7910/3399/973 7908/2910/973
f 7911/3398/974 7913/3400/974 7912/3401/974 7910/3399/974
f 7913/3400/975 7915/3402/975 7914/3403/975 7912/3401/975
f 7915/3402/976 7917/3404/976 7916/2995/976 7914/3403/976
f 7917/3404/977 7919/3405/977 7918/3406/977 7916/2995/977
f 7919/3405/978 7921/3407/978 7920/3408/978 7918/3406/978
f 7921/3407/979 7923/3409/979 7922/3410/979 7920/3408/979
f 7923/3409/980 7925/3308/980 7924/2859/980 7922/3410/980
f 7925/3308/981 7927/3411/981 7926/3412/981 7924/2859/981
f 7927/3411/982 7929/3413/982 7928/3414/982 7926/3412/982
f 7929/3413/983 7931/3415/983 7930/3416/983 7928/3414/983
f 7931/3415/984 7933/3417/984 7932/2953/984 7930/3416/984
f 7933/3417/985 7935/3418/985 7934/3419/985 7932/2953/985
f 7935/3418/986 7937/3420/986 7936/3421/986 7934/3419/986
f 7937/3420/987 7939/3422/987 7938/3423/987 7936/3421/987
f 7939/3422/988 7941/3333/988 7940/2932/988 7938/3423/988
f 7941/3333/989 7943/3424/989 7942/3425/989 7940/2932/989
f 7943/3424/990 7945/3426/990 7944/3427/990 7942/3425/990
f 7945/3426/991 7947/3428/991 7946/3429/991 7944/3427/991
f 7947/3428/992 7949/3430/992 7948/2962/992 7946/3429/992
f 7949/3430/993 7951/3431/993 7950/3432/993 7948/2962/993
f 7951/3431/994 7953/3433/994 7952/3434/994 7950/3432/994
f 7953/3433/995 7955/3435/995 7954/3436/995 7952/3434/995
f 7955/3435/996 7861/3358/996 7860/2811/996 7954/3436/996
f 7957/3208/634 7959/3378/634 7958/2970/634 7956/2815/634
f 7959/3378/636 7961/3283/636 7960/2910/636 7958/2970/636
f 7961/3283/585 7963/3417/585 7962/2953/585 7960/2910/585
f 7963/3417/635 7957/3358/635 7956/2811/635 7962/2953/635
f 7965/3208/638 7967/3359/638 7966/3360/638 7964/2815/638
f 7967/3359/639 7969/3361/639 7968/3362/639 7966/3360/639
f 7969/3361/640 7971/3363/640 7970/3364/640 7968/3362/640
f 7971/3363/641 7973/3365/641 7972/3007/641 7970/3364/641
f 7973/3365/642 7975/3366/642 7974/3367/642 7972/3007/642
f 7975/3366/643 7977/3368/643 7976/3369/643 7974/3367/643
f 7977/3368/644 7979/3370/644 7978/3371/644 7976/3369/644
f 7979/3370/645 7981/3233/645 7980/3025/645 7978/3371/645
f 7981/3233/646 7983/3372/646 7982/3373/646 7980/3025/646
f 7983/3372/647 7985/3374/647 7984/3375/647 7982/3373/647
f 7985/3374/648 7987/3376/648 7986/3377/648 7984/3375/648
f 7987/3376/649 7989/3378/649 7988/2970/649 7986/3377/649
f 7989/3378/650 7991/3379/650 7990/3380/650 7988/2970/650
f 7991/3379/651 7993/3381/651 7992/3382/651 7990/3380/651
f 7993/3381/652 7995/3383/652 7994/3384/652 7992/3382/652
f 7995/3383/653 7997/3258/653 7996/2860/653 7994/3384/653
f 7997/3258/654 7999/3385/654 7998/3386/654 7996/2860/654
f 7999/3385/655 8001/3387/655 8000/3388/655 7998/3386/655
f 8001/3387/656 8003/3389/656 8002/3390/656 8000/3388/656
f 8003/3389/657 8005/3391/657 8004/2934/657 8002/3390/657
f 8005/3391/658 8007/3392/658 8006/3393/658 8004/2934/658
f 8007/3392/659 8009/3394/659 8008/3395/659 8006/3393/659
f 8009/3394/660 8011/3396/660 8010/3397/660 8008/3395/660
f 8011/3396/661 8013/3283/661 8012/2910/661 8010/3397/661
f 8013/3283/662 8015/3398/662 8014/3399/662 8012/2910/662
f 8015/3398/663 8017/3400/663 8016/3401/663 8014/3399/663
f 8017/3400/664 8019/3402/664 8018/3403/664 8016/3401/664
f 8019/3402/665 8021/3404/665 8020/2995/665 8018/3403/665
f 8021/3404/666 8023/3405/666 8022/3406/666 8020/2995/666
f 8023/3405/667 8025/3407/667 8024/3408/667 8022/3406/667
f 8025/3407/668 8027/3409/668 8026/3410/668 8024/3408/668
f 8027/3409/669 8029/3308/669 8028/2859/669 8026/3410/669
f 8029/3308/670 8031/3411/670 8030/3412/670 8028/2859/670
f 8031/3411/671 8033/3413/671 8032/3414/671 8030/3412/671
f 8033/3413/672 8035/3415/672 8034/3416/672 8032/3414/672
f 8035/3415/997 8037/3417/997 8036/2953/997 8034/3416/997
f 8037/3417/674 8039/3418/674 8038/3419/674 8036/2953/674
f 8039/3418/675 8041/3420/675 8040/3421/675 8038/3419/675
f 8041/3420/676 8043/3422/676 8042/3423/676 8040/3421/676
f 8043/3422/677 8045/3333/677 8044/2932/677 8042/3423/677
f 8045/3333/678 8047/3424/678 8046/3425/678 8044/2932/678
f 8047/3424/679 8049/3426/679 8048/3427/679 8046/3425/679
f 8049/3426/680 8051/3428/680 8050/3429/680 8048/3427/680
f 8051/3428/681 8053/3430/681 8052/2962/681 8050/3429/681
f 8053/3430/682 8055/3431/682 8054/3432/682 8052/2962/682
f 8055/3431/683 8057/3433/683 8056/3434/683 8054/3432/683
f 8057/3433/684 8059/3435/684 8058/3436/684 8056/3434/684
f 8059/3435/685 7965/3358/685 7964/2811/685 8058/3436/685
f 8061/3208/686 8063/3359/686 8062/3360/686 8060/2815/686
f 8063/3359/687 8065/3361/687 8064/3362/687 8062/3360/687
f 8065/3361/688 8067/3363/688 8066/3364/688 8064/3362/688
f 8067/3363/689 8069/3365/689 8068/3007/689 8066/3364/689
f 8069/3365/690 8071/3366/690 8070/3367/690 8068/3007/690
f 8071/3366/691 8073/3368/691 8072/3369/691 8070/3367/691
f 8073/3368/692 8075/3370/692 8074/3371/692 8072/3369/692
f 8075/3370/693 8077/3233/693 8076/3025/693 8074/3371/693
f 8077/3233/694 8079/3372/694 8078/3373/694 8076/3025/694
f 8079/3372/695 8081/3374/695 8080/3375/695 8078/3373/695
f 8081/3374/696 8083/3376/696 8082/3377/696 8080/3375/696
f 8083/3376/697 8085/3378/697 8084/2970/697 8082/3377/697
f 8085/3378/698 8087/3379/698 8086/3380/698 8084/2970/698
f 8087/3379/699 8089/3381/699 8088/3382/699 8086/3380/699
f 8089/3381/700 8091/3383/700 8090/3384/700 8088/3382/700
f 8091/3383/701 8093/3258/701 8092/2860/701 8090/3384/701
f 8093/3258/702 8095/3385/702 8094/3386/702 8092/2860/702
f 8095/3385/703 8097/3387/703 8096/3388/703 8094/3386/703
f 8097/3387/998 8099/3389/998 8098/3390/998 8096/3388/998
f 8099/3389/705 8101/3391/705 8100/2934/705 8098/3390/705
f 8101/3391/706 8103/3392/706 8102/3393/706 8100/2934/706
f 8103/3392/707 8105/3394/707 8104/3395/707 8102/3393/707
f 8105/3394/708 8107/3396/708 8106/3397/708 8104/3395/708
f 8107/3396/709 8109/3283/709 8108/2910/709 8106/3397/709
f 8109/3283/710 8111/3398/710 8110/3399/710 8108/2910/710
f 8111/3398/711 8113/3400/711 8112/3401/711 8110/3399/711
f 8113/3400/712 8115/3402/712 8114/3403/712 8112/3401/712
f 8115/3402/713 8117/3404/713 8116/2995/713 8114/3403/713
f 8117/3404/714 8119/3405/714 8118/3406/714 8116/2995/714
f 8119/3405/715 8121/3407/715 8120/3408/715 8118/3406/715
f 8121/3407/716 8123/3409/716 8122/3410/716 8120/3408/716
f 8123/3409/717 8125/3308/717 8124/2859/717 8122/3410/717
f 8125/3308/718 8127/3411/718 8126/3412/718 8124/2859/718
f 8127/3411/719 8129/3413/719 8128/3414/719 8126/3412/719
f 8129/3413/720 8131/3415/720 8130/3416/720 8128/3414/720
f 8131/3415/721 8133/3417/721 8132/2953/721 8130/3416/721
f 8133/3417/722 8135/3418/722 8134/3419/722 8132/2953/722
f 8135/3418/723 8137/3420/723 8136/3421/723 8134/3419/723
f 8137/3420/724 8139/3422/724 8138/3423/724 8136/3421/724
f 8139/3422/725 8141/3333/725 8140/2932/725 8138/3423/725
f 8141/3333/726 8143/3424/726 8142/3425/726 8140/2932/726
f 8143/3424/727 8145/3426/727 8144/3427/727 8142/3425/727
f 8145/3426/728 8147/3428/728 8146/3429/728 8144/3427/728
f 8147/3428/729 8149/3430/729 8148/2962/729 8146/3429/729
f 8149/3430/730 8151/3431/730 8150/3432/730 8148/2962/730
f 8151/3431/731 8153/3433/731 8152/3434/731 8150/3432/731
f 8153/3433/732 8155/3435/732 8154/3436/732 8152/3434/732
f 8155/3435/733 8061/3358/733 8060/2811/733 8154/3436/733
