# Blender 5.0.1
# www.blender.org
mtllib mountain2.mtl
o Cube
v 1.000000 -1.282500 -1.000000
v 1.000000 -1.282500 1.000000
v -1.000000 -1.282500 -1.000000
v -1.000000 -1.282500 1.000000
v -11.668167 -1.282500 -1.000000
v -11.668167 -1.282500 1.000000
v -1.000000 -1.282500 -12.673191
v 1.000000 -1.282500 -12.673191
v -11.581071 2.874782 -14.431671
v -11.668406 -1.282500 -12.673219
v 1.718540 8.947285 17.390070
v 1.000000 -1.282500 12.692345
v -1.000000 -1.282500 12.692345
v -11.668294 -1.282500 12.692359
v 12.040795 6.596179 -1.912224
v 12.733703 5.746253 1.995944
v 8.974854 -1.282500 1.000000
v 8.974854 -1.282500 -1.000000
v 8.975036 -1.282500 -12.673318
v 9.964161 5.363729 -13.499036
v 8.975036 -1.282500 12.692469
v 9.987888 5.359995 13.554408
v 1.000000 -1.282500 6.846172
v -11.668167 -1.282500 6.846172
v -1.000000 -1.282500 6.846172
v 11.588286 5.613111 8.038389
v 8.974854 -1.282500 6.846172
v -1.000000 -1.282500 -6.836596
v 1.000000 -1.282500 -6.836596
v -11.668167 -1.282500 -6.836596
v 8.974854 -1.282500 -6.836596
v 10.901220 6.457079 -8.025318
v 2.201308 1.866309 -24.106344
v 1.000000 -1.260996 -23.881630
v -1.000000 -1.260996 -23.881630
v 15.085174 1.797292 -24.334867
v -11.668947 -1.261215 -23.881096
v -11.674110 1.250483 -23.904018
v 7.814461 2.130621 -24.406275
v 8.949167 3.726590 -22.944578
v 10.139268 2.137589 -24.402990
v 8.975447 -1.261123 -23.881321
v -22.050810 -1.260996 -1.000000
v -22.050810 -1.260996 1.000000
v -22.097317 1.235385 -12.695422
v -22.049606 -1.261490 -12.674152
v -22.050657 -1.261059 12.692780
v -21.705856 4.100013 12.746323
v -22.050810 -1.260996 6.846172
v -22.050810 -1.260996 -6.836596
v -22.153019 1.058757 -24.044306
v -22.150312 -1.061170 -24.043766
v 1.763869 3.522038 23.885647
v 2.026625 5.994022 22.705992
v 1.430312 3.477520 24.099169
v 1.232437 -0.884715 24.507742
v 0.806347 -0.886486 24.507795
v 1.000000 -1.260996 24.141830
v -1.804520 3.272789 23.994318
v -1.550098 3.368405 23.873165
v -1.963572 6.112979 23.039036
v -1.196266 -0.878971 24.510490
v -1.000000 -1.260996 24.141830
v -0.785653 -0.881005 24.510029
v 15.218365 0.747663 23.859781
v 16.825611 -0.766106 24.510534
v -11.854784 5.753904 22.441399
v -11.834943 3.202697 23.878500
v -11.416652 3.203688 23.878616
v -11.456085 -0.877556 24.511196
v -11.885191 -0.877839 24.510992
v -11.668648 -1.261131 24.141504
v 8.972734 3.899275 23.018404
v 7.663507 1.178501 24.444273
v 10.279135 2.110100 24.430965
v 8.762511 -0.891842 24.506203
v 8.975447 -1.261124 24.141521
v 9.182480 -0.895870 24.504667
v -20.956804 2.200498 23.496248
v -21.235390 3.616075 21.935989
v -21.838419 -0.840058 24.500221
v -22.209156 -1.081674 24.200287
v 17.148661 2.057234 -2.852488
v 16.419357 3.936247 -2.278672
v 17.148661 2.057234 -0.473502
v 17.212198 -0.878165 -1.226258
v 17.212198 -0.878165 -0.773742
v 16.831554 -1.260996 -1.000000
v 17.148661 2.057234 2.855798
v 17.148661 2.057234 0.473502
v 16.419363 3.936241 2.281852
v 17.212198 -0.878165 1.226258
v 16.831554 -1.260996 1.000000
v 17.212198 -0.878165 0.773742
v 17.211153 -0.880756 -12.899593
v 17.212198 -0.878165 -12.446933
v 16.830437 -1.261456 -12.673676
v 17.144161 2.076239 -10.826396
v 17.138439 2.094960 -14.508014
v 15.937167 3.902528 -12.852487
v 15.937193 3.902515 12.912576
v 17.138447 2.094937 14.568769
v 17.144190 2.076133 10.842228
v 17.211153 -0.880755 12.918744
v 16.830441 -1.261455 12.692820
v 17.212198 -0.878165 12.466086
v 17.212198 -0.878165 6.619914
v 17.212198 -0.878165 7.072431
v 16.831554 -1.260996 6.846172
v 17.146099 2.068669 8.707577
v 17.148661 2.057234 4.990375
v 16.410851 3.944837 6.853842
v 16.831554 -1.260996 -6.836596
v 17.212198 -0.878165 -7.062854
v 17.212198 -0.878165 -6.610337
v 16.410812 3.944871 -6.844316
v 17.148661 2.057234 -4.984108
v 17.146086 2.068719 -8.694722
v 17.110725 1.635284 -21.291977
v 15.781539 2.329167 -22.455517
v 17.216452 -0.810747 -23.632608
v 16.939075 -1.072138 -24.006351
v 16.767580 1.023550 21.611961
v 15.903658 1.923666 22.256296
v 17.224194 -0.799476 23.869120
v 16.908869 -1.061365 24.305117
v -8.597716 4.641572 -9.755963
v 2.329386 11.262683 9.746604
v 1.531471 11.724791 11.562857
v -7.053918 9.364552 9.522337
v 6.045329 10.018214 -3.030061
v 6.092943 10.012345 -0.998722
v 6.434266 9.418394 1.184938
v 6.458854 9.402569 3.016768
v 7.686397 8.930742 2.365423
v 5.271312 8.522537 -9.401936
v 6.418363 8.479591 -10.391735
v 5.363647 8.496387 9.301789
v 6.750473 8.002263 10.133149
v 6.477159 9.382859 5.865734
v 6.204202 9.135234 7.455466
v 6.891669 8.340552 6.494601
v 5.818319 9.761288 -7.650732
v 6.031905 10.020997 -5.625413
v 1.726399 11.711253 -0.391845
v 2.747447 12.149326 -0.801165
v 1.726470 11.711308 -1.281598
v 2.757827 12.145205 -2.745623
v 1.740708 11.750929 -3.314380
v 1.731750 11.715112 -2.023739
v 0.611113 10.656544 -2.999800
v 0.147411 10.690418 -3.454002
v 0.270867 10.683184 -2.085805
v 0.770178 10.514729 -1.784351
v 0.774962 10.516506 -0.234620
v 0.774962 10.516506 -1.037641
v 0.282487 10.681960 -0.698273
v 0.282488 10.681960 -0.303300
v 0.255370 10.683880 2.079963
v 0.110006 10.688946 3.449914
v 0.746994 10.879010 3.295226
v 0.764033 10.515046 1.936803
v 1.652302 11.604322 3.302121
v 2.728072 11.734529 2.942515
v 1.613881 11.865312 2.270427
v 2.755754 12.148159 0.813109
v 1.726399 11.711253 0.391872
v 1.747041 11.725677 1.282376
v 0.282214 10.681995 0.698105
v 0.772499 10.515568 1.030029
v 0.774962 10.516506 0.234625
v 0.282488 10.681960 0.303300
v -1.862370 10.527320 -0.416312
v -1.878002 10.523345 -0.896573
v -0.729708 10.674271 -0.286419
v -0.257067 10.690544 -0.254047
v -0.257067 10.690544 -0.711241
v -0.735400 10.673677 -0.693552
v -0.256062 10.690553 -1.878785
v -0.138963 10.690559 -3.455052
v -0.753088 10.689330 -3.449341
v -0.744596 10.672637 -1.912807
v -2.037467 10.213096 -2.380716
v -1.345665 10.635624 -3.373934
v -3.216487 9.009824 -3.172691
v -0.753091 10.689330 3.453329
v -0.138963 10.690559 3.459032
v -0.256061 10.690553 1.880260
v -0.744594 10.672637 1.914301
v -0.257066 10.690544 0.711242
v -0.257066 10.690544 0.254047
v -0.729708 10.674271 0.286419
v -0.735398 10.673678 0.693541
v -1.862163 10.527350 0.415824
v -1.875372 10.523845 0.896845
v -1.345169 10.635783 3.378006
v -2.033761 10.214313 2.383983
v -3.568266 8.895790 3.008166
v -1.345655 10.635442 4.471859
v -3.710712 8.778285 5.265608
v -1.972406 10.202994 5.501617
v -3.998589 8.240445 8.079502
v -2.423632 9.491156 7.448712
v -1.087047 9.938266 8.201932
v -0.483264 10.238855 7.461172
v -0.866283 10.219171 7.436066
v -0.753535 10.689235 4.394958
v -0.742043 10.645186 6.001546
v -0.286190 10.665823 6.027236
v -0.139614 10.690550 4.388854
v 0.354802 10.226134 7.426346
v 0.548581 10.584006 8.045012
v 0.780148 10.549278 7.170719
v 2.390054 10.947226 7.635613
v 1.608206 10.947920 6.931048
v 2.659810 11.425587 5.310239
v 1.662397 11.482253 4.707860
v 1.652724 11.310819 5.750680
v 0.235866 10.661708 6.030063
v 0.770666 10.799129 5.923635
v 0.736860 10.907521 4.568664
v 0.096969 10.687455 4.390052
v -1.199798 10.580547 -7.009931
v -2.976506 8.946016 -5.315698
v -1.335904 10.638789 -4.450950
v -1.354279 10.630786 -6.516122
v -0.738451 10.690348 -4.381083
v -0.138601 10.690560 -4.381084
v -0.138601 10.690075 -6.580641
v -0.739777 10.689744 -6.581669
v -0.704479 10.604230 -7.190815
v -0.256856 10.613261 -7.170918
v -1.087035 9.421431 -8.647525
v 0.726632 10.368485 -8.280048
v 0.171324 10.616427 -7.140817
v 0.811028 10.836057 -7.311964
v 0.123744 10.690139 -6.568244
v 0.144476 10.690498 -4.381436
v 0.594824 10.645675 -4.682604
v 0.596703 10.644739 -6.136866
v 1.630107 11.852596 -4.578978
v 2.778424 11.678312 -5.391362
v 1.753466 11.602386 -5.814130
v 1.768655 11.772273 -7.022588
v 2.621375 11.157564 -7.857782
v 9.443754 8.247729 -3.610104
v 7.639306 9.363830 -3.517528
v 7.264563 9.443460 -1.460113
v 8.433061 8.643943 -0.355546
v 7.666817 9.356182 -5.241717
v 9.218509 8.197477 -5.336528
v 7.286662 8.392205 -8.357597
v 6.942666 9.371502 -7.396498
v -4.567485 8.218916 -0.516776
v -3.156928 9.170685 -0.357428
v -2.988641 9.318942 -1.017679
v -3.712486 8.426027 -1.590303
v -3.168501 9.203843 0.357019
v -4.541263 8.216743 0.548585
v -3.727014 8.474826 1.597369
v -2.995138 9.356832 1.021914
v 0.194953 11.333700 9.701610
v 0.458269 11.873263 10.712890
v 1.084258 11.650961 10.128749
v -3.014185 11.863090 11.115373
v -3.299918 10.712862 9.698466
v -4.000046 11.557866 10.386030
v -0.977207 11.829151 10.959550
v -1.489774 10.857999 9.786460
v -4.280902 8.794825 16.001211
v -1.860621 8.653014 17.702923
v -11.699694 8.318579 13.633774
v -13.389702 6.825276 13.598662
v -3.993265 10.457783 13.348210
v -1.157757 11.448361 12.233151
v -9.482917 9.874153 11.615081
v -9.526415 9.177678 10.054511
v -4.855434 5.934325 -9.817389
v -6.677657 4.625635 -9.239326
v -6.962200 4.541454 -9.517711
v -6.912188 4.933215 -8.788380
v -4.601030 6.363812 -8.704122
v -3.482721 7.928858 -8.077789
v -9.300474 3.760820 -12.234638
v 5.723305 6.808845 -12.085307
v 2.248613 11.165682 12.834832
v 7.244118 6.877753 10.246951
v 9.750414 7.269667 4.445802
v 8.830147 6.997657 7.229056
v -3.228843 10.008151 13.902649
v -1.582997 10.512125 14.184884
v -11.342700 7.900574 10.264715
v -10.078570 9.580562 11.814272
v 9.155854 4.582270 -19.232861
v 1.000000 -1.282500 -18.223356
v -1.000000 -1.282500 -18.223356
v 8.975578 -1.282499 -18.223610
v -11.635665 2.124491 -19.126076
v -11.669118 -1.282498 -18.223412
v -22.072153 -1.194376 -18.295038
v -22.083347 1.189795 -18.297800
v 15.605649 3.866443 -18.426905
v 17.137716 2.096692 -18.254295
v 16.840382 -1.224071 -18.264427
v 17.209200 -0.885406 -18.223883
v -16.805435 -1.282500 -1.000000
v -16.805435 -1.282500 1.000000
v -16.805435 -1.282500 -6.836596
v -16.805435 -1.282500 6.846172
v -16.805687 -1.282500 12.692830
v -18.986910 2.569549 -12.934122
v -16.832752 1.188170 -23.958719
v -16.805910 -1.282498 -12.674124
v -16.835791 -1.191048 -23.952076
v -16.843340 -1.227331 24.149082
v -16.807524 -0.879481 24.510590
v -17.789263 5.972754 21.707518
v -17.428869 3.203551 23.662579
v -18.594042 5.381088 12.993992
v -16.821739 -1.247695 -18.260012
v -16.790236 1.583363 -18.702370
v 1.730363 8.374006 20.294865
v 9.213656 4.568651 19.408932
v 1.000000 -1.282500 18.363033
v 8.975578 -1.282499 18.363281
v -1.000000 -1.282500 18.363033
v -11.668671 -1.282500 18.363062
v -21.377417 5.220812 17.801025
v -22.088112 -1.223963 18.379156
v 16.840380 -1.224072 18.404081
v 17.212036 -0.878462 18.367916
v 15.615827 3.858948 18.580423
v 17.137035 2.096119 18.404602
v -2.031716 7.653894 20.126705
v -12.359532 7.228333 18.376816
v -18.221376 6.656946 17.827188
v -16.824860 -1.264077 18.371634
v 4.987427 -1.282500 -1.000000
v 4.987427 -1.282500 1.000000
v 4.987427 -1.282500 -12.673191
v 5.781055 5.549820 -16.879332
v 4.987427 -1.282500 12.692345
v 5.891901 7.685720 16.501722
v 4.987427 -1.282500 6.846172
v 4.987427 -1.282500 -6.836596
v 4.981074 2.128385 -24.407188
v 5.386031 3.932412 -22.629356
v 4.987427 -1.260996 -23.881630
v 4.985034 -0.880971 24.510096
v 4.987427 -1.260996 24.141832
v 5.508196 2.021811 23.990541
v 5.130527 5.547215 22.447443
v 4.518565 9.076042 -9.838201
v 4.744456 7.886567 -11.641242
v 4.528550 10.310233 10.921507
v 4.258322 10.018515 9.452431
v 4.679564 10.776834 -0.867177
v 4.682839 10.774338 0.886440
v 4.666835 10.782719 -2.985376
v 4.634211 10.581793 -5.396792
v 4.671829 10.779397 2.992957
v 4.639607 10.578856 5.405212
v 4.568534 10.143228 7.964715
v 4.544336 10.143326 -7.995639
v 4.759367 9.686253 12.006493
v 5.113373 6.884980 -12.818627
v 4.987427 -1.282500 -18.223356
v 5.875183 4.775181 -19.831230
v 4.987427 -1.282500 18.363033
v 5.794787 6.677697 19.630384
v 12.958591 2.143008 -24.404896
v 12.975513 1.202156 24.442293
v 12.971178 -0.881544 24.509766
v 14.555428 4.885375 -2.302704
v 14.544581 4.890618 2.311602
v 13.979053 4.820336 -7.424975
v 12.849151 -1.282500 -1.000000
v 12.849151 -1.282500 -6.836596
v 12.849151 -1.282500 1.000000
v 13.961523 4.827666 7.442458
v 12.849151 -1.282500 6.846172
v 12.849513 -1.282499 -12.673697
v 12.866894 -1.220802 -23.922096
v 13.453167 4.614273 -13.020193
v 12.940847 3.760617 -22.328960
v 13.445691 4.616692 13.090399
v 12.960700 3.869694 22.452635
v 12.866894 -1.220806 24.182289
v 12.849514 -1.282499 12.692840
v 12.892047 4.253674 -18.713488
v 12.858884 -1.262496 -18.244366
v 12.858885 -1.262496 18.384022
v 12.898704 4.252388 18.871433
v -6.334084 -1.282500 -1.000000
v -6.334084 -1.282500 1.000000
v -6.334084 -1.282500 -12.673191
v -8.070786 3.051822 -15.814534
v -6.334084 -1.282500 12.692345
v -6.334084 -1.282500 6.846172
v -6.334084 -1.282500 -6.836596
v -6.334084 -1.260996 -23.881630
v -6.361735 1.227806 -23.938282
v -6.334084 -1.260996 24.141832
v -6.336411 -0.878181 24.511011
v -5.433762 6.209388 22.500116
v -6.073535 3.243090 23.846306
v -5.502624 4.984194 -11.116620
v -6.395303 8.427613 15.821128
v -6.083754 8.164664 17.282814
v -5.335799 10.072323 13.212171
v -5.167980 10.753501 12.636096
v -5.369916 4.967336 -9.623179
v -5.280978 5.041721 -10.517731
v -5.520610 5.752966 -8.804683
v -5.652204 9.640790 13.747163
v -6.817637 4.087220 -13.439100
v -6.334084 -1.282500 -18.223356
v -5.960805 3.144158 -19.983891
v -5.716017 7.544984 19.967224
v -6.334084 -1.282500 18.363033
v -14.236801 -1.282500 -1.000000
v -14.236801 -1.282500 -6.836596
v -14.237054 -1.282500 12.692559
v -14.237277 -1.282499 -12.673604
v -14.252753 -1.226040 -23.916803
v -14.256276 -1.243844 24.146345
v -14.328377 3.228266 23.686846
v -16.092627 5.797657 13.168864
v -14.236801 -1.282500 1.000000
v -14.236801 -1.282500 6.846172
v -15.391605 3.204935 -13.242435
v -14.271235 1.218264 -23.932281
v -14.342182 -0.876125 24.511671
v -14.550052 6.084939 21.833944
v -14.245907 -1.265096 -18.241579
v -14.241795 1.885178 -18.917927
v -14.247018 -1.273288 18.367277
v -15.162364 6.922485 18.026590
v -9.001125 -1.282500 -1.000000
v -9.001125 -1.282500 1.000000
v -9.001125 -1.282500 -12.673191
v -9.782496 2.902794 -15.104385
v -9.001125 -1.282500 12.692345
v -9.001125 -1.282500 6.846172
v -9.001125 -1.282500 -6.836596
v -9.001125 -1.260996 -23.881630
v -8.898802 -0.875470 24.511871
v -8.399897 6.162024 22.199907
v -6.545178 4.406585 -11.170142
v -8.509724 8.387199 15.293903
v -6.757559 10.352081 12.440105
v -5.917712 4.651190 -10.228949
v -6.134084 5.125422 -8.824701
v -7.470428 9.602625 13.357862
v -9.001125 -1.282500 -18.223356
v -9.406053 2.177293 -19.485392
v -8.597388 7.252613 19.667482
v -9.001125 -1.282500 18.363033
v -9.004909 1.248091 -23.908587
v -9.001125 -1.260996 24.141832
v -8.270802 3.246018 23.779577
v -8.830414 7.835558 17.087696
v -7.017807 10.075689 12.820108
v -5.848841 4.674089 -9.560841
v -8.052763 3.962657 -12.840147
v -19.374069 -1.282500 1.000000
v -19.374069 -1.282500 6.846172
v -20.068565 2.441399 -12.988350
v -19.423967 1.154039 -23.991840
v -19.278231 -0.877769 24.511023
v -19.549755 5.406384 21.787836
v -19.397572 -1.230293 -18.278168
v -19.403210 1.440905 -18.503349
v -19.374069 -1.282500 -1.000000
v -19.374069 -1.282500 -6.836596
v -19.374321 -1.282499 12.693029
v -19.374542 -1.282497 -12.674504
v -19.418831 -1.156109 -23.987219
v -19.430405 -1.210667 24.151949
v -19.126619 3.017838 23.622150
v -20.170135 5.007310 12.860559
v -19.739641 6.458488 17.773922
v -19.402702 -1.254866 18.375847
v -15.521118 -1.282500 1.000000
v -15.521118 -1.282500 6.846172
v -17.435059 2.647043 -13.029448
v -15.551749 1.205419 -23.941311
v -15.574249 -0.878026 24.511068
v -16.392073 6.022902 21.765522
v -15.533822 -1.256396 -18.250824
v -15.483188 1.410932 -18.773890
v -15.535938 -1.268683 18.369469
v -16.906521 6.772431 17.907459
v -15.521118 -1.282500 -1.000000
v -15.521118 -1.282500 -6.836596
v -15.521371 -1.282500 12.692702
v -15.521593 -1.282499 -12.673879
v -15.544271 -1.208539 -23.934454
v -15.549809 -1.235583 24.147758
v -16.070084 3.214796 23.675331
v -17.513662 5.561365 13.064100
v -14.878960 -1.282500 -1.000000
v -14.878960 -1.282500 -6.836596
v -14.879212 -1.282500 12.692631
v -14.879436 -1.282499 -12.673741
v -14.898512 -1.217290 -23.925631
v -14.903043 -1.239715 24.147055
v -15.065241 3.221247 23.681204
v -16.677692 5.703428 13.135347
v -14.878960 -1.282500 1.000000
v -14.878960 -1.282500 6.846172
v -16.403065 2.949101 -13.140907
v -14.926186 1.211314 -23.935452
v -14.958110 -0.876993 24.511398
v -15.331000 6.054815 21.799438
v -14.889865 -1.260746 -18.246201
v -14.880231 1.629002 -18.842258
v -14.891478 -1.270986 18.368372
v -15.910467 6.856704 17.976315
v -12.952484 -1.282500 -1.000000
v -12.952484 -1.282500 -6.836596
v -12.952737 -1.282500 12.692473
v -12.952961 -1.282500 -12.673439
v -12.961233 -1.243500 -23.899256
v -12.962746 -1.252505 24.143888
v -13.349488 3.236333 23.700348
v -15.337989 5.940514 13.257717
v -12.952484 -1.282500 1.000000
v -12.952484 -1.282500 6.846172
v -15.451468 3.236310 -13.160852
v -12.968157 1.234580 -23.918362
v -13.109984 -0.875166 24.511971
v -13.718659 6.105891 21.844917
v -12.957991 -1.273795 -18.232552
v -12.918204 2.012125 -19.020702
v -12.958097 -1.277893 18.365198
v -14.463387 6.981514 18.069786
v -10.334646 -1.282500 -1.000000
v -10.334646 -1.282500 1.000000
v -10.334646 -1.282500 -12.673191
v -10.682551 3.005788 -14.791219
v -10.334646 -1.282500 12.692345
v -10.334646 -1.282500 6.846172
v -10.334646 -1.282500 -6.836596
v -10.334646 -1.260996 -23.881630
v -10.175394 -0.875703 24.511789
v -10.543016 6.117039 22.184000
v -7.109242 4.318185 -10.878539
v -10.447843 8.321590 14.860669
v -8.349667 10.158867 11.439562
v -6.407317 4.448210 -9.883403
v -6.464375 5.052900 -8.868077
v -9.083077 9.600290 12.971072
v -10.334646 -1.282500 -18.223356
v -10.510353 2.151680 -19.305988
v -10.772081 7.215882 19.352285
v -10.334646 -1.282500 18.363033
v -10.338246 1.249389 -23.906181
v -10.334646 -1.260996 24.141832
v -10.072978 3.246537 23.746387
v -11.123668 7.850702 15.763850
v -8.504290 10.073738 12.452935
v -6.221958 4.523425 -9.558716
v -8.680645 3.846549 -12.513823
v -12.310326 -1.282500 -1.000000
v -12.310326 -1.282500 -6.836596
v -12.310578 -1.282500 12.692402
v -12.310802 -1.282500 -12.673302
v -12.315474 -1.252250 -23.890430
v -12.315981 -1.256711 24.142960
v -12.747298 3.240433 23.705898
v -14.343719 6.194436 13.284213
v -12.310326 -1.282500 1.000000
v -12.310326 -1.282500 6.846172
v -14.430996 3.689229 -13.311508
v -12.322149 1.242311 -23.911575
v -12.502093 -0.875918 24.511574
v -12.892223 6.095393 22.046066
v -12.314033 -1.278144 -18.227928
v -12.279843 2.068348 -19.072012
v -12.313636 -1.280196 18.364101
v -13.681808 7.035744 18.150141
v 7.221247 5.976551 -14.219883
v 2.569777 9.841722 15.712525
v 11.551162 6.315320 4.553770
v 10.375918 6.189986 7.635510
v -3.544255 9.085983 15.390151
v -12.748056 7.068932 11.360756
v -10.424571 3.383179 -13.340738
v 8.590590 6.128434 11.786291
v -1.562976 9.363741 15.990842
v -11.564632 8.591070 12.729726
v 5.935788 6.115196 -14.825701
v 5.559006 8.393923 14.242467
v -7.437573 3.503237 -14.633902
v -6.168535 8.812813 14.892721
v -8.293790 8.792729 14.278168
v -8.884637 3.223064 -13.932236
v -10.210067 8.715411 13.856540
v -9.648307 3.330714 -13.634615
v -9.823157 3.397686 -12.725247
v 8.066534 6.431299 11.204515
v -0.698502 10.010643 14.768870
v -10.884878 9.033716 12.362752
v 5.607997 6.427279 -14.010397
v 5.194592 8.953139 13.176847
v -7.134644 3.793281 -14.050945
v -5.892803 9.205994 14.352910
v -7.769698 9.175644 13.881610
v -8.497400 3.686157 -13.434069
v -9.484200 9.133509 13.499705
v -9.167131 3.549194 -13.078943
v 6.671156 6.303377 -13.384290
v 2.308617 10.424312 14.509361
v 10.859919 6.682252 4.515402
v 9.749738 6.515198 7.433846
v -3.316361 9.476709 14.781948
v -12.185622 7.568836 10.246950
v -15.587277 6.458027 1.194204
v -15.977196 6.302226 1.177753
v -16.024887 6.274710 3.982812
v -15.600786 6.446600 3.969586
v -15.589965 6.281628 -3.555814
v -15.968876 6.129264 -3.551843
v -15.628695 5.756862 5.575167
v -15.955816 5.622882 5.566426
v -15.484402 4.562655 7.692684
v -14.853077 5.325150 -6.087296
v -14.829971 5.460395 -5.871854
v -14.125872 4.825906 -8.627541
v -21.713955 3.554880 -0.573722
v -21.644264 3.116750 -1.403753
v -22.320475 1.993236 -1.007565
v -21.710958 3.563380 0.550033
v -22.324059 1.982617 1.000497
v -21.697142 3.584012 2.990831
v -21.582150 3.425857 4.399429
v -22.308121 2.076393 7.009728
v -21.742260 2.919650 -5.823579
v -22.284653 2.106705 -7.029287
v -8.324765 5.767693 3.527024
v -6.971794 6.095124 2.973849
v -8.255037 5.772196 2.428776
v -6.964358 6.227183 1.029205
v -8.468189 5.765983 0.681506
v -8.278399 5.791265 1.515579
v -10.251720 6.417269 3.664631
v -9.390251 6.646842 2.028360
v -10.138946 6.529540 0.858710
v -11.692968 7.233988 1.039956
v -11.691131 7.130762 3.441058
v -7.564033 5.928069 -2.263776
v -7.713411 5.855097 -3.630133
v -8.538708 5.697920 -3.639841
v -8.429939 5.723019 -2.269206
v -10.249892 6.417003 -3.664297
v -11.678916 7.126503 -3.439347
v -11.684060 7.232597 -1.031907
v -10.138839 6.529607 -0.856378
v -9.390104 6.646989 -2.020284
v -8.316516 5.780053 -1.457282
v -8.485039 5.761153 -0.649761
v -7.061752 6.172138 -0.867568
v -7.424415 8.014293 8.365556
v -7.786443 7.945665 8.088714
v -6.727587 6.439456 5.444352
v -8.678688 5.730148 5.236001
v -8.478507 6.180366 6.431587
v -10.779791 6.561805 6.866772
v -10.989111 6.453719 6.649539
v -11.756954 6.721782 5.407726
v -11.091608 6.395493 6.991049
v -8.776711 5.514089 -6.273738
v -8.772835 5.526654 -5.225680
v -7.613709 5.880432 -4.847776
v -7.889050 5.735439 -5.961796
v -10.725354 5.945315 -6.854311
v -10.977451 5.687184 -7.096130
v -11.647645 6.709998 -5.564371
v -11.015847 5.806085 -6.660151
v -9.007053 5.368800 -6.915969
v -8.355946 5.477746 -7.003221
v -8.219425 4.979613 -8.182829
v -12.700398 7.252552 3.415170
v -12.691632 7.440346 1.223025
v -13.557568 7.297374 1.167540
v -13.535485 7.145357 3.532410
v -12.780589 6.943457 5.492325
v -13.642088 6.590940 5.509920
v -12.855545 5.754413 7.383157
v -12.710823 7.625762 -0.796658
v -12.712757 7.354201 -3.517522
v -13.684048 7.236013 -3.907822
v -13.711599 7.234081 -0.841450
v -12.808223 6.683388 -5.484151
v -12.014410 5.734881 -7.548842
v -13.582036 6.589300 -5.521194
v -19.439730 5.090473 1.000468
v -19.468533 5.076028 3.370620
v -18.785820 5.313568 3.519783
v -18.858162 5.292727 0.996726
v -18.828695 5.293011 -3.517152
v -19.420107 4.726587 -3.161538
v -19.459969 5.081103 -1.016467
v -18.862076 4.617913 -5.293873
v -18.327805 3.654342 -8.360283
v -19.171511 4.242057 -5.552186
v -19.401186 4.434682 5.284828
v -18.988167 3.458138 7.473318
v -18.824841 4.632931 5.316530
v -5.814872 6.739347 -4.110208
v -5.396813 7.317784 -3.657657
v -5.956625 6.697925 -5.787961
v -5.943451 6.773718 -4.906296
v -5.261599 7.241665 -5.392385
v -6.252903 6.447711 -6.805600
v -5.474629 6.646430 -7.354973
v -17.543854 5.744637 3.735662
v -17.262178 5.842499 3.782498
v -17.240665 5.854915 1.115674
v -17.526360 5.755613 1.095628
v -17.133018 4.037035 7.584472
v -17.300587 5.156734 5.455516
v -17.481596 5.094741 5.427979
v -17.249212 5.677920 -3.418569
v -17.508471 5.587904 -3.381569
v -16.084183 4.355128 -8.549756
v -17.466391 5.106107 -5.400293
v -17.286531 5.167616 -5.428406
v -6.399142 6.481245 -3.343540
v -6.439221 6.588923 -3.821534
v -6.697733 6.434275 -3.740462
v -6.390044 6.579723 -4.803303
v -6.612281 6.421797 -5.863234
v -7.017180 6.226226 -5.879551
v -6.821035 6.354155 -4.829978
v -6.847450 6.223271 -6.970139
v -6.842156 5.800825 -7.856203
v -7.307730 6.003039 -6.981195
v -21.064699 4.503832 -0.437132
v -20.072704 4.868653 -0.621989
v -20.301186 4.422454 -2.750166
v -20.849142 3.848030 -2.802117
v -20.547075 3.682125 -4.973416
v -20.319172 3.889184 -5.523554
v -20.177753 2.800838 -7.880803
v -20.155497 4.840034 1.051237
v -20.963320 4.372568 0.985170
v -20.941292 4.214288 2.953295
v -20.181566 4.659542 3.043165
v -20.111700 4.195065 5.165695
v -20.964170 3.897165 5.130692
v -20.476206 2.998313 7.365754
v -18.366436 5.449324 -3.577195
v -18.103420 5.373532 -3.293948
v -18.289930 4.669924 -5.544949
v -18.138954 4.870941 -5.361812
v -17.301483 3.973575 -8.485246
v -18.434208 5.435835 3.569551
v -18.152273 5.533803 3.616350
v -18.159025 5.535710 1.058468
v -18.444490 5.436496 1.040055
v -18.099834 3.734025 7.527317
v -18.191496 4.850159 5.385787
v -18.374208 4.787533 5.358085
v -17.749075 5.678204 1.090339
v -17.938408 5.612393 1.062992
v -17.925653 5.611943 3.670681
v -17.771900 5.666011 3.681093
v -17.820969 4.976603 5.420691
v -17.871590 4.961111 5.391059
v -17.615101 3.885914 7.555716
v -17.759232 5.500834 -3.355347
v -17.925034 5.443377 -3.324596
v -17.857391 4.971894 -5.363882
v -17.809729 4.984830 -5.397839
v -16.651159 4.220231 -8.461487
v -16.922661 5.965448 1.135969
v -16.910227 5.964869 3.832410
v -16.628271 6.062831 3.879266
v -16.637032 6.064728 1.156011
v -16.847164 5.312802 5.496438
v -16.503431 4.224707 7.635711
v -16.664284 5.375418 5.524158
v -16.637753 5.889739 -3.492119
v -16.906933 5.796608 -3.453095
v -16.830524 5.324787 -5.468283
v -16.636148 5.392734 -5.492935
v -15.208775 4.537751 -8.641980
v -7.325226 6.055862 -3.664641
v -7.106401 6.195287 -3.058961
v -7.054209 6.215599 -3.760234
v -7.322683 6.044306 -4.913117
v -7.098497 6.182488 -4.838123
v -7.324347 6.048208 -5.894619
v -7.564416 5.915654 -5.908372
v -7.687563 5.824682 -6.981973
v -7.615537 5.476843 -7.892664
v -7.948238 5.687672 -6.990327
v -16.249498 6.194200 3.945190
v -16.228790 6.207409 1.185231
v -16.414684 6.142010 1.161338
v -16.401871 6.140784 3.933868
v -16.295708 5.500936 5.559049
v -16.344709 5.486198 5.529716
v -16.035048 4.370889 7.667181
v -16.387911 5.975922 -3.521695
v -16.251034 6.023172 -3.547663
v -15.983221 5.231430 -5.590944
v -15.890543 5.271396 -5.598912
v -14.322987 4.523005 -8.989534
v -15.100103 6.657346 1.180956
v -15.073452 6.657869 3.978421
v -14.641177 6.684976 3.571430
v -15.119457 6.472201 -3.542502
v -14.639789 6.840773 -3.941410
v -15.030444 6.002936 -5.530771
v -14.631985 6.162605 -5.536899
v -13.039032 5.279238 -8.422330
v -14.612105 4.965041 7.569233
v -14.617620 6.179205 5.537791
v -15.020530 6.007656 5.552937
v -14.042993 6.422791 5.518542
v -14.245016 6.338622 5.525280
v -13.882145 5.296471 7.487968
v -14.300171 6.828184 3.563380
v -14.025435 6.942459 3.553625
v -14.315471 6.977714 -3.927844
v -14.015454 7.102546 -3.914421
v -14.215160 6.329992 -5.538700
v -14.012259 6.413747 -5.533454
v -13.132952 5.333891 -7.682081
v -2.418286 7.109988 -11.472838
v -1.647230 8.330502 -10.602642
v -1.139507 9.105477 -11.260653
v -3.379080 6.276980 -11.907878
v -1.678234 8.243640 -12.070248
v -1.738628 8.388883 -12.696652
v -3.721226 5.787840 -12.407330
v 2.238022 10.035984 -10.213517
v 1.818397 10.066176 -10.803808
v 2.383720 9.022520 -11.982314
v 0.479539 9.249259 -12.790319
v 0.147701 9.328278 -11.876293
v 1.179609 9.764558 -11.529746
v 0.986752 10.092561 -10.837213
v 0.058659 9.608666 -11.005429
v 0.653493 9.686831 -10.184064
v -3.413269 6.596636 -11.599321
v -4.114993 6.377961 -10.999882
v -1.989021 7.572727 -14.162934
v -2.035453 7.345030 -14.744900
v -3.683698 6.129775 -13.701789
v 2.479106 8.400301 -13.868346
v 0.350481 8.327203 -14.538470
v 0.338568 8.643375 -13.891218
v -2.021360 6.541391 -16.334980
v -4.056083 5.451358 -16.084591
v -2.075445 6.853468 -15.979480
v 0.320221 7.595461 -16.483133
v 0.366695 7.690824 -16.140182
v 2.519401 7.394812 -15.952641
v -2.081259 6.994026 -15.663287
v -4.035990 5.793650 -15.104949
v -2.048993 7.170728 -15.212559
v 0.390030 7.951040 -15.516548
v 0.424158 8.025326 -15.323812
v 2.460856 7.859078 -14.921893
v 0.609883 4.942703 -22.389977
v 1.640059 4.143195 -22.824894
v -0.966554 4.441889 -22.356745
v -2.030956 2.850372 -23.165077
v -3.197997 4.362251 -20.228271
v -1.573660 5.168634 -20.101608
v -1.636042 4.887281 -20.936031
v 0.191137 5.548893 -21.076216
v 0.545872 6.084047 -19.827374
v 2.272770 5.674134 -20.321590
v -1.906839 6.385967 -17.074009
v -1.418281 6.360452 -17.307812
v -1.997207 5.838600 -18.251869
v -3.249139 5.539219 -17.570837
v -1.859538 6.072092 -17.738876
v -0.326807 6.733454 -17.413870
v 0.084694 7.062078 -17.108215
v 2.004536 6.791516 -17.817951
v 0.057962 6.554790 -18.424026
v 0.103528 6.772696 -17.633448
v -15.943788 6.214735 -2.106952
v -15.956805 6.286751 0.045920
v -15.582078 6.435571 0.031100
v -15.583204 6.358085 -2.121747
v -18.871243 5.288180 0.009830
v -18.877081 5.282685 -2.158704
v -19.463930 5.079858 -1.005278
v -17.509869 5.657959 -2.045534
v -17.519516 5.735382 0.111828
v -17.235884 5.833508 0.093784
v -17.238297 5.752862 -2.061419
v -18.391083 5.449543 -2.071447
v -18.431551 5.440278 0.090611
v -18.151337 5.516364 0.150468
v -18.124918 5.438695 -2.014910
v -17.935640 5.509223 -2.020155
v -17.942162 5.589309 0.142981
v -17.744246 5.657428 0.116572
v -17.746944 5.575078 -2.042742
v -16.918871 5.864123 -2.076389
v -16.926117 5.940712 0.078385
v -16.642811 6.038765 0.060898
v -16.647198 5.959023 -2.092719
v -16.411592 6.041317 -2.096465
v -16.418713 6.116539 0.057341
v -16.224072 6.184802 0.036604
v -16.225771 6.107185 -2.116493
v -15.119263 6.547017 -2.105067
v -15.111177 6.628854 0.048838
v -14.680842 6.829883 -2.222723
v -14.318221 6.982083 -2.211168
v -14.020261 7.106026 -2.205902
v -13.726205 7.228334 -0.841257
v -14.584018 6.873982 0.755672
v -14.670163 6.796595 1.415106
v -14.253152 7.007955 0.848224
v -14.395167 6.948891 0.849701
v -14.324533 6.945981 1.703592
v -14.079528 7.079309 0.754487
v -13.993589 7.081211 1.410007
v -14.580475 6.869184 0.373287
v -14.691343 6.824259 -0.217091
v -14.256602 7.007715 0.281468
v -14.330826 6.974931 -0.523529
v -14.395988 6.949734 0.279777
v -14.081158 7.079537 0.374890
v -14.028933 7.101960 -0.412132
v -11.575033 -0.155868 -40.391235
v -14.108892 0.061028 -41.832718
v -14.457914 -2.552291 -42.255302
v -13.222940 -2.657422 -42.255947
v -12.645791 -3.259304 -40.320084
v -17.051123 -1.581714 -42.178768
v -15.857957 -0.968409 -41.908081
v -16.897402 -2.799364 -42.298950
v -15.585744 -2.712900 -42.253857
v -15.078129 -3.258418 -40.319725
v -0.011232 -0.510971 -42.184818
v 1.528466 -2.752971 -42.348419
v -36.919075 -1.791187 -42.343758
v -36.919094 -2.815722 -42.343761
v -26.752874 -3.579985 -41.699158
v -27.266787 -2.840461 -42.362900
v -26.112669 -2.840461 -42.362900
v -26.758080 -1.056492 -41.722275
v -26.112644 -1.766410 -42.362782
v -27.266760 -1.766410 -42.362782
v -7.282334 -0.171078 -42.247299
v -4.956633 -0.164042 -42.243961
v -6.606435 -2.837846 -42.368111
v -5.484112 -2.837996 -42.368084
v -6.105281 -3.580105 -41.699230
v -37.638924 -1.667372 -19.125628
v -37.638870 -1.666817 -18.358324
v -37.620060 -3.022028 -18.358360
v -37.620060 -3.022025 -19.125803
v -37.127487 -3.578269 -18.808413
v -37.638908 -1.667318 -16.378048
v -37.638851 -1.666763 -17.145304
v -37.127487 -3.578269 -16.839651
v -37.620060 -3.022025 -16.377909
v -37.620060 -3.022028 -17.145302
v 5.412142 0.993093 -33.325584
v -29.630032 0.033616 -27.218651
v -37.633236 -1.624827 -30.055271
v -37.173622 -1.076413 -30.519854
v -37.618774 -1.581564 -30.798620
v -37.619083 -3.025026 -30.798750
v -37.126186 -3.579031 -30.499052
v -37.620106 -3.022204 -30.051023
v -19.216095 0.096995 -32.813148
v -19.869045 0.086522 -32.830837
v -23.097620 0.049566 -32.860619
v -16.557173 0.092366 -32.827770
v -17.887537 0.093619 -32.825424
v -29.692947 -0.092144 -32.960228
v -37.639065 -1.668564 -11.280566
v -37.639652 -1.668459 -10.530450
v -37.621906 -3.017470 -10.530427
v -37.620052 -3.022045 -11.279589
v -37.127480 -3.578287 -10.977848
v -37.620060 -3.022021 -24.214457
v -37.620068 -3.022083 -24.962381
v -37.127491 -3.578267 -24.660604
v -37.637657 -1.656577 -24.964771
v -37.639187 -1.668751 -24.213316
v -37.616726 -1.587969 -41.219231
v -37.232876 -1.243045 -41.876152
v -37.616745 -3.018940 -41.219234
v -37.230167 -3.381912 -41.875629
v -29.859898 0.842129 -9.911442
v -29.863468 0.831464 -7.919641
v -29.848618 0.921902 -1.901063
v -20.513508 0.078794 -32.837624
v 0.656572 0.036749 -40.304405
v 2.046535 -3.134967 -41.561089
v 1.879799 -3.401829 -41.836155
v -37.165611 -3.512283 -36.136806
v -37.616798 -3.030449 -35.975014
v -37.176716 -1.122563 -36.139500
v -37.616741 -1.576453 -35.975002
v -32.017117 -1.766094 -42.362507
v -32.017097 -2.840817 -42.362537
v -31.921627 -1.123596 -41.797398
v -31.924772 -3.509640 -41.790714
v 2.591318 0.986773 -33.323475
v -5.462651 2.919096 -31.090746
v -7.432561 3.372134 -30.096081
v -5.927371 3.859034 -30.099838
v -10.115603 -0.172006 -42.249729
v -10.108948 -3.579934 -41.719967
v -10.037017 -2.832749 -42.369884
v -2.134307 -0.156823 -42.246269
v -2.057025 -2.837690 -42.368324
v -2.230909 -3.540065 -41.760426
v -21.366285 -2.840466 -42.362850
v -21.444031 -3.579855 -41.719994
v -21.368534 -1.778604 -42.367371
v -21.466833 -1.092132 -41.780994
v -29.646591 -2.840639 -42.362717
v -29.350554 -3.544677 -41.755394
v -29.646498 -1.766247 -42.362640
v -29.369143 -1.093482 -41.770958
v -24.105751 -3.579855 -41.719994
v -23.739309 -1.766336 -42.362736
v -23.739342 -2.840461 -42.362896
v -24.109436 -1.063359 -41.746952
v -34.402092 -1.765788 -42.362434
v -34.519871 -1.157675 -41.830673
v -34.402119 -2.841127 -42.362457
v -34.514652 -3.474740 -41.826015
v -34.574894 -3.538856 6.219174
v -30.830294 -1.766181 -42.362595
v -30.643490 -1.106287 -41.779922
v -30.830332 -2.840728 -42.362629
v -30.636021 -3.527176 -41.773045
v -30.238464 -2.840683 -42.362675
v -29.993286 -3.535926 -41.764221
v -30.238323 -1.766211 -42.362625
v -30.021250 -1.100426 -41.774078
v -28.450750 -2.840551 -42.362808
v -28.051954 -3.562314 -41.737667
v -28.450716 -1.766329 -42.362709
v -28.058857 -1.076992 -41.756882
v -25.433218 -3.579854 -41.719997
v -24.922852 -1.766405 -42.362774
v -24.922871 -2.840461 -42.362896
v -25.436829 -1.062151 -41.744671
v -27.858881 -2.840506 -42.362850
v -27.409225 -3.571064 -41.728848
v -27.858847 -1.766369 -42.362743
v -27.415941 -1.069268 -41.750099
v -37.399319 -0.308977 -18.815319
v -37.402878 -0.319689 -16.839779
v -37.389114 -0.232588 -10.811853
v -37.363693 -0.190203 -24.856298
v -12.464624 2.775365 -37.809700
v -12.565361 1.694996 -39.356598
v -13.898569 2.302379 -37.835415
v -15.908365 0.520868 -39.870888
v -36.998531 -0.482550 4.454840
v -36.908569 0.409419 3.292014
v -37.155632 -0.455593 3.665929
v -37.437332 -2.376074 4.595710
v -37.463913 -3.043232 5.023040
v -37.358444 -2.342948 5.680098
v -37.453609 -3.159433 -3.717461
v -37.524410 -2.277607 -3.574942
v -37.531792 -2.356947 -4.892297
v -37.493641 -3.111766 -4.960543
v -37.540981 -2.491784 -5.218268
v -37.456909 -2.731245 -6.217587
v -37.526516 -3.073433 -5.224108
v -37.316059 -3.338064 -3.898356
v -37.344856 -3.302564 -5.059414
v -35.279438 -3.129200 -2.910457
v -36.883884 1.523970 -3.948046
v -34.982452 1.518198 -2.955199
v -37.030766 0.984568 -4.979265
v -37.347107 -0.674735 -6.240448
v -37.412174 -0.803057 -5.217669
v -37.277802 0.074748 -5.173862
v -37.157906 0.805531 -3.622291
v -37.237679 0.426566 -4.786911
v -37.397148 -0.565437 -4.788785
v -37.353218 -0.288211 -3.546646
v -36.389759 -0.743331 5.631472
v -33.302559 0.021225 9.061932
v -36.464008 -0.170153 5.053107
v -33.906178 1.557243 6.633990
v -36.527824 1.159771 3.340621
v -36.754082 -0.118301 4.650598
v -36.776218 -2.343792 6.287910
v -33.854942 -2.146487 9.875354
v -36.991783 -2.394061 6.057520
v -37.192696 -2.313347 5.825502
v -37.351570 -3.170072 5.157550
v -34.836525 -3.023541 7.964189
v -37.497566 -2.223847 -0.459186
v -37.462032 -3.152164 -0.454807
v -37.468754 -3.137774 1.795135
v -37.489494 -2.220131 1.701895
v -37.238689 -0.199550 1.215468
v -36.974957 1.030359 1.054243
v -37.036263 1.149897 -0.716253
v -37.284161 -0.098803 -0.555196
v -36.575005 2.077986 0.912796
v -34.119534 2.751750 2.631664
v -36.657986 2.173022 -0.846045
v -37.283318 -3.353556 -0.409461
v -34.812027 -3.102540 3.353157
v -37.308762 -3.318936 1.765515
v 7.536971 0.643161 -33.259842
v -22.473717 0.055444 -32.854767
v -21.820189 0.062391 -32.851620
v 8.219055 1.182958 -31.379961
v 0.266063 0.979771 -33.326786
v -26.971920 -0.001818 -32.911255
v -24.377190 0.032287 -32.878059
v -29.824173 0.958251 -15.942793
v -29.635469 0.079486 -21.607639
v -13.914284 0.067837 -32.859638
v -8.969660 1.685620 -31.517982
v -4.686862 0.855221 -32.248791
v -2.567265 0.978190 -33.328461
v -27.748474 3.986281 10.216345
v -28.344154 2.809105 4.895562
v -27.846680 -1.493273 17.187788
v -27.129681 1.110861 16.279091
v -27.570784 2.586659 14.284990
v -9.195997 3.317200 -33.954769
v 1.638918 0.418135 -37.785927
v -33.593933 0.384024 -20.399546
v -10.665565 2.837257 -33.965748
v -21.662182 -0.484266 -37.285049
v -24.286182 -0.499099 -37.297253
v -33.629608 0.266576 -14.363380
v -33.462914 -0.667594 -37.418190
v -22.987087 -0.479748 -37.267712
v -33.403374 -0.544473 -31.679075
v -23.642494 -0.491373 -37.290466
v -25.594666 -0.515546 -37.311287
v -3.508136 0.404347 -37.787041
v -28.149408 -0.545654 -37.337730
v -33.404545 -0.498463 -26.063747
v -12.439013 1.103244 -35.694435
v -6.341434 0.403092 -37.789093
v -30.934004 3.369015 6.424005
v -30.745895 -0.579746 -37.370964
v -30.850811 -1.819880 13.531570
v -17.690559 -0.512147 -37.320316
v -8.130948 0.349676 -36.320015
v -26.247482 -0.522491 -37.314423
v -26.870556 -0.528361 -37.320271
v -20.333305 -0.485497 -37.287361
v 3.762869 0.066095 -37.722328
v -33.633171 0.255888 -12.379709
v -9.014006 2.307046 -35.223671
v -1.182657 0.411366 -37.783718
v -33.618866 0.344657 -6.356458
v 4.437814 0.609853 -35.842182
v -31.663303 2.163651 0.970181
v -30.216120 0.566043 12.670511
v -30.738480 2.071951 10.459490
v -1.911296 3.531145 -26.957821
v 6.365293 1.562181 -28.863232
v -26.078369 1.499148 2.554333
v -26.093763 1.407040 -3.459572
v -14.112892 0.671504 -28.365803
v -12.781040 0.670229 -28.368179
v -19.324684 0.627492 -28.400965
v -16.095596 0.664416 -28.371206
v -26.090187 1.417683 -5.459503
v -5.500308 2.267996 -27.341530
v -2.658743 4.400868 -26.244907
v -4.199558 3.907012 -26.226414
v 9.185366 1.568050 -28.865240
v 11.311072 1.220227 -28.797356
v -18.699951 0.633379 -28.395109
v 12.000298 1.756063 -26.917740
v -23.197945 0.576111 -28.451548
v -26.054413 1.532478 -11.486040
v -10.138009 0.647822 -28.398960
v -1.242777 1.360765 -28.177567
v -24.403088 3.101367 18.110489
v -24.043243 1.655680 19.887669
v -20.604971 0.610229 -28.418388
v -18.045712 0.640327 -28.391951
v 1.206904 1.553287 -28.867825
v -25.025005 3.454559 8.820942
v -25.922983 0.483307 -28.502266
v -25.856689 0.611706 -22.758224
v -15.445103 0.673739 -28.358583
v -25.866394 0.657436 -17.151531
v 4.040262 1.555196 -28.866531
v -16.740833 0.656687 -28.377993
v -24.562946 4.603547 14.008685
v -24.842548 -1.166665 20.844006
v -0.135618 3.837170 -24.891357
v 8.252280 1.849885 -26.633110
v -24.193245 1.787770 4.782030
v -24.208912 1.694829 -1.229537
v -12.225569 0.960446 -26.135992
v -10.892975 0.959160 -26.138382
v -17.438217 0.916456 -26.171139
v -14.208873 0.953364 -26.141392
v 11.071978 1.855529 -26.635067
v 13.198123 1.508759 -26.566113
v -16.813068 0.922346 -26.165279
v 13.890919 2.042615 -24.686628
v -21.310955 0.865075 -26.221695
v -24.169533 1.819592 -9.257664
v -8.249872 0.937814 -26.168621
v 0.479266 1.613537 -26.141956
v -22.970181 4.912179 15.904856
v -23.340485 -1.003362 22.672113
v -24.205330 1.705459 -3.233534
v -3.765632 2.559184 -25.253304
v -1.024430 4.671785 -24.317442
v -2.583056 4.174450 -24.291580
v -22.819239 3.358721 20.023239
v -22.500023 1.928089 21.691959
v -18.718861 0.899199 -26.188553
v -16.158474 0.929296 -26.162117
v 3.093989 1.840836 -26.637506
v -23.365431 3.777286 10.783632
v -24.038002 0.771032 -26.273285
v -23.970018 0.900750 -20.528011
v -13.559607 0.962111 -26.131302
v -23.981855 0.946411 -14.923477
v 5.927361 1.842908 -26.636402
v -14.854495 0.945634 -26.148178
v -27.901875 1.141077 -7.599062
v -7.167645 1.988111 -29.348692
v -4.229614 4.140468 -28.097549
v -5.753308 3.649955 -28.086138
v -25.925451 2.854003 16.271990
v -25.526556 1.393845 18.153421
v -22.417864 0.332476 -30.561663
v -19.859688 0.362577 -30.535223
v -0.606925 1.276901 -31.011564
v -26.620157 3.144360 6.934442
v -27.734791 0.206751 -30.644720
v -27.670122 0.333881 -24.901863
v -17.257406 0.396561 -30.499403
v -27.677774 0.379679 -19.293095
v 2.226418 1.278652 -31.010086
v -18.553944 0.378957 -30.521248
v -3.618043 3.237000 -28.944065
v 4.551556 1.285646 -31.006783
v -27.890314 1.221729 0.413112
v -27.905447 1.130424 -5.603038
v -15.926950 0.393778 -30.509054
v -14.595813 0.392513 -30.511415
v -21.137920 0.349746 -30.544231
v -17.909081 0.386686 -30.514462
v 7.371991 1.291731 -31.008839
v 9.497275 0.942894 -30.941984
v -20.513586 0.355629 -30.538378
v 10.183069 1.480634 -29.062239
v -25.011681 0.298364 -30.594839
v -27.866123 1.256510 -13.627913
v -11.952850 0.369087 -30.542719
v -2.897971 1.117805 -30.134157
v -26.093880 4.306895 12.186123
v -26.286304 -1.323630 19.086863
v 3.516520 0.704241 -35.566406
v -31.718054 0.669766 -18.181810
v -19.783873 -0.196703 -35.065884
v -21.764780 -0.203805 -35.071301
v -29.348846 3.676174 8.311120
v -28.867920 -0.292162 -35.151760
v -29.355919 -1.657356 15.350949
v -15.811439 -0.223540 -35.100628
v -6.417129 0.601241 -34.294121
v -24.369610 -0.234903 -35.095242
v -24.993097 -0.240778 -35.101093
v -18.454256 -0.197945 -35.068211
v 5.640908 0.353250 -35.501740
v -31.757320 0.542301 -10.160325
v -7.246808 2.611609 -33.167076
v 0.695319 0.697695 -35.564247
v -31.742744 0.631902 -4.139399
v 6.319406 0.895037 -33.621727
v -7.569489 3.586823 -32.036510
v -9.056784 3.103418 -32.040154
v -22.408854 -0.211532 -35.078083
v -31.753754 0.552979 -12.148042
v -31.586933 -0.381243 -35.199852
v -21.110596 -0.192754 -35.051064
v -31.525713 -0.256809 -29.459515
v -23.716440 -0.227958 -35.092098
v -1.630048 0.690685 -35.567566
v -26.272305 -0.258063 -35.118542
v -31.529007 -0.210869 -23.846334
v -10.712620 1.393041 -33.616180
v -4.463361 0.689267 -35.569427
v -30.011654 2.484837 2.923498
v -28.680271 0.837151 14.466185
v -29.162197 2.328076 12.363106
v -10.830311 3.046283 -35.882233
v -12.282067 2.569818 -35.900581
v -26.172520 -0.788045 -39.527069
v -35.514465 -0.021200 -16.589350
v -35.347893 -0.955320 -39.647171
v -24.872583 -0.768120 -39.494995
v -35.290047 -0.833518 -33.909286
v -27.481903 -0.804514 -39.541122
v -5.395235 0.116634 -40.017170
v -30.035519 -0.834625 -39.567566
v -35.289085 -0.787438 -28.291801
v -14.173689 0.812056 -37.782661
v -8.228519 0.115543 -40.019409
v -33.322876 1.840925 -0.992509
v -31.759338 0.293634 10.866221
v -32.322327 1.814597 8.546740
v -0.247694 0.130656 -40.016098
v -35.478813 0.096910 -22.627922
v -23.549505 -0.773208 -39.514862
v -25.529217 -0.780320 -39.520283
v -32.526768 3.060382 4.527834
v -32.632881 -0.868711 -39.600819
v -32.352875 -1.983183 11.703463
v -19.578697 -0.802140 -39.550655
v -9.852991 0.096904 -38.355625
v -28.134365 -0.811458 -39.544250
v -28.757023 -0.817324 -39.550095
v -22.221371 -0.774428 -39.517159
v 1.875818 -0.222438 -39.953575
v -35.518024 -0.031901 -14.609744
v -10.789683 2.001021 -37.290134
v -3.069645 0.123662 -40.013840
v -35.503990 0.056035 -8.584156
v 2.547193 0.323301 -38.073296
vn -0.0000 -1.0000 -0.0000
vn -0.0004 -1.0000 0.0001
vn 0.0006 -1.0000 -0.0004
vn 0.0006 -1.0000 0.0004
vn -0.0008 -1.0000 -0.0001
vn -0.0091 0.6871 -0.7265
vn 0.0144 0.7086 -0.7055
vn 0.0361 0.7251 -0.6877
vn 0.1743 0.9409 -0.2905
vn 0.2760 0.9235 -0.2663
vn 0.2853 0.9346 -0.2123
vn 0.1107 0.9762 -0.1867
vn -0.0000 -1.0000 -0.0019
vn 0.0018 -0.9983 0.0576
vn -0.0067 -0.9978 0.0657
vn -0.0027 -0.9979 0.0644
vn 0.0062 -0.9983 0.0586
vn 0.0026 -1.0000 -0.0028
vn -0.0405 0.9822 -0.1833
vn -0.0119 0.9868 -0.1614
vn -0.0213 0.9880 -0.1533
vn -0.0179 0.9833 -0.1810
vn -0.0034 -1.0000 -0.0021
vn -0.0040 -1.0000 -0.0000
vn 0.0722 -0.9974 -0.0000
vn 0.0633 -0.9980 0.0058
vn -0.1159 0.9879 -0.1029
vn -0.0340 0.9961 -0.0818
vn -0.0774 0.9955 -0.0541
vn -0.1651 0.9853 -0.0428
vn -0.0055 -1.0000 -0.0046
vn 0.0731 -0.9973 -0.0040
vn -0.0120 -0.9999 -0.0119
vn 0.0762 -0.9970 -0.0149
vn -0.0046 -0.9979 0.0640
vn -0.0137 -0.9975 0.0695
vn -0.0161 -0.9897 0.1423
vn -0.0126 -0.9901 0.1394
vn -0.0049 -1.0000 0.0024
vn 0.0654 -0.9979 0.0032
vn 0.4791 0.7130 -0.5120
vn 0.5279 0.6537 -0.5423
vn 0.5105 0.6292 -0.5861
vn 0.4861 0.7047 -0.5168
vn 0.0373 0.9853 -0.1669
vn -0.1454 0.9894 -0.0048
vn -0.1455 0.9893 -0.0048
vn 0.0295 0.9866 -0.1605
vn -0.1640 0.9864 0.0114
vn -0.1641 0.9864 0.0115
vn 0.2499 0.2762 0.9281
vn 0.0971 0.4008 0.9110
vn 0.1590 0.2296 0.9602
vn 0.0012 -0.6971 0.7170
vn 0.0008 -0.6977 0.7164
vn 0.0005 -0.6972 0.7168
vn 0.0812 0.2401 0.9674
vn 0.1184 0.2637 0.9573
vn -0.0261 0.3797 0.9247
vn -0.0010 -0.6946 0.7194
vn -0.0009 -0.6956 0.7184
vn -0.0014 -0.6965 0.7175
vn -0.0570 0.4914 0.8691
vn -0.0652 0.3258 0.9432
vn 0.0259 0.3274 0.9445
vn 0.0002 -0.6936 0.7204
vn -0.0014 -0.6949 0.7191
vn -0.0007 -0.6943 0.7197
vn 0.0101 0.5208 0.8536
vn -0.0444 0.2319 0.9717
vn 0.0306 0.5989 0.8003
vn -0.0019 -0.7010 0.7131
vn -0.0010 -0.7008 0.7134
vn -0.0011 -0.7016 0.7126
vn 0.0407 0.1379 0.9896
vn 0.0783 0.1514 0.9854
vn 0.0940 0.1019 0.9903
vn 0.1517 0.1131 0.9819
vn -0.0002 -0.6979 0.7162
vn -0.0002 -0.6980 0.7161
vn -0.0001 -0.6938 0.7202
vn 0.0175 0.4832 0.8753
vn 0.0167 0.3361 0.9417
vn -0.0537 0.1616 0.9854
vn 0.0228 0.1601 0.9868
vn 0.0238 0.2829 0.9588
vn 0.0947 0.4178 0.9036
vn -0.0015 0.0270 0.9996
vn -0.0004 0.0272 0.9996
vn -0.0226 0.0550 0.9982
vn -0.0117 0.9928 -0.1188
vn -0.0100 0.9927 -0.1202
vn -0.0022 -0.6962 0.7179
vn -0.0021 -0.6966 0.7175
vn -0.2307 0.5780 0.7827
vn -0.5965 0.6054 0.5269
vn -0.4460 0.4283 0.7859
vn -0.1705 0.4309 0.8861
vn -0.0175 0.1331 0.9910
vn 0.4260 0.8462 0.3202
vn 0.3662 0.8238 0.4328
vn 0.2556 0.9392 0.2292
vn 0.3147 0.9276 0.2011
vn -0.0000 -1.0000 0.0019
vn 0.0026 -1.0000 0.0027
vn -0.0000 -1.0000 0.0037
vn 0.0184 0.1733 0.9847
vn -0.0026 -1.0000 0.0038
vn -0.0017 -1.0000 0.0019
vn 0.0456 0.1180 0.9920
vn 0.0531 0.1332 0.9897
vn 0.1054 0.2397 0.9651
vn -0.0492 0.2433 0.9687
vn -0.0784 0.2733 0.9587
vn -0.0114 -0.9999 0.0081
vn -0.0172 -0.9998 0.0114
vn 0.0174 -0.9997 0.0179
vn 0.0532 -0.9985 0.0142
vn -0.3111 0.9414 0.1306
vn -0.3102 0.9418 0.1298
vn -0.3116 0.9411 0.1311
vn -0.1776 0.9839 0.0190
vn -0.3560 0.9179 0.1751
vn -0.3494 0.9216 0.1690
vn -0.1737 0.9847 0.0156
vn -0.7265 0.3960 0.5616
vn -0.7160 0.4384 0.5433
vn -0.7145 0.4433 0.5413
vn 0.9808 0.1950 -0.0002
vn 0.9321 0.3622 -0.0003
vn 0.9809 0.1947 -0.0000
vn 0.7091 -0.7051 -0.0000
vn 0.9808 0.1950 0.0002
vn 0.9321 0.3622 0.0003
vn 0.6981 -0.7160 -0.0001
vn 0.7084 -0.7058 0.0009
vn 0.7024 -0.7118 -0.0000
vn 0.9648 0.2621 -0.0206
vn 0.8020 0.5969 -0.0210
vn 0.8349 0.5499 -0.0221
vn 0.8351 0.5497 0.0215
vn 0.8026 0.5962 0.0204
vn 0.9649 0.2617 0.0206
vn 0.6994 -0.7147 0.0003
vn 0.7032 -0.7110 0.0001
vn 0.7084 -0.7058 -0.0009
vn 0.7089 -0.7053 -0.0000
vn 0.7090 -0.7052 -0.0000
vn 0.9719 0.2347 0.0202
vn 0.9807 0.1953 0.0003
vn 0.9204 0.3907 0.0143
vn 0.9203 0.3908 -0.0145
vn 0.9807 0.1953 -0.0003
vn 0.9718 0.2349 -0.0203
vn 0.9998 0.0216 -0.0000
vn 0.9997 0.0239 -0.0011
vn 0.9997 0.0240 -0.0007
vn 0.9997 0.0234 -0.0011
vn 0.9997 0.0244 0.0005
vn 0.9997 0.0241 0.0010
vn 0.9997 0.0234 0.0011
vn 0.9998 0.0223 0.0004
vn 0.9998 0.0219 0.0004
vn 0.9998 0.0223 -0.0004
vn 0.9998 0.0219 -0.0004
vn 0.6931 0.6376 -0.3365
vn 0.6627 0.5088 -0.5494
vn 0.6439 0.4972 -0.5815
vn 0.5322 0.7230 -0.4406
vn 0.5029 0.8547 -0.1286
vn 0.7431 0.6607 -0.1067
vn 0.6876 -0.7261 -0.0051
vn 0.6833 -0.7301 -0.0083
vn 0.6880 -0.7257 -0.0048
vn 0.6970 0.5842 0.4157
vn 0.7307 0.5919 0.3402
vn 0.5713 0.6845 0.4529
vn 0.6142 0.6192 0.4893
vn 0.6801 -0.7331 0.0066
vn 0.6812 -0.7321 0.0063
vn 0.5380 0.8286 0.1550
vn 0.7787 0.6090 0.1512
vn 0.4676 0.8837 -0.0218
vn 0.4294 0.9024 0.0369
vn 0.4246 0.9053 0.0145
vn 0.4245 0.9053 -0.0145
vn 0.3998 0.9130 -0.0807
vn 0.3610 0.9319 -0.0367
vn 0.0027 -1.0000 -0.0000
vn 0.0054 -1.0000 -0.0000
vn 0.3376 0.9393 0.0603
vn 0.3612 0.9318 0.0366
vn 0.0102 -0.9999 -0.0073
vn 0.0226 -0.9987 0.0465
vn 0.0281 -0.9993 0.0257
vn 0.0153 -0.9998 -0.0110
vn 0.0038 -1.0000 -0.0017
vn 0.0064 -1.0000 -0.0025
vn 0.9996 0.0290 -0.0020
vn 0.9996 0.0291 -0.0021
vn 0.9994 0.0343 -0.0039
vn 0.2673 0.9589 -0.0947
vn 0.2667 0.9625 -0.0491
vn 0.1896 0.9704 -0.1497
vn 0.2405 0.9677 0.0755
vn 0.2676 0.9623 0.0489
vn 0.2119 0.9659 0.1487
vn 0.2251 0.9523 0.2062
vn 0.9964 0.0796 0.0278
vn 0.9969 0.0746 0.0252
vn 0.9892 0.1356 0.0560
vn 0.0105 -0.9999 0.0074
vn 0.0038 -1.0000 0.0017
vn 0.0064 -1.0000 0.0025
vn 0.0160 -0.9998 0.0112
vn 0.1506 0.8981 -0.4131
vn 0.1810 0.9042 -0.3870
vn -0.0793 0.9949 -0.0616
vn -0.0208 0.9936 -0.1111
vn -0.0248 0.9939 -0.1077
vn -0.0742 0.9951 -0.0659
vn 0.0031 -0.9920 0.1264
vn 0.0189 -0.9934 0.1133
vn 0.2795 0.6141 0.7381
vn 0.4647 0.6220 0.6302
vn 0.2530 0.6178 0.7445
vn 0.5429 0.6409 0.5427
vn 0.0063 -0.6681 0.7441
vn 0.0048 -0.6768 0.7361
vn 0.4966 0.8662 0.0546
vn 0.5827 0.8108 0.0547
vn 0.4964 0.8622 0.1015
vn 0.6504 0.7460 0.1429
vn 0.6109 0.7514 0.2493
vn 0.6425 0.7355 0.2150
vn 0.3895 0.8110 -0.4365
vn 0.3332 0.8440 -0.4202
vn 0.3287 0.8636 -0.3824
vn 0.4220 0.7793 -0.4632
vn 0.6096 0.7926 0.0121
vn 0.6396 0.6545 -0.4031
vn 0.5798 0.8129 -0.0551
vn 0.6945 0.6627 0.2804
vn 0.6021 0.7362 0.3090
vn -0.2144 0.9513 -0.2214
vn -0.1724 0.9219 -0.3469
vn 0.0731 0.9610 -0.2667
vn -0.1227 0.9838 -0.1309
vn 0.6424 0.7320 0.2268
vn 0.6007 0.7843 0.1552
vn 0.4782 0.8510 0.2171
vn 0.4843 0.8589 0.1663
vn -0.6061 0.7954 0.0006
vn -0.3922 0.9199 -0.0002
vn -0.6058 0.7956 -0.0006
vn -0.2930 0.9558 -0.0234
vn -0.4843 0.8748 0.0088
vn -0.5841 0.8111 0.0293
vn 0.1556 0.9875 0.0272
vn 0.0551 0.9985 0.0031
vn 0.1211 0.9926 0.0134
vn 0.2773 0.9607 0.0093
vn 0.3185 0.9479 -0.0000
vn 0.3188 0.9478 -0.0018
vn 0.1695 0.9855 -0.0003
vn 0.1692 0.9856 -0.0000
vn 0.0554 0.9976 -0.0424
vn -0.0944 0.9950 -0.0319
vn -0.4517 0.8912 -0.0413
vn 0.1724 0.9836 -0.0532
vn -0.0431 0.9851 0.1666
vn 0.2048 0.9711 0.1226
vn -0.1074 0.9849 0.1358
vn -0.3055 0.9518 0.0276
vn -0.6065 0.7951 0.0004
vn -0.5423 0.8402 -0.0036
vn 0.1700 0.9854 0.0011
vn 0.3181 0.9480 0.0034
vn 0.3190 0.9478 0.0007
vn 0.1695 0.9855 0.0004
vn -0.0817 0.9967 -0.0006
vn -0.0094 1.0000 -0.0001
vn -0.0100 1.0000 -0.0001
vn -0.1020 0.9945 -0.0226
vn -0.0073 1.0000 0.0017
vn -0.0018 1.0000 0.0019
vn -0.0937 0.9953 0.0226
vn -0.1349 0.9908 -0.0109
vn -0.5556 0.8297 -0.0535
vn -0.4080 0.9130 -0.0031
vn -0.6524 0.7552 -0.0635
vn -0.0943 0.9953 -0.0221
vn 0.0007 1.0000 -0.0013
vn -0.0072 1.0000 -0.0016
vn -0.1348 0.9908 0.0109
vn -0.0101 0.9999 -0.0000
vn -0.0094 1.0000 0.0001
vn -0.0817 0.9967 0.0005
vn -0.1019 0.9945 0.0224
vn -0.3816 0.9241 -0.0208
vn -0.5322 0.8461 0.0295
vn -0.6406 0.7678 0.0049
vn -0.3864 0.9217 0.0335
vn -0.5759 0.8170 -0.0290
vn -0.5092 0.8566 0.0833
vn -0.3527 0.9067 -0.2312
vn -0.1175 0.9816 0.1506
vn -0.2417 0.9258 0.2907
vn -0.0963 0.9949 0.0298
vn -0.1969 0.9663 0.1657
vn -0.0130 0.9878 0.1550
vn -0.0005 1.0000 0.0091
vn -0.3229 0.9458 0.0349
vn -0.2727 0.9284 -0.2526
vn -0.6673 0.7160 -0.2052
vn 0.1679 0.9724 0.1617
vn -0.3032 0.9474 0.1024
vn -0.2774 0.9436 0.1805
vn -0.1575 0.9734 0.1665
vn -0.3898 0.9074 0.1570
vn -0.4287 0.9022 0.0467
vn -0.1429 0.9897 0.0119
vn -0.6629 0.7419 -0.1011
vn -0.6950 0.7180 -0.0393
vn -0.7334 0.6738 -0.0894
vn -0.0449 0.9990 -0.0000
vn -0.0003 1.0000 -0.0000
vn -0.0005 0.9978 -0.0666
vn -0.0516 0.9961 -0.0712
vn 0.0125 0.7747 -0.6323
vn -0.0943 0.9387 -0.3315
vn -0.4468 0.7974 -0.4056
vn -0.3164 0.8537 -0.4137
vn -0.2010 0.9547 -0.2193
vn -0.3140 0.8675 -0.3858
vn -0.0445 0.9988 -0.0185
vn 0.0452 0.9990 -0.0018
vn 0.0940 0.9956 -0.0021
vn 0.0180 0.9998 0.0122
vn -0.0763 0.9897 -0.1214
vn 0.2987 0.9435 -0.1437
vn 0.1579 0.9773 -0.1409
vn -0.7823 0.6230 -0.0000
vn -0.7818 0.6235 0.0003
vn -0.7251 0.6847 0.0744
vn -0.7573 0.6518 0.0418
vn -0.6809 0.7324 0.0024
vn -0.7796 0.6235 -0.0585
vn -0.7852 0.6152 -0.0709
vn -0.7816 0.6238 0.0016
vn -0.7901 0.6113 -0.0447
vn -0.1290 0.9916 -0.0011
vn -0.1799 0.9820 -0.0579
vn -0.1290 0.9916 0.0010
vn -0.1798 0.9820 0.0575
vn -0.4788 0.8763 -0.0532
vn -0.5105 0.8292 0.2278
vn -0.3288 0.9279 0.1758
vn 0.1315 0.9910 0.0261
vn -0.2534 0.9518 0.1728
vn -0.0896 0.9960 -0.0004
vn -0.0966 0.9936 -0.0586
vn -0.0480 0.9895 -0.1362
vn -0.2870 0.8272 -0.4831
vn -0.3092 0.7515 -0.5828
vn -0.7086 0.7051 -0.0269
vn -0.7106 0.7033 -0.0182
vn -0.6844 0.7283 -0.0344
vn -0.6830 0.7301 -0.0216
vn 0.4063 0.8729 -0.2700
vn 0.2537 0.9619 -0.1016
vn 0.5498 0.8351 0.0190
vn 0.5632 0.8252 0.0430
vn 0.4740 0.8791 0.0495
vn 0.4254 0.9050 -0.0064
vn 0.5083 0.8602 -0.0411
vn 0.4481 0.8855 -0.1228
vn 0.3798 0.9204 -0.0929
vn 0.5485 0.8352 0.0407
vn 0.5288 0.8468 0.0577
vn 0.4691 0.8742 0.1256
vn 0.5264 0.8250 0.2058
vn -0.1042 0.9848 -0.1391
vn -0.6740 0.7373 0.0468
vn 0.3723 0.8753 -0.3086
vn 0.4416 0.8244 -0.3540
vn 0.5606 0.8277 -0.0245
vn 0.4714 0.8819 0.0093
vn 0.4554 0.8884 0.0588
vn 0.4946 0.8653 0.0817
vn 0.5089 0.8520 -0.1228
vn 0.5625 0.8079 -0.1756
vn 0.4052 0.8436 -0.3524
vn 0.4488 0.8470 -0.2850
vn 0.5309 0.8474 -0.0023
vn 0.4414 0.8736 -0.2048
vn 0.4822 0.8731 0.0714
vn 0.4765 0.8669 0.1463
vn 0.5111 0.8473 0.1444
vn 0.3008 0.9080 -0.2915
vn 0.3270 0.9042 -0.2748
vn 0.3864 0.8145 -0.4327
vn -0.5965 0.8014 -0.0436
vn -0.6522 0.7551 -0.0667
vn -0.6999 0.7107 -0.0715
vn -0.6282 0.7738 -0.0814
vn -0.6546 0.7547 0.0433
vn -0.6079 0.7932 0.0375
vn -0.6410 0.7654 0.0569
vn -0.6901 0.7222 0.0466
vn -0.7306 0.6825 -0.0205
vn -0.7232 0.6904 -0.0155
vn -0.7169 0.6972 -0.0054
vn -0.7138 0.7004 0.0021
vn -0.1801 0.8764 -0.4466
vn -0.0155 0.9898 -0.1418
vn 0.0598 0.9602 -0.2729
vn 0.0570 0.7688 -0.6370
vn -0.1039 0.6843 -0.7218
vn 0.0585 0.6791 -0.7317
vn -0.1831 0.7785 -0.6003
vn -0.1264 0.8167 -0.5630
vn 0.2701 0.9477 -0.1700
vn 0.2244 0.9608 0.1630
vn -0.1766 0.6227 -0.7623
vn -0.2681 0.9097 0.3171
vn -0.5160 0.8348 0.1920
vn -0.4846 0.8743 -0.0272
vn -0.2988 0.9299 0.2145
vn -0.1744 0.7629 0.6226
vn -0.1696 0.7904 0.5886
vn -0.0660 0.9403 0.3340
vn -0.1641 0.7853 0.5970
vn -0.1898 0.9037 0.3837
vn -0.1682 0.9432 0.2865
vn -0.1192 0.9409 0.3171
vn -0.1429 0.9127 0.3828
vn -0.6392 0.7591 -0.1235
vn -0.6984 0.7097 -0.0925
vn -0.1587 0.8066 0.5694
vn -0.1945 0.8040 0.5619
vn -0.1496 0.9483 0.2799
vn -0.2175 0.9631 0.1585
vn -0.1417 0.8286 0.5417
vn -0.0091 0.8919 0.4521
vn 0.1193 0.8961 0.4276
vn -0.0791 0.9048 0.4183
vn -0.0486 0.8428 0.5360
vn 0.1390 0.8041 0.5781
vn -0.3990 0.9169 0.0098
vn -0.3548 0.8997 -0.2543
vn -0.4804 0.8460 -0.2315
vn -0.5824 0.7969 0.1605
vn -0.2313 0.9729 0.0058
vn -0.2898 0.9551 -0.0618
vn -0.3580 0.8426 -0.4022
vn -0.2595 0.9631 -0.0717
vn -0.2426 0.9367 0.2524
vn 0.0047 0.9636 0.2673
vn 0.0241 0.9614 -0.2743
vn -0.1479 0.9833 -0.1064
vn -0.2477 0.7350 -0.6312
vn -0.2361 0.7503 -0.6175
vn -0.1609 0.8538 -0.4952
vn -0.2263 0.7782 -0.5858
vn -0.6145 0.7408 -0.2713
vn -0.6226 0.6955 -0.3587
vn -0.4984 0.6911 -0.5235
vn -0.0970 0.8728 0.4784
vn -0.0498 0.8851 0.4626
vn -0.1625 0.8336 0.5279
vn -0.1951 0.8434 0.5006
vn -0.4910 0.7906 -0.3659
vn -0.5421 0.7706 -0.3351
vn -0.3938 0.8739 -0.2849
vn 0.5301 0.8414 0.1051
vn 0.3980 0.8950 0.2015
vn 0.6155 0.7743 0.1473
vn -0.2363 0.9339 -0.2682
vn -0.0472 0.9692 -0.2417
vn -0.0192 -0.9976 0.0660
vn 0.0515 -0.9977 0.0446
vn -0.2906 0.9474 -0.1343
vn -0.1971 0.9733 -0.1173
vn -0.7690 0.1646 0.6177
vn -0.7688 0.1682 0.6170
vn -0.7690 0.1638 0.6179
vn 0.0040 0.9913 -0.1319
vn 0.0042 0.9912 -0.1321
vn -0.0109 0.9928 -0.1194
vn -0.0124 0.9929 -0.1182
vn -0.0116 0.9928 -0.1188
vn -0.0111 0.9928 -0.1193
vn 0.0002 -0.9980 0.0626
vn -0.0769 0.9744 -0.2112
vn -0.0193 0.9702 -0.2417
vn 0.0595 0.8203 -0.5688
vn 0.0656 0.9727 -0.2226
vn -0.1765 0.9543 -0.2410
vn -0.1249 0.9795 -0.1582
vn -0.0026 0.9923 -0.1236
vn -0.1542 0.9710 -0.1826
vn -0.0128 -0.9977 0.0667
vn -0.0067 -1.0000 -0.0067
vn -0.0067 -0.9999 -0.0085
vn -0.0127 -0.9977 0.0659
vn -0.0877 0.9960 -0.0167
vn -0.1484 0.9539 -0.2610
vn -0.1729 0.9454 -0.2763
vn -0.1445 0.9893 -0.0199
vn -0.0034 -1.0000 0.0042
vn -0.0050 -1.0000 0.0058
vn -0.0050 -1.0000 0.0065
vn -0.0034 -1.0000 0.0050
vn -0.0053 0.1999 0.9798
vn -0.0179 0.3880 0.9215
vn -0.0447 0.4024 0.9144
vn -0.0118 0.2058 0.9785
vn -0.0302 0.5614 0.8270
vn -0.0739 0.5719 0.8170
vn -0.0119 -0.7383 0.6744
vn -0.0020 -0.7219 0.6920
vn -0.0019 -0.7214 0.6925
vn -0.0089 -0.7347 0.6783
vn -0.1643 0.9863 0.0116
vn -0.0715 0.9951 -0.0680
vn -0.0161 0.9933 -0.1147
vn -0.1684 0.9856 0.0153
vn 0.5682 0.5974 -0.5659
vn 0.4773 0.5316 -0.6996
vn -0.0009 -1.0000 0.0013
vn -0.0009 -1.0000 0.0017
vn -0.0017 -1.0000 -0.0024
vn -0.0017 -1.0000 -0.0033
vn -0.0347 0.9954 -0.0897
vn -0.0005 0.9960 -0.0898
vn -0.0106 0.9928 -0.1197
vn -0.0673 0.9777 0.1991
vn -0.1415 0.9679 0.2078
vn -0.4632 0.8495 0.2525
vn 0.1306 0.9305 0.3423
vn -0.1263 0.9197 0.3717
vn -0.1236 0.9344 0.3341
vn 0.0161 -0.9998 0.0115
vn 0.0243 -0.9996 0.0173
vn 0.6667 -0.7453 0.0111
vn -0.0016 0.9919 -0.1266
vn -0.0027 0.9921 -0.1257
vn -0.0028 0.9921 -0.1256
vn -0.0010 0.9919 -0.1271
vn 0.0822 0.9772 -0.1956
vn 0.0446 0.9853 -0.1649
vn 0.0039 -1.0000 0.0046
vn 0.4929 0.8383 0.2330
vn 0.3693 0.9214 0.1209
vn -0.0103 0.9927 -0.1199
vn 0.3627 0.8989 -0.2457
vn 0.4273 0.8379 -0.3397
vn 0.5372 0.7943 0.2837
vn 0.5224 0.8120 0.2603
vn 0.5624 0.8254 -0.0501
vn 0.5799 0.8147 -0.0006
vn 0.0059 0.9900 -0.1411
vn -0.1458 0.9893 -0.0045
vn -0.1519 0.9884 0.0008
vn -0.0951 0.9942 -0.0505
vn -0.0060 0.9923 -0.1235
vn 0.0013 0.9916 -0.1295
vn 0.0016 0.9915 -0.1298
vn -0.0097 0.9927 -0.1204
vn -0.0157 0.6427 -0.7659
vn 0.0104 -0.6433 0.7656
vn -0.0311 -0.9875 0.1548
vn -0.0153 -0.9898 0.1416
vn 0.2509 0.8696 -0.4253
vn 0.3726 0.9202 0.1203
vn -0.0916 0.9263 0.3655
vn -0.0688 0.8876 0.4555
vn 0.0050 -0.9984 0.0571
vn -0.1513 0.8110 0.5651
vn -0.1427 0.8068 0.5733
vn -0.6603 0.6662 -0.3466
vn -0.7643 0.6036 -0.2269
vn -0.6505 0.6996 -0.2957
vn -0.5465 0.6674 -0.5060
vn -0.4512 0.8923 0.0137
vn -0.6642 0.7398 -0.1073
vn -0.4262 0.9039 0.0352
vn -0.1238 0.9584 0.2571
vn -0.1597 0.8563 0.4911
vn -0.1317 0.9490 0.2864
vn -0.0439 0.2874 0.9568
vn -0.0146 0.1551 0.9878
vn -0.0736 0.4080 0.9100
vn -0.0001 -0.6929 0.7211
vn -0.0001 -0.6930 0.7210
vn 0.1519 -0.9884 -0.0000
vn 0.1518 -0.9884 0.0001
vn -0.1352 0.9907 -0.0139
vn -0.1315 0.9912 -0.0171
vn -0.0648 0.9692 0.2376
vn -0.1053 0.9941 0.0270
vn -0.0914 0.9957 0.0119
vn -0.0653 0.9720 0.2258
vn -0.0009 -1.0000 0.0005
vn -0.0034 -1.0000 0.0027
vn -0.0034 -1.0000 0.0033
vn -0.0009 -1.0000 0.0008
vn -0.0108 0.9928 -0.1195
vn -0.0116 0.9928 -0.1189
vn -0.1534 0.9600 -0.2342
vn -0.0338 0.9901 -0.1361
vn -0.0715 0.9900 -0.1217
vn -0.1709 0.9656 -0.1959
vn -0.0017 -1.0000 -0.0009
vn -0.0017 -1.0000 -0.0015
vn -0.0067 -1.0000 -0.0036
vn -0.0067 -1.0000 -0.0048
vn 0.0047 0.9912 -0.1325
vn 0.0030 0.9914 -0.1310
vn -0.0648 0.5292 0.8460
vn -0.0280 0.5442 0.8385
vn -0.0171 0.3772 0.9260
vn -0.0406 0.3662 0.9296
vn -0.0058 0.1938 0.9810
vn -0.0062 0.1964 0.9805
vn -0.0051 -1.0000 0.0045
vn -0.0051 -1.0000 0.0050
vn -0.1811 0.9604 -0.2119
vn -0.1560 0.9599 -0.2328
vn -0.0128 -0.9976 0.0683
vn -0.0128 -0.9976 0.0677
vn -0.2639 0.9273 -0.2656
vn -0.2172 0.9394 -0.2653
vn -0.0016 -0.7087 0.7055
vn -0.0016 -0.7040 0.7102
vn -0.0016 -0.7046 0.7096
vn -0.0016 -0.7090 0.7052
vn -0.0154 -0.9898 0.1417
vn -0.0154 -0.9898 0.1416
vn -0.1624 0.9867 0.0058
vn -0.0577 0.9950 -0.0817
vn 0.0002 -0.6930 0.7209
vn 0.0001 -0.6929 0.7211
vn -0.2335 0.9279 0.2905
vn -0.2781 0.8454 0.4560
vn -0.2115 0.9704 -0.1169
vn -0.2521 0.8336 0.4914
vn -0.0876 0.9445 0.3166
vn -0.0736 0.9085 0.4114
vn -0.3256 0.9294 -0.1739
vn -0.3255 0.8895 -0.3206
vn -0.1143 0.9718 -0.2061
vn -0.0832 0.9757 -0.2027
vn -0.0000 -0.9980 0.0627
vn -0.4206 0.8703 -0.2563
vn -0.2657 0.9053 -0.3315
vn -0.2543 0.9510 -0.1760
vn -0.4082 0.9054 -0.1170
vn -0.3815 0.6846 -0.6211
vn -0.3465 0.7103 -0.6128
vn -0.5265 0.8484 -0.0545
vn -0.3065 0.9511 -0.0383
vn -0.1084 0.9651 0.2385
vn -0.1170 0.9428 0.3123
vn -0.0277 0.3219 0.9464
vn -0.0119 0.1746 0.9846
vn -0.0410 0.4630 0.8854
vn -0.2619 0.9573 -0.1221
vn -0.0497 0.9788 -0.1988
vn -0.0091 0.9926 -0.1209
vn -0.0087 0.9926 -0.1213
vn 0.1631 -0.9866 -0.0098
vn 0.1773 -0.9839 -0.0221
vn -0.0186 -0.7463 0.6654
vn 0.0031 -0.9921 0.1255
vn 0.0336 -0.9937 -0.1066
vn -0.0882 0.9948 -0.0514
vn -0.0448 0.9950 -0.0893
vn -0.0430 0.9949 -0.0908
vn -0.0850 0.9949 -0.0541
vn -0.0563 0.9951 -0.0812
vn -0.1028 0.9938 -0.0418
vn -0.0016 -0.7136 0.7005
vn -0.0016 -0.7138 0.7004
vn -0.0698 0.9743 0.2142
vn -0.0881 0.9961 -0.0012
vn -0.0009 -1.0000 0.0010
vn -0.0034 -1.0000 0.0037
vn -0.0476 -0.9951 -0.0863
vn -0.0125 -0.9905 0.1366
vn -0.2557 0.9487 -0.1858
vn -0.1017 0.9897 -0.1008
vn -0.0017 -1.0000 -0.0019
vn -0.0067 -1.0000 -0.0058
vn -0.0115 0.9928 -0.1189
vn -0.0055 0.9923 -0.1239
vn -0.0056 0.9923 -0.1238
vn -0.0117 0.9929 -0.1187
vn -0.0307 0.5512 0.8338
vn -0.0184 0.3815 0.9242
vn -0.0051 0.1983 0.9801
vn -0.0050 -1.0000 0.0054
vn -0.1492 0.9579 -0.2453
vn -0.0128 -0.9977 0.0672
vn -0.3009 0.9123 -0.2779
vn 0.0612 -0.9951 0.0777
vn 0.0753 0.9720 -0.2225
vn 0.1466 0.9513 -0.2713
vn 0.1399 0.9538 -0.2660
vn 0.0763 0.9718 -0.2233
vn -0.1150 0.9572 -0.2657
vn -0.0407 0.9767 -0.2108
vn -0.0068 -1.0000 -0.0027
vn -0.1586 0.9843 0.0772
vn -0.3090 0.9372 -0.1621
vn -0.0035 -1.0000 0.0022
vn -0.0051 -1.0000 0.0041
vn -0.0573 0.1808 0.9818
vn -0.0988 0.3512 0.9311
vn -0.1341 0.5024 0.8542
vn -0.0009 -1.0000 0.0002
vn -0.0017 -1.0000 -0.0004
vn -0.0330 0.9891 -0.1434
vn 0.1657 0.9505 -0.2629
vn 0.1660 0.9504 -0.2631
vn -0.0348 0.9606 0.2757
vn -0.0018 -0.6992 0.7150
vn -0.0017 -0.6999 0.7142
vn -0.2922 -0.8854 0.3614
vn -0.2917 -0.8857 0.3611
vn -0.2922 -0.8854 0.3615
vn -0.3681 0.8606 0.3520
vn -0.3902 0.8586 0.3326
vn -0.3917 0.8726 0.2917
vn 0.7168 0.4968 -0.4893
vn 0.7087 0.4966 -0.5012
vn 0.6330 0.4903 -0.5991
vn -0.0378 0.9947 -0.0952
vn -0.0451 0.9950 -0.0887
vn 0.7407 0.1742 -0.6488
vn -0.0966 0.9652 -0.2428
vn -0.1821 0.9311 -0.3161
vn -0.2494 0.9015 0.3536
vn -0.3223 0.8950 0.3084
vn -0.4056 0.8820 -0.2397
vn -0.1349 0.8735 0.4678
vn -0.1538 0.8912 0.4268
vn 0.5561 0.8114 0.1799
vn 0.2607 0.8843 0.3873
vn 0.3246 0.9027 -0.2824
vn -0.0461 0.9674 -0.2489
vn 0.4848 0.8677 0.1097
vn 0.4231 0.8890 0.1752
vn -0.5443 0.7913 -0.2783
vn -0.5969 0.7668 -0.2362
vn -0.3744 0.9272 -0.0083
vn -0.3610 0.9325 -0.0087
vn -0.3580 0.9123 0.1990
vn -0.3676 0.9113 0.1854
vn -0.3380 0.8391 0.4262
vn -0.3352 0.8414 0.4240
vn -0.3117 0.8194 0.4810
vn -0.4799 0.8074 -0.3432
vn -0.5200 0.7474 -0.4134
vn -0.2779 0.8907 -0.3597
vn -0.8669 0.4858 -0.1118
vn -0.8283 0.5337 -0.1708
vn -0.8944 0.4442 -0.0532
vn -0.8574 0.5141 0.0254
vn -0.9270 0.3751 0.0052
vn -0.8096 0.5851 0.0458
vn -0.2833 0.9575 -0.0549
vn -0.4460 0.8950 -0.0075
vn -0.2653 0.9638 0.0278
vn -0.4648 0.8851 0.0219
vn -0.2915 0.9565 0.0106
vn -0.2900 0.9559 0.0468
vn 0.3414 0.9341 0.1042
vn 0.4134 0.9105 0.0022
vn 0.3887 0.9206 -0.0374
vn 0.2968 0.9542 0.0379
vn 0.2435 0.9646 0.1012
vn -0.3876 0.9211 -0.0363
vn -0.3482 0.9372 -0.0186
vn -0.2271 0.9735 -0.0281
vn -0.2303 0.9724 -0.0362
vn 0.3963 0.9004 -0.1797
vn 0.2917 0.9450 -0.1479
vn 0.3223 0.9464 -0.0227
vn 0.3898 0.9202 0.0364
vn 0.4427 0.8964 -0.0236
vn -0.2655 0.9628 -0.0513
vn -0.2841 0.9586 -0.0197
vn -0.4617 0.8867 -0.0224
vn -0.4219 0.8829 -0.2062
vn -0.1978 0.9499 -0.2419
vn -0.1345 0.8460 -0.5159
vn -0.3599 0.9032 0.2341
vn 0.0926 0.9867 0.1335
vn 0.1620 0.9594 0.2310
vn -0.1443 0.9488 0.2810
vn -0.0397 0.9962 -0.0781
vn 0.0117 0.9964 -0.0834
vn -0.3805 0.9246 -0.0198
vn -0.3682 0.9291 -0.0362
vn 0.2226 0.9657 -0.1333
vn 0.1709 0.9265 -0.3353
vn 0.2710 0.9078 -0.3200
vn 0.3568 0.9248 -0.1317
vn 0.0776 0.9485 -0.3071
vn -0.3152 0.9120 -0.2626
vn -0.0759 0.9204 -0.3836
vn -0.0080 0.9921 0.1252
vn 0.0085 0.9983 0.0572
vn -0.3097 0.9499 0.0427
vn -0.2900 0.9467 0.1401
vn -0.1165 0.9404 0.3195
vn -0.3189 0.8773 0.3585
vn -0.2237 0.8566 0.4650
vn -0.2597 0.9657 -0.0013
vn 0.0110 0.9861 -0.1656
vn -0.2393 0.9480 -0.2099
vn -0.3283 0.9446 -0.0004
vn 0.0051 0.9275 -0.3739
vn -0.0734 0.8900 -0.4500
vn -0.1964 0.8813 -0.4299
vn -0.3531 0.9355 0.0084
vn -0.3982 0.9041 0.1548
vn -0.3421 0.9245 0.1678
vn -0.3286 0.9445 0.0005
vn -0.5100 0.8049 -0.3033
vn -0.2978 0.9191 -0.2579
vn -0.5088 0.8096 -0.2926
vn -0.3616 0.8599 0.3604
vn -0.3090 0.8466 0.4334
vn -0.3279 0.8644 0.3811
vn -0.4468 0.8877 -0.1110
vn -0.5080 0.8610 -0.0262
vn -0.5894 0.8001 -0.1115
vn -0.3434 0.9218 0.1796
vn -0.3440 0.9216 0.1797
vn -0.3280 0.9446 -0.0098
vn -0.3278 0.9447 -0.0101
vn -0.3006 0.8344 0.4621
vn -0.3381 0.8483 0.4074
vn -0.3359 0.8527 0.4001
vn -0.2647 0.9154 -0.3033
vn -0.3267 0.9018 -0.2828
vn -0.3307 0.8973 -0.2925
vn -0.5262 0.8503 -0.0081
vn -0.4706 0.8824 0.0009
vn -0.4627 0.8841 0.0652
vn -0.4008 0.9159 -0.0200
vn -0.4047 0.9118 -0.0692
vn -0.4643 0.8849 -0.0376
vn -0.4911 0.8709 -0.0159
vn -0.3905 0.8906 -0.2333
vn -0.3330 0.7988 -0.5010
vn -0.4155 0.8819 -0.2227
vn -0.6537 0.7533 -0.0720
vn -0.4126 0.9082 -0.0698
vn -0.5066 0.8443 -0.1747
vn -0.6606 0.7381 -0.1371
vn -0.6775 0.7184 -0.1581
vn -0.6511 0.7132 -0.2596
vn -0.8967 0.3790 -0.2288
vn -0.4235 0.9050 0.0400
vn -0.6050 0.7945 0.0520
vn -0.5758 0.8121 0.0950
vn -0.4563 0.8815 0.1214
vn -0.3864 0.8677 0.3127
vn -0.4931 0.8245 0.2777
vn -0.4348 0.8160 0.3809
vn -0.3467 0.8717 -0.3463
vn -0.2270 0.9235 -0.3092
vn -0.2773 0.9157 -0.2907
vn -0.3430 0.9245 0.1665
vn -0.3427 0.9246 0.1664
vn -0.3202 0.9473 -0.0076
vn -0.3196 0.9476 -0.0022
vn -0.2998 0.8426 0.4473
vn -0.3349 0.8560 0.3939
vn -0.3378 0.8583 0.3862
vn -0.3281 0.9446 -0.0097
vn -0.3282 0.9446 -0.0108
vn -0.3455 0.9209 0.1804
vn -0.3446 0.9241 0.1650
vn -0.3810 0.8324 0.4025
vn -0.3640 0.8483 0.3846
vn -0.2959 0.8399 0.4550
vn -0.3646 0.8899 -0.2742
vn -0.3896 0.8676 -0.3091
vn -0.2949 0.9061 -0.3035
vn -0.3280 0.9446 -0.0097
vn -0.3438 0.9218 0.1788
vn -0.3434 0.9220 0.1788
vn -0.3278 0.9447 -0.0093
vn -0.3376 0.8474 0.4099
vn -0.2994 0.8300 0.4706
vn -0.3346 0.8448 0.4176
vn -0.3194 0.9007 -0.2944
vn -0.1807 0.9368 -0.2996
vn -0.1468 0.9567 -0.2515
vn -0.4952 0.8687 -0.0094
vn -0.5122 0.8589 -0.0044
vn -0.4919 0.8706 0.0124
vn -0.4963 0.8681 -0.0018
vn -0.5151 0.8571 -0.0036
vn -0.4865 0.8735 -0.0172
vn -0.4834 0.8754 -0.0060
vn -0.4367 0.8777 -0.1972
vn -0.3513 0.7930 -0.4977
vn -0.4632 0.8647 -0.1944
vn -0.3511 0.9185 0.1818
vn -0.3408 0.9401 -0.0083
vn -0.3295 0.9441 -0.0096
vn -0.3470 0.9176 0.1937
vn -0.3880 0.8175 0.4257
vn -0.3653 0.8364 0.4086
vn -0.3017 0.8256 0.4767
vn -0.1549 0.9387 -0.3079
vn -0.3308 0.8687 -0.3686
vn -0.0843 0.9662 -0.2437
vn -0.6576 0.6688 -0.3466
vn -0.3373 0.8689 -0.3624
vn -0.0173 0.9462 -0.3232
vn -0.3166 0.8147 0.4858
vn -0.2703 0.8815 0.3872
vn -0.2735 0.8665 0.4175
vn -0.3462 0.8639 0.3659
vn -0.3488 0.8631 0.3652
vn -0.3185 0.8115 0.4900
vn -0.2231 0.8910 -0.3955
vn -0.3158 0.8360 -0.4487
vn -0.0608 0.9119 -0.4059
vn -0.3372 0.9134 -0.2279
vn -0.3789 0.9068 -0.1848
vn -0.7679 0.6288 0.1219
vn -0.9073 0.4201 0.0197
vn -0.6375 0.7527 -0.1645
vn -0.8465 0.5324 0.0008
vn -0.3969 0.8899 -0.2250
vn -0.2594 0.9583 -0.1202
vn 0.3833 0.9101 0.1575
vn 0.5041 0.8538 0.1299
vn 0.4306 0.8922 -0.1359
vn 0.5146 0.8431 -0.1563
vn 0.4133 0.8812 -0.2295
vn 0.5772 0.7937 -0.1921
vn 0.4332 0.8920 0.1290
vn 0.5420 0.8330 0.1106
vn -0.4800 0.8366 0.2638
vn -0.3495 0.8531 -0.3874
vn -0.2425 0.7574 -0.6062
vn 0.0670 0.9211 -0.3834
vn 0.0426 0.8718 -0.4880
vn -0.3413 0.9399 0.0012
vn -0.2347 0.9486 0.2121
vn 0.2883 0.9575 -0.0064
vn -0.5182 0.8392 -0.1648
vn -0.4943 0.8513 -0.1758
vn -0.3887 0.8973 -0.2092
vn -0.4958 0.7943 -0.3510
vn -0.5343 0.8441 -0.0445
vn -0.5976 0.7994 -0.0613
vn -0.3371 0.9315 -0.1367
vn -0.3385 0.9306 -0.1390
vn -0.4872 0.8684 -0.0926
vn -0.5719 0.7545 0.3220
vn -0.1150 0.9701 -0.2138
vn -0.1144 0.9865 -0.1170
vn -0.3539 0.9255 -0.1351
vn -0.3424 0.9292 -0.1388
vn -0.3382 0.9310 -0.1371
vn -0.2495 0.9557 -0.1564
vn -0.2466 0.9503 -0.1901
vn -0.3366 0.9140 -0.2264
vn -0.2780 0.9521 0.1274
vn -0.4771 0.8573 -0.1934
vn -0.6141 0.7763 -0.1424
vn -0.3726 0.9162 0.1473
vn -0.3784 0.9138 0.1475
vn -0.3673 0.9110 -0.1875
vn -0.3726 0.9085 -0.1891
vn -0.8381 0.4545 -0.3016
vn -0.4901 0.8576 -0.1558
vn -0.3219 0.9233 -0.2097
vn -0.5883 0.7954 -0.1456
vn 0.0008 -0.9917 0.1283
vn -0.0000 -0.9917 0.1289
vn 0.0368 -0.9945 0.0985
vn -0.3476 0.8908 -0.2926
vn -0.4291 0.8606 -0.2743
vn 0.3329 0.9397 0.0776
vn -0.3994 0.7843 -0.4746
vn -0.1400 0.6502 -0.7467
vn -0.1345 0.6862 -0.7149
vn -0.4101 0.8087 -0.4217
vn -0.5604 0.7896 -0.2500
vn -0.2138 0.9270 -0.3081
vn -0.1935 0.9366 -0.2922
vn -0.2190 0.9442 -0.2460
vn -0.2008 0.9441 -0.2616
vn -0.1934 0.9415 -0.2761
vn -0.8000 0.5871 0.1236
vn -0.8413 0.5405 -0.0126
vn -0.8219 0.5666 0.0591
vn -0.7749 0.6252 0.0926
vn -0.6765 0.7362 0.0164
vn -0.5676 0.8119 -0.1367
vn -0.6316 0.7688 -0.0996
vn 0.3576 0.8366 -0.4150
vn 0.1480 0.9054 -0.3979
vn -0.2630 0.9053 -0.3335
vn 0.0496 0.8942 -0.4449
vn -0.2603 0.9119 0.3174
vn -0.4886 0.7932 0.3634
vn -0.3711 0.8669 0.3327
vn -0.5496 0.7928 -0.2635
vn -0.4915 0.8310 -0.2605
vn -0.6206 0.7820 -0.0579
vn 0.3374 0.8726 -0.3532
vn -0.1162 0.9085 -0.4014
vn -0.1115 0.9032 -0.4145
vn -0.4114 0.7993 -0.4380
vn -0.5273 0.8212 -0.2182
vn -0.4235 0.7967 -0.4312
vn -0.1094 0.9002 -0.4215
vn -0.0858 0.9178 -0.3877
vn 0.2885 0.8907 -0.3512
vn -0.4444 0.8395 -0.3127
vn -0.5679 0.8048 -0.1727
vn -0.4579 0.8512 -0.2566
vn -0.0968 0.9233 -0.3717
vn -0.0773 0.9235 -0.3757
vn 0.3084 0.8885 -0.3399
vn -0.1253 0.9335 0.3360
vn 0.4114 0.7883 -0.4576
vn 0.3270 0.8155 -0.4776
vn -0.3286 0.8455 -0.4210
vn -0.1383 0.9011 -0.4109
vn -0.3933 0.8883 -0.2371
vn -0.4893 0.7775 0.3950
vn -0.4356 0.7388 -0.5142
vn -0.4166 0.7111 -0.5663
vn -0.6427 0.6995 -0.3125
vn -0.5107 0.7962 -0.3246
vn -0.4545 0.6935 -0.5591
vn -0.3594 0.8137 -0.4569
vn -0.3463 0.8754 -0.3374
vn -0.2545 0.9001 -0.3537
vn -0.4179 0.8185 -0.3942
vn -0.3688 0.8685 -0.3312
vn -0.4233 0.8122 -0.4015
vn -0.1207 0.9007 -0.4172
vn -0.0975 0.9206 -0.3781
vn 0.1929 0.8989 -0.3934
vn -0.3609 0.8670 -0.3437
vn -0.4500 0.8476 -0.2813
vn -0.3323 0.8797 -0.3401
vn 0.1820 0.9151 -0.3597
vn -0.1770 0.9255 -0.3349
vn -0.1575 0.9144 -0.3728
vn -0.3295 0.9320 0.1510
vn -0.3242 0.9346 0.1461
vn 0.2968 0.7555 -0.5841
vn 0.3123 0.8196 -0.4803
vn -0.3960 0.7796 -0.4851
vn -0.4206 0.7639 -0.4894
vn -0.1581 0.8753 -0.4571
vn -0.2689 0.8510 -0.4511
vn -0.3745 0.8497 -0.3712
vn -0.3066 0.8398 -0.4481
vn -0.0176 0.5993 -0.8003
vn 0.1482 -0.9890 0.0024
vn -0.3095 0.8397 -0.4461
vn -0.0754 0.9952 -0.0623
vn -0.0736 0.9952 -0.0638
vn -0.3280 0.9447 -0.0010
vn -0.4598 0.8870 -0.0417
vn -0.3393 0.9407 -0.0039
vn -0.3625 0.9316 -0.0263
vn -0.3741 0.9270 -0.0266
vn -0.3735 0.9267 -0.0408
vn -0.3628 0.9310 -0.0407
vn -0.3287 0.9440 -0.0284
vn -0.3286 0.9440 -0.0282
vn -0.3309 0.9427 -0.0422
vn -0.3309 0.9427 -0.0424
vn -0.2616 0.9651 -0.0079
vn -0.2763 0.9608 -0.0219
vn -0.1727 0.9844 -0.0321
vn -0.1415 0.9899 -0.0114
vn -0.3316 0.9430 -0.0291
vn -0.3289 0.9439 -0.0290
vn -0.3317 0.9424 -0.0431
vn -0.3416 0.9388 -0.0434
vn -0.3286 0.9441 -0.0278
vn -0.3287 0.9440 -0.0276
vn -0.3306 0.9429 -0.0417
vn -0.3307 0.9428 -0.0418
vn -0.3309 0.9433 -0.0270
vn -0.3442 0.9385 -0.0270
vn -0.3453 0.9376 -0.0416
vn -0.3329 0.9421 -0.0412
vn -0.3942 0.9189 -0.0146
vn -0.4572 0.8888 -0.0302
vn -0.4698 0.8827 -0.0111
vn -0.3860 0.9225 -0.0012
vn -0.3795 0.9252 -0.0019
vn -0.3912 0.9203 0.0029
vn -0.3722 0.9279 0.0227
vn -0.3938 0.9189 0.0225
vn -0.3831 0.9222 0.0535
vn -0.3833 0.9236 0.0001
vn -0.3863 0.9224 0.0002
vn -0.3863 0.9224 -0.0010
vn -0.2712 0.9624 0.0145
vn -0.3751 0.9260 0.0430
vn -0.4576 0.8890 0.0144
vn -0.3357 0.9414 0.0320
vn -0.2762 0.9611 0.0065
vn -0.3927 0.9197 0.0042
vn -0.4523 0.8919 0.0051
vn -0.4248 0.9053 -0.0043
vn 0.0088 -0.9488 -0.3157
vn -0.1266 -0.9327 -0.3376
vn 0.0874 -0.9036 -0.4193
vn 0.0598 -0.9500 -0.3065
vn 0.0025 -0.6615 -0.7500
vn 0.0086 -0.6607 -0.7506
vn -0.0042 -0.6621 -0.7494
vn 0.0017 0.6647 -0.7471
vn -0.0036 0.6648 -0.7470
vn 0.0065 0.6643 -0.7475
vn 0.0011 -0.6650 -0.7468
vn -0.0018 -0.6640 -0.7477
vn -0.0002 -0.6645 -0.7473
vn 0.0493 -0.7884 -0.6131
vn 0.0462 -0.7809 -0.6229
vn 0.3642 0.2580 -0.8949
vn 0.1426 0.2172 -0.9657
vn 0.2789 0.3261 -0.9033
vn 0.0012 0.1713 -0.9852
vn 0.0135 0.1705 -0.9853
vn 0.0539 0.1125 -0.9922
vn 0.0546 0.1139 -0.9920
vn -0.1066 -0.8053 -0.5832
vn -0.0921 -0.7886 -0.6080
vn -0.0020 0.6603 -0.7510
vn -0.0036 0.6613 -0.7501
vn -0.0000 0.0001 -1.0000
vn 0.0001 0.0459 -0.9989
vn 0.0003 0.0459 -0.9989
vn 0.0008 0.0456 -0.9990
vn 0.0008 0.0455 -0.9990
vn 0.0007 0.0453 -0.9990
vn 0.0085 0.0549 -0.9985
vn 0.0077 0.0541 -0.9985
vn 0.0172 0.0636 -0.9978
vn -0.0037 -0.0000 -1.0000
vn -0.0074 -0.0000 -1.0000
vn -0.7487 -0.6630 -0.0000
vn -0.9764 0.2156 -0.0148
vn -0.8255 0.5644 -0.0089
vn -0.7432 0.6690 0.0075
vn -0.7422 -0.6701 -0.0002
vn -0.7446 -0.6675 -0.0001
vn -0.7481 -0.6636 0.0005
vn 0.0009 0.9916 -0.1292
vn 0.0010 0.9916 -0.1293
vn -0.5577 -0.8254 0.0872
vn -0.7489 -0.6627 0.0008
vn -0.6556 -0.7537 0.0458
vn -0.7485 -0.6632 -0.0000
vn -0.7485 -0.6631 -0.0000
vn -0.9999 -0.0139 -0.0000
vn -0.9968 0.0795 -0.0000
vn -0.9968 0.0799 -0.0001
vn -0.9967 0.0816 -0.0004
vn -0.9999 -0.0140 -0.0000
vn -0.9968 0.0801 -0.0002
vn -1.0000 -0.0022 -0.0054
vn -1.0000 -0.0022 -0.0055
vn -1.0000 -0.0078 -0.0055
vn -0.6217 0.6581 0.4248
vn -0.6167 0.6660 0.4195
vn -0.9997 0.0064 0.0231
vn -0.9830 0.1810 0.0291
vn -0.9968 0.0794 -0.0006
vn -0.9999 -0.0138 -0.0008
vn -0.9919 0.1268 -0.0117
vn -0.9999 -0.0123 -0.0008
vn -0.9999 -0.0138 -0.0006
vn -0.9965 0.0832 -0.0005
vn -0.8625 -0.0007 -0.5060
vn -0.8502 -0.0008 -0.5265
vn -0.8502 -0.0008 -0.5264
vn -0.7240 -0.6898 -0.0033
vn -0.7279 -0.6857 -0.0028
vn -0.7141 0.7000 -0.0040
vn -0.6987 0.7154 -0.0050
vn -0.7198 0.6941 -0.0036
vn -0.0569 0.9951 -0.0807
vn -0.1346 0.9908 -0.0144
vn -0.1348 0.9908 -0.0143
vn -0.0568 0.9951 -0.0808
vn -1.0000 0.0001 -0.0002
vn -1.0000 -0.0000 -0.0000
vn 0.0816 0.9774 -0.1951
vn 0.1643 0.9511 -0.2617
vn 0.1646 0.9509 -0.2620
vn 0.0817 0.9773 -0.1952
vn -0.0042 0.6559 -0.7548
vn -0.0099 0.6518 -0.7584
vn -0.0051 0.6553 -0.7553
vn -0.8316 -0.0008 -0.5554
vn 0.0053 -0.6556 -0.7551
vn 0.0088 -0.6561 -0.7546
vn -0.0017 0.9920 -0.1265
vn -0.0017 0.9920 -0.1266
vn -0.5092 0.8048 0.3051
vn -0.5030 0.8109 0.2990
vn -0.0796 0.9949 -0.0613
vn -0.0795 0.9949 -0.0614
vn 0.8092 0.4902 -0.3239
vn 0.0040 -0.6511 -0.7590
vn 0.0061 -0.6479 -0.7617
vn -0.7124 -0.7017 -0.0049
vn -0.0041 -0.6443 -0.7647
vn 0.0008 -0.6493 -0.7606
vn 0.0008 -0.6494 -0.7604
vn -0.0049 -0.6437 -0.7653
vn 0.0006 0.6615 -0.7499
vn 0.0006 0.6602 -0.7511
vn 0.0006 0.6603 -0.7510
vn 0.0005 0.6616 -0.7498
vn -0.0001 -0.0000 -1.0000
vn -0.2897 -0.8870 0.3596
vn -0.2893 -0.8873 0.3592
vn -0.2899 -0.8869 0.3597
vn -0.2904 -0.8866 0.3601
vn -0.0216 0.9937 -0.1104
vn -0.0214 0.9936 -0.1105
vn -0.3387 0.4256 -0.8391
vn 0.0129 -0.6372 -0.7706
vn 0.0131 0.0252 -0.9996
vn 0.0133 0.0256 -0.9996
vn -0.0000 -0.6561 -0.7546
vn -0.0001 0.0001 -1.0000
vn -0.0001 0.6602 -0.7510
vn -0.0011 0.6612 -0.7502
vn -0.0008 0.6609 -0.7505
vn -0.0000 0.6602 -0.7511
vn 0.0008 -0.6522 -0.7581
vn 0.0008 -0.6531 -0.7573
vn 0.0008 -0.6533 -0.7571
vn 0.0008 -0.6523 -0.7580
vn -0.0022 -0.6573 -0.7536
vn -0.0041 -0.6583 -0.7528
vn -0.0005 -0.0010 -1.0000
vn 0.0086 0.6879 -0.7258
vn -0.0004 0.6561 -0.7547
vn -0.0004 0.6573 -0.7536
vn -0.0099 -0.6399 -0.7684
vn 0.0008 -0.6511 -0.7590
vn 0.0008 -0.6513 -0.7588
vn -0.0005 0.6619 -0.7496
vn -0.0009 0.6619 -0.7496
vn 0.0036 0.6606 -0.7508
vn 0.0065 0.6609 -0.7504
vn 0.0008 -0.6541 -0.7564
vn 0.0008 -0.6544 -0.7561
vn -0.9845 0.1756 -0.0008
vn -0.9677 0.2513 -0.0202
vn -0.9850 0.1726 -0.0003
vn -0.9313 0.3629 0.0300
vn -0.0720 0.9951 -0.0676
vn -0.0719 0.9951 -0.0677
vn -0.2240 0.8215 -0.5243
vn -0.2474 0.8241 -0.5096
vn -0.2195 0.8074 -0.5476
vn -0.3034 0.8276 -0.4723
vn -0.2823 0.7964 -0.5349
vn -0.0633 0.7405 -0.6691
vn -0.8925 0.3571 0.2756
vn -0.9191 0.3559 0.1692
vn -0.9637 0.2440 0.1083
vn -0.9916 0.1152 0.0593
vn -0.9978 0.0504 0.0433
vn -0.9122 0.3006 0.2786
vn -0.9979 -0.0644 0.0121
vn -0.9999 0.0127 0.0104
vn -0.9997 0.0165 0.0192
vn -0.9972 -0.0563 0.0487
vn -0.9998 0.0135 -0.0150
vn -0.9993 0.0328 -0.0193
vn -0.9993 -0.0354 0.0121
vn 0.1137 -0.9932 -0.0231
vn 0.1179 -0.9925 -0.0333
vn 0.1215 -0.9926 0.0033
vn 0.2037 0.8945 -0.3978
vn 0.1469 0.9457 -0.2900
vn 0.3879 0.5941 -0.7047
vn -0.9974 0.0686 -0.0217
vn -0.9938 0.1038 -0.0404
vn -0.9818 0.1781 -0.0655
vn -0.9635 0.2675 -0.0066
vn -0.9661 0.2489 -0.0688
vn -0.9923 0.1236 -0.0125
vn -0.9908 0.1347 0.0101
vn -0.6783 0.5106 0.5284
vn -0.5950 0.6949 0.4038
vn -0.7200 0.6287 0.2940
vn -0.7545 0.4884 0.4384
vn -0.6793 -0.3992 0.6158
vn -0.6925 -0.3916 0.6059
vn -0.7045 -0.3844 0.5965
vn -0.9995 0.0299 0.0081
vn -0.9990 -0.0447 0.0019
vn -0.9999 -0.0108 0.0051
vn -0.9980 0.0611 0.0165
vn -0.9824 0.1816 0.0438
vn -0.9464 0.3109 0.0880
vn -0.9593 0.2810 0.0288
vn -0.9880 0.1526 0.0221
vn -0.3631 0.9207 0.1428
vn -0.2055 0.9783 0.0272
vn 0.0218 0.9851 -0.1707
vn 0.1003 -0.9950 -0.0003
vn 0.1005 -0.9949 0.0132
vn 0.0665 -0.9976 0.0207
vn -0.7837 -0.6211 0.0016
vn -0.7748 -0.6322 0.0018
vn -0.7885 -0.6151 0.0043
vn -0.7884 -0.6151 0.0043
vn 0.4262 -0.7943 -0.4330
vn -0.9390 0.3432 -0.0243
vn -0.9423 0.3268 -0.0723
vn 0.4213 0.4965 -0.7589
vn -0.6649 -0.4743 0.5770
vn -0.7246 0.3978 0.5627
vn -0.7073 0.4609 0.5360
vn -0.7203 0.4416 0.5349
vn -0.7328 0.4039 0.5475
vn -0.7172 0.4366 0.5431
vn -0.7098 0.4236 0.5629
vn -0.7195 -0.3752 0.5844
vn 0.0470 -0.9985 0.0288
vn 0.1045 -0.9942 0.0242
vn -0.7504 -0.6609 0.0100
vn -0.7507 -0.6605 0.0117
vn -0.7596 -0.6504 0.0019
vn -0.7576 -0.6527 0.0019
vn -0.9348 0.3541 0.0275
vn -0.9219 0.3751 0.0969
vn -0.7524 -0.6585 0.0199
vn -0.7865 -0.6176 0.0082
vn -0.4517 -0.8832 0.1259
vn 0.0793 0.9710 -0.2257
vn 0.1189 0.9611 -0.2493
vn -0.8330 0.5499 0.0608
vn -0.7265 0.3959 0.5616
vn -0.7102 0.4567 0.5358
vn -0.6019 0.6889 0.4038
vn -0.4831 0.8297 0.2796
vn -0.7187 -0.3353 0.6092
vn -0.0912 -0.9763 0.1961
vn -0.0025 0.9921 -0.1258
vn -0.0026 0.9921 -0.1258
vn 0.5296 0.6511 -0.5436
vn 0.6040 0.5377 -0.5883
vn 0.5956 0.5525 -0.5831
vn 0.5293 0.6515 -0.5434
vn -0.7675 0.1856 0.6136
vn -0.7673 0.1887 0.6129
vn -0.7677 0.1835 0.6140
vn -0.7679 0.1802 0.6147
vn -0.3037 0.9447 0.1239
vn -0.3029 0.9450 0.1232
vn -0.3047 0.9442 0.1248
vn -0.3055 0.9439 0.1255
vn 0.4410 0.7549 -0.4855
vn 0.4505 0.7448 -0.4923
vn -0.6118 0.6739 0.4143
vn -0.4966 0.8171 0.2927
vn -0.4900 0.8234 0.2863
vn -0.6069 0.6814 0.4091
vn -0.7130 0.4480 0.5394
vn -0.7116 0.4524 0.5376
vn 0.1329 0.9563 -0.2604
vn 0.0217 0.9878 -0.1541
vn 0.0139 0.9889 -0.1477
vn 0.1259 0.9587 -0.2549
vn 0.0773 0.9715 -0.2241
vn 0.0783 0.9712 -0.2249
vn -0.0818 0.9950 -0.0569
vn -0.0413 0.9949 -0.0922
vn -0.0395 0.9948 -0.0937
vn -0.0786 0.9951 -0.0596
vn -0.1699 0.9854 0.0123
vn -0.3426 0.9252 0.1629
vn -0.3360 0.9287 0.1569
vn -0.1661 0.9861 0.0091
vn -0.0717 0.9951 -0.0678
vn -0.0566 0.9951 -0.0809
vn -0.0564 0.9951 -0.0811
vn -0.0716 0.9951 -0.0679
vn -0.0212 0.9936 -0.1107
vn -0.0210 0.9936 -0.1109
vn -0.0016 0.9920 -0.1266
vn -0.2910 -0.8862 0.3605
vn -0.2905 -0.8865 0.3602
vn -0.2911 -0.8861 0.3606
vn -0.2916 -0.8858 0.3610
vn 0.0819 0.9773 -0.1954
vn 0.1650 0.9508 -0.2623
vn 0.1653 0.9506 -0.2626
vn 0.0820 0.9773 -0.1955
vn -0.1349 0.9908 -0.0142
vn -0.1351 0.9907 -0.0141
vn -0.0119 0.9929 -0.1185
vn -0.0058 0.9923 -0.1237
vn -0.0059 0.9923 -0.1236
vn -0.0121 0.9929 -0.1184
vn 0.0044 0.9912 -0.1322
vn 0.0045 0.9912 -0.1324
vn 0.0011 0.9916 -0.1294
vn 0.0012 0.9916 -0.1295
vn -0.0794 0.9949 -0.0615
vn -0.0794 0.9949 -0.0616
vn -0.1456 0.9893 -0.0047
vn -0.1642 0.9864 0.0116
vn -0.1457 0.9893 -0.0046
vn -0.0026 0.9921 -0.1257
vn 0.5289 0.6521 -0.5431
vn 0.5868 0.5675 -0.5776
vn 0.5777 0.5824 -0.5719
vn 0.5284 0.6528 -0.5428
vn -0.7683 0.1750 0.6157
vn -0.7681 0.1784 0.6150
vn -0.7684 0.1733 0.6160
vn -0.7687 0.1698 0.6167
vn -0.3073 0.9431 0.1272
vn -0.3065 0.9434 0.1265
vn -0.3083 0.9426 0.1281
vn -0.3092 0.9422 0.1289
vn 0.4602 0.7344 -0.4990
vn 0.4696 0.7238 -0.5055
vn 0.4221 0.7739 -0.4722
vn 0.5299 0.6507 -0.5439
vn 0.5298 0.6509 -0.5438
vn 0.4315 0.7645 -0.4789
vn -0.3003 0.9462 0.1209
vn -0.2996 0.9465 0.1202
vn -0.3012 0.9457 0.1217
vn -0.3020 0.9454 0.1224
vn -0.0798 0.9949 -0.0612
vn -0.0220 0.9937 -0.1100
vn -0.0218 0.9937 -0.1102
vn -0.0797 0.9949 -0.0613
vn -0.7667 0.1960 0.6114
vn -0.7664 0.1987 0.6108
vn -0.7669 0.1937 0.6119
vn -0.7671 0.1908 0.6125
vn -0.0111 0.9928 -0.1192
vn -0.0113 0.9928 -0.1190
vn -0.1639 0.9864 0.0113
vn -0.0723 0.9951 -0.0674
vn -0.0721 0.9951 -0.0675
vn -0.1639 0.9864 0.0114
vn 0.6194 0.5092 -0.5975
vn 0.6119 0.5233 -0.5930
vn -0.0024 0.9920 -0.1259
vn -0.0025 0.9920 -0.1259
vn 0.0813 0.9774 -0.1949
vn 0.0814 0.9774 -0.1950
vn -0.0572 0.9951 -0.0804
vn -0.0571 0.9951 -0.0805
vn -0.2885 -0.8878 0.3586
vn -0.2880 -0.8881 0.3583
vn -0.2887 -0.8877 0.3588
vn -0.2891 -0.8874 0.3591
vn -0.1344 0.9908 -0.0146
vn -0.1345 0.9908 -0.0145
vn -0.0053 0.9923 -0.1240
vn 0.0007 0.9916 -0.1291
vn 0.0008 0.9916 -0.1292
vn -0.0054 0.9923 -0.1239
vn -0.6312 0.6421 0.4351
vn -0.5206 0.7930 0.3164
vn -0.5151 0.7988 0.3108
vn -0.6264 0.6502 0.4299
vn -0.0482 0.9951 -0.0864
vn -0.0465 0.9950 -0.0878
vn 0.1635 0.9513 -0.2612
vn 0.1639 0.9512 -0.2614
vn -0.7191 0.4280 0.5474
vn -0.7175 0.4333 0.5453
vn 0.1595 0.9462 -0.2815
vn 0.0521 0.9825 -0.1789
vn 0.0448 0.9839 -0.1730
vn 0.1531 0.9488 -0.2764
vn 0.0036 0.9913 -0.1316
vn 0.0038 0.9913 -0.1318
vn 0.0734 0.9725 -0.2209
vn 0.0743 0.9723 -0.2217
vn -0.0945 0.9945 -0.0460
vn -0.0914 0.9946 -0.0487
vn -0.1853 0.9823 0.0257
vn -0.1815 0.9831 0.0224
vn -0.7265 0.3961 0.5616
vn -0.3693 0.9102 0.1873
vn -0.3626 0.9142 0.1812
vn -0.1453 0.9894 -0.0050
vn -0.1454 0.9894 -0.0049
vn 0.1664 0.9469 -0.2752
vn -0.1389 0.9903 -0.0105
vn -0.1599 0.9871 0.0078
vn -0.3708 0.9094 0.1887
vn -0.0967 0.9943 -0.0441
vn -0.0295 0.9943 -0.1026
vn 0.0732 0.9726 -0.2208
vn 0.1077 0.9634 -0.2453
vn -0.0022 0.9920 -0.1261
vn -0.2880 -0.8881 0.3582
vn -0.0022 0.9920 -0.1260
vn 0.6238 0.5007 -0.6001
vn -0.7663 0.1999 0.6106
vn -0.2991 0.9467 0.1198
vt 0.125000 0.500000
vt 0.375000 0.500000
vt 0.375000 0.750000
vt 0.125000 0.750000
vt 0.553392 0.500000
vt 0.625000 0.500000
vt 0.553392 0.500000
vt 0.625000 0.500000
vt 0.625000 0.500000
vt 0.625000 0.500000
vt 0.875000 0.500000
vt 0.875000 0.500000
vt 0.875000 0.500000
vt 0.125000 0.500000
vt 0.637843 0.500000
vt 0.620236 0.502307
vt 0.620236 0.502307
vt 0.875000 0.750000
vt 0.875000 0.750000
vt 0.875000 0.750000
vt 0.875000 0.750000
vt 0.598952 0.750000
vt 0.625000 0.750000
vt 0.598952 0.776048
vt 0.401048 0.750000
vt 0.401048 0.776048
vt 0.598952 1.000000
vt 0.598952 0.980464
vt 0.625000 1.000000
vt 0.401049 1.000000
vt 0.375000 1.000000
vt 0.401048 0.980464
vt 0.598951 1.000000
vt 0.401048 1.000000
vt 0.598952 0.750000
vt 0.598952 0.750000
vt 0.401048 0.750000
vt 0.401048 0.750000
vt 0.401048 0.750000
vt 0.598952 1.000000
vt 0.875000 0.500000
vt 0.875000 0.500000
vt 0.375288 1.000000
vt 0.621546 1.000000
vt 0.620395 1.000000
vt 0.625000 0.750000
vt 0.625000 0.750000
vt 0.401048 0.750000
vt 0.401049 0.750000
vt 0.598952 0.750000
vt 0.401048 1.000000
vt 0.125000 0.750000
vt 0.861859 0.500000
vt 0.861859 0.500000
vt 0.598952 1.000000
vt 0.596718 0.500000
vt 0.596718 0.528282
vt 0.403282 0.500000
vt 0.403282 0.528282
vt 0.596718 0.750000
vt 0.596718 0.721718
vt 0.403282 0.750000
vt 0.403282 0.721718
vt 0.403282 0.500000
vt 0.403282 0.500000
vt 0.596718 0.500000
vt 0.596718 0.750000
vt 0.403282 0.750000
vt 0.381000 0.500000
vt 0.619000 0.500000
vt 0.622000 0.500000
vt 0.378000 0.500000
vt 0.403282 0.500000
vt 0.596718 0.750000
vt 0.619000 0.750000
vt 0.381000 0.750000
vt 0.378000 0.750000
vt 0.403282 0.750000
vt 0.622000 0.750000
vt 0.625000 0.500000
vt 0.625000 0.750000
vt 0.625000 0.750000
vt 0.376500 0.500000
vt 0.378000 0.500000
vt 0.623500 0.500000
vt 0.623500 0.750000
vt 0.622000 0.750000
vt 0.376500 0.750000
vt 0.553392 0.500000
vt 0.875000 0.500000
vt 0.875000 0.500000
vt 0.625000 0.637976
vt 0.625000 0.750000
vt 0.625000 0.500000
vt 0.625000 0.500000
vt 0.636429 0.634883
vt 0.625000 0.612024
vt 0.636429 0.600595
vt 0.636429 0.500000
vt 0.636429 0.511429
vt 0.725595 0.500000
vt 0.759883 0.500000
vt 0.759883 0.511429
vt 0.725595 0.511429
vt 0.725595 0.634883
vt 0.725595 0.600595
vt 0.759883 0.600595
vt 0.759883 0.634883
vt 0.759883 0.738571
vt 0.759883 0.750000
vt 0.725595 0.750000
vt 0.725595 0.738571
vt 0.636429 0.750000
vt 0.625000 0.750000
vt 0.636429 0.738571
vt 0.625000 0.637976
vt 0.636429 0.615117
vt 0.636429 0.649405
vt 0.759883 0.649405
vt 0.725595 0.649405
vt 0.725595 0.615117
vt 0.759883 0.615117
vt 0.774405 0.634883
vt 0.740117 0.634883
vt 0.740117 0.600595
vt 0.774405 0.600595
vt 0.740117 0.511429
vt 0.740117 0.500000
vt 0.774405 0.500000
vt 0.774405 0.511429
vt 0.863571 0.511429
vt 0.863571 0.500000
vt 0.774405 0.750000
vt 0.740117 0.750000
vt 0.740117 0.738571
vt 0.774405 0.738571
vt 0.740117 0.649405
vt 0.740117 0.615117
vt 0.774405 0.615117
vt 0.774405 0.649405
vt 0.863571 0.750000
vt 0.863571 0.738571
vt 0.875000 0.750000
vt 0.863571 0.750000
vt 0.875000 0.750000
vt 0.762976 0.750000
vt 0.740117 0.750000
vt 0.774405 0.750000
vt 0.774405 0.750000
vt 0.740117 0.750000
vt 0.740117 0.750000
vt 0.759883 0.750000
vt 0.737024 0.750000
vt 0.725595 0.750000
vt 0.636429 0.750000
vt 0.759883 0.750000
vt 0.725595 0.750000
vt 0.774405 0.500000
vt 0.740117 0.500000
vt 0.774405 0.500000
vt 0.762976 0.500000
vt 0.737024 0.500000
vt 0.759883 0.500000
vt 0.759883 0.500000
vt 0.725595 0.500000
vt 0.636429 0.500000
vt 0.625000 0.500000
vt 0.863571 0.634883
vt 0.863571 0.600595
vt 0.863571 0.615117
vt 0.863571 0.649405
vt 0.876053 0.750000
vt 0.863571 0.750000
vt 0.623353 0.750000
vt 0.623354 0.500000
vt 0.636429 0.500000
vt 0.625000 0.750000
vt 0.624177 0.750000
vt 0.863571 0.500000
vt 0.624177 0.500000
vt 0.625000 0.544103
vt 0.625000 0.555329
vt 0.875000 0.612024
vt 0.873779 0.614830
vt 0.873383 0.610407
vt 0.875000 0.592921
vt 0.873372 0.634720
vt 0.875354 0.637805
vt 0.875000 0.657041
vt 0.873383 0.639593
vt 0.702365 0.750000
vt 0.680921 0.750000
vt 0.875639 0.750000
vt 0.762976 0.750000
vt 0.807789 0.750000
vt 0.875000 0.750000
vt 0.872729 0.750000
vt 0.875000 0.750000
vt 0.875000 0.750000
vt 0.845477 0.750000
vt 0.860238 0.750000
vt 0.875000 0.750000
vt 0.856829 0.750000
vt 0.853991 0.750000
vt 0.875000 0.750000
vt 0.873864 0.750000
vt 0.875000 0.750000
vt 0.851153 0.750000
vt 0.865914 0.750000
vt 0.875000 0.750000
vt 0.871310 0.750000
vt 0.867619 0.750000
vt 0.873273 0.500000
vt 0.875243 0.500000
vt 0.875180 0.500000
vt 0.875169 0.500000
vt 0.875207 0.500000
vt 0.868679 0.500000
vt 0.852572 0.750000
vt 0.625000 0.750000
vt 0.875000 0.500000
vt 0.875000 0.500000
vt 0.875000 0.500000
vt 0.875000 0.500000
vt 0.875000 0.500000
vt 0.875000 0.500000
vt 0.125000 0.500000
vt 0.875000 0.750000
vt 0.125000 0.750000
vt 0.623273 1.000000
vt 0.622698 1.000000
vt 0.378454 1.000000
vt 0.377302 1.000000
vt 0.125000 0.750000
vt 0.875000 0.750000
vt 0.553392 0.500000
vt 0.875000 0.500000
vt 0.870457 0.750000
vt 0.875500 0.500000
vt 0.875257 0.500000
vt 0.875213 0.500000
vt 0.875353 0.500000
vt 0.875191 0.500000
vt 0.868091 0.500000
vt 0.871545 0.500000
vt 0.865914 0.750000
vt 0.875000 0.750000
vt 0.125000 0.750000
vt 0.125000 0.750000
vt 0.125000 0.750000
vt 0.875000 0.500000
vt 0.624424 1.000000
vt 0.623849 1.000000
vt 0.376439 1.000000
vt 0.376151 1.000000
vt 0.872729 0.750000
vt 0.875000 0.500000
vt 0.875280 0.500000
vt 0.875000 0.500000
vt 0.870457 0.750000
vt 0.875000 0.500000
vt 0.379605 1.000000
vt 0.376727 1.000000
vt 0.875000 0.750000
vt 0.125000 0.500000
vt 0.623561 1.000000
vt 0.125000 0.750000
vt 0.624712 1.000000
vt 0.375576 1.000000
vt 0.619000 0.500000
vt 0.619000 0.500000
vt 0.553392 0.500000
vt 0.875000 0.750000
vt 0.875000 0.742247
vt 0.875000 0.741999
vt 0.875000 0.518331
vt 0.875000 0.500000
vt 0.875000 0.736251
vt 0.875000 0.736823
vt 0.875012 0.637970
vt 0.875000 0.638522
vt 0.875000 0.656175
vt 0.875000 0.736823
vt 0.875000 0.737023
vt 0.875000 0.741393
vt 0.875000 0.512688
vt 0.875000 0.513215
vt 0.875000 0.500000
vt 0.875000 0.508607
vt 0.875000 0.512974
vt 0.875000 0.513215
vt 0.875000 0.593788
vt 0.875000 0.611475
vt 0.875000 0.612024
vt 0.874993 0.500000
vt 0.874958 0.500000
vt 0.874993 0.500000
vt 0.874942 0.500000
vt 0.874758 0.500000
vt 0.874985 0.500000
vt 0.875000 0.741690
vt 0.875000 0.741863
vt 0.875000 0.508310
vt 0.875000 0.508137
vt 0.875000 0.738080
vt 0.875000 0.739114
vt 0.874789 0.500000
vt 0.875000 0.741010
vt 0.875000 0.740537
vt 0.875000 0.500000
vt 0.875000 0.511816
vt 0.874833 0.500000
vt 0.874889 0.500000
vt 0.873330 0.500000
vt 0.873557 0.500000
vt 0.873639 0.500000
vt 0.875000 0.515446
vt 0.875000 0.513430
vt 0.875000 0.736569
vt 0.875000 0.734552
vt 0.875000 0.740015
vt 0.875000 0.739495
vt 0.875000 0.740474
vt 0.875000 0.740084
vt 0.875000 0.750000
vt 0.875000 0.741267
vt 0.875000 0.741630
vt 0.875000 0.512371
vt 0.874902 0.500000
vt 0.874946 0.500000
vt 0.874044 0.500000
vt 0.874258 0.500000
vt 0.874370 0.500000
vt 0.875000 0.741955
vt 0.875000 0.741677
vt 0.875000 0.750000
vt 0.875031 0.750000
vt 0.875000 0.742148
vt 0.872166 0.500000
vt 0.871786 0.500000
vt 0.875000 0.500000
vt 0.875000 0.500813
vt 0.875000 0.511918
vt 0.875000 0.500000
vt 0.816095 0.500000
vt 0.762976 0.500000
vt 0.764558 0.500000
vt 0.857968 0.500000
vt 0.843949 0.500000
vt 0.864247 0.500000
vt 0.635720 0.500000
vt 0.652926 0.500000
vt 0.640256 0.500000
vt 0.703248 0.500000
vt 0.732418 0.500000
vt 0.737024 0.500000
vt 0.864646 0.500000
vt 0.864953 0.500000
vt 0.635007 0.500000
vt 0.635321 0.500000
vt 0.865388 0.500000
vt 0.865167 0.500000
vt 0.634576 0.500000
vt 0.634793 0.500000
vt 0.865150 0.500000
vt 0.864971 0.500000
vt 0.634811 0.500000
vt 0.634989 0.500000
vt 0.617550 0.500000
vt 0.640255 0.500000
vt 0.852802 0.500000
vt 0.866399 0.500000
vt 0.869380 0.500000
vt 0.867623 0.500000
vt 0.632142 0.500000
vt 0.630364 0.500000
vt 0.877433 0.500000
vt 0.882418 0.500000
vt 0.862583 0.500000
vt 0.618641 0.500000
vt 0.623110 0.500000
vt 0.637993 0.500000
vt 0.634476 0.500000
vt 0.652434 0.500000
vt 0.865488 0.500000
vt 0.847549 0.500000
vt 0.875000 0.630354
vt 0.875000 0.476894
vt 0.875000 0.511918
vt 0.875000 0.622320
vt 0.875000 0.620716
vt 0.875000 0.504398
vt 0.875000 0.504552
vt 0.875000 0.630571
vt 0.875000 0.628334
vt 0.875000 0.504972
vt 0.875000 0.505195
vt 0.875000 0.632532
vt 0.875000 0.635261
vt 0.875000 0.505362
vt 0.875000 0.506019
vt 0.875000 0.634484
vt 0.875000 0.631242
vt 0.875000 0.505185
vt 0.875000 0.505376
vt 0.875000 0.626282
vt 0.875000 0.624224
vt 0.875000 0.504691
vt 0.875000 0.504862
vt 0.875000 0.623738
vt 0.875000 0.621485
vt 0.875000 0.504552
vt 0.875000 0.504698
vt 0.875000 0.622327
vt 0.875000 0.504462
vt 0.875000 0.504830
vt 0.875000 0.504849
vt 0.875000 0.504896
vt 0.875000 0.735585
vt 0.875000 0.736027
vt 0.875000 0.742193
vt 0.875000 0.618970
vt 0.875000 0.614303
vt 0.875000 0.623235
vt 0.875000 0.735048
vt 0.875000 0.744866
vt 0.875000 0.736069
vt 0.875000 0.744682
vt 0.875000 0.602838
vt 0.875000 0.584189
vt 0.875000 0.622730
vt 0.875000 0.612001
vt 0.446608 0.428392
vt 0.446608 0.500000
vt 0.446608 0.250000
vt 0.446608 0.303706
vt 0.375000 0.250000
vt 0.446608 0.250000
vt 0.446608 0.250000
vt 0.625000 0.250000
vt 0.553392 0.250000
vt 0.446608 0.500000
vt 0.446608 0.250000
vt 0.553392 0.428392
vt 0.553392 0.303706
vt 0.625000 0.250000
vt 0.446608 0.250000
vt 0.424204 0.200796
vt 0.424204 0.250000
vt 0.375000 0.000000
vt 0.424204 0.000000
vt 0.424204 0.036903
vt 0.575796 0.250000
vt 0.575796 0.250000
vt 0.424204 0.250000
vt 0.575796 0.000000
vt 0.575796 0.036903
vt 0.575796 0.250000
vt 0.575796 0.200796
vt 0.575796 0.250000
vt 0.611953 0.250000
vt 0.388047 0.250000
vt 0.381524 0.250000
vt 0.618476 0.250000
vt 0.615215 0.250000
vt 0.375815 0.250000
vt 0.384785 0.250000
vt 0.553392 0.250000
vt 0.620107 0.250000
vt 0.553392 0.250000
vt 0.621738 0.250000
vt 0.623369 0.250000
vt 0.378262 0.250000
vt 0.379077 0.250000
vt 0.375000 0.250000
vt 0.379893 0.250000
vt 0.620923 0.250000
vt 0.624185 0.250000
vt 0.376631 0.250000
vt 0.611100 0.247770
vt 0.612419 0.250000
vt 0.611100 0.000492
vt 0.612419 0.000000
vt 0.615473 0.245180
vt 0.568512 0.000000
vt 0.582438 0.000000
vt 0.561722 0.000000
vt 0.437540 0.000000
vt 0.406059 0.000000
vt 0.418571 0.000000
vt 0.406775 0.000000
vt 0.435618 0.000000
vt 0.437628 0.000000
vt 0.406771 0.000000
vt 0.438597 0.000000
vt 0.424204 0.000000
vt 0.406771 0.000000
vt 0.395014 0.000000
vt 0.414360 0.000000
vt 0.370148 0.000000
vt 0.616337 0.000000
vt 0.623958 0.000000
vt 0.600415 0.000000
vt 0.575796 0.000000
vt 0.557044 0.000000
vt 0.584568 0.000000
vt 0.583871 0.000000
vt 0.558186 0.000000
vt 0.564362 0.000000
vt 0.567395 0.000000
vt 0.614878 0.000000
vt 0.609642 0.000000
vt 0.582684 0.000000
vt 0.398115 0.000000
vt 0.424129 0.000000
vt 0.402076 0.000000
vt 0.384210 0.000000
vt 0.434933 0.000000
vt 0.407019 0.000000
vt 0.406927 0.000000
vt 0.435379 0.000000
vt 0.564295 0.000000
vt 0.581540 0.000000
vt 0.581228 0.000000
vt 0.565077 0.000000
vt 0.614124 0.000000
vt 0.620227 0.000000
vt 0.615154 0.000000
vt 0.396622 0.000000
vt 0.379684 0.000000
vt 0.398344 0.000000
vt 0.000000 0.000000
vt 0.578196 1.000000
vt 0.402741 1.000000
vt 0.587676 1.000000
vt 0.401049 1.000000
vt 0.407064 1.000000
vt 0.875000 0.750000
vt 0.389400 1.000000
vt 0.125000 0.750000
vt 0.861859 0.500000
vt 0.637843 0.500000
vt 0.620395 1.000000
vt 0.553392 0.500000
vt 0.553392 0.500000
vt 0.875000 0.500000
vt 0.620236 0.502307
vt 0.861859 0.500000
vt 0.637843 0.500000
vt 0.620236 0.502307
vt 0.861859 0.500000
vt 0.553392 0.500000
vt 0.553392 0.500000
vt 0.553392 0.500000
vt 0.553392 0.500000
vt 0.598952 1.000000
s 1
usemtl Material
f 3/1/1 1/2/1 2/3/1 4/4/1
f 538/1/1 539/4/1 6/4/1 5/1/1
f 544/1/1 538/1/1 5/1/1 30/1/1
f 29/2/1 28/1/1 7/1/1 8/2/1
f 543/4/1 542/4/1 14/4/2 24/4/1
f 25/4/1 23/3/1 12/3/1 13/4/1
f 345/2/1 340/2/1 19/2/3 31/2/1
f 339/3/1 338/2/1 18/2/1 17/3/1
f 344/3/1 339/3/1 17/3/1 27/3/1
f 342/3/1 344/3/1 27/3/1 21/3/4
f 4/4/1 2/3/1 23/3/1 25/4/1
f 539/4/1 543/4/1 24/4/1 6/4/1
f 338/2/1 345/2/1 31/2/1 18/2/1
f 1/2/1 3/1/1 28/1/1 29/2/1
f 540/1/1 544/1/1 30/1/1 10/1/5
f 39/5/6 40/6/7 41/7/8
f 368/8/9 341/9/10 20/6/11 294/10/12
f 295/2/13 296/1/13 35/1/14 34/2/15
f 367/2/13 348/2/16 42/2/17 297/2/18
f 555/11/19 558/11/20 38/11/21 298/12/22
f 554/1/13 540/1/1 10/1/5 299/1/23
f 474/1/24 466/4/24 44/4/25 43/1/25
f 475/1/24 474/1/24 43/1/25 50/1/25
f 466/4/24 467/4/24 49/4/26 44/4/25
f 473/11/27 469/11/28 51/13/29 301/11/30
f 477/1/31 475/1/24 50/1/25 46/1/32
f 472/14/33 477/1/31 46/1/32 300/1/34
f 37/1/35 569/1/36 1058/1/37 950/1/38
f 467/4/24 476/4/39 47/4/40 49/4/26
f 1309/15/41 1339/16/42 1066/17/43 1065/15/44
f 1259/18/45 1260/19/46 1000/20/47 1001/21/48
f 1260/19/46 1241/11/49 999/11/50 1000/20/47
f 53/22/51 54/23/52 55/24/53
f 56/25/54 57/26/55 58/3/56
f 59/27/57 60/28/58 61/29/59
f 62/30/60 63/31/61 64/32/62
f 67/29/63 68/33/64 69/27/65
f 70/34/66 71/34/67 72/31/68
f 73/23/69 74/35/70 75/36/71
f 76/37/72 77/3/73 78/38/74
f 64/32/75 60/28/58 59/27/57 62/30/76
f 55/24/53 57/26/77 56/25/78 53/22/51
f 54/23/52 61/29/59 60/28/58 55/24/53
f 63/31/61 58/3/56 57/26/55 64/32/62
f 349/39/79 56/25/54 58/3/56 350/3/80
f 403/31/81 63/31/61 62/30/60 404/34/81
f 547/29/82 67/29/63 69/27/65 560/40/83
f 68/33/64 71/34/84 70/34/85 69/27/65
f 351/36/86 74/35/70 73/23/69 352/23/87
f 78/38/88 75/36/89 74/35/70 76/37/90
f 1247/41/91 1263/11/92 981/41/92 1127/42/91
f 570/43/93 72/31/68 71/34/67 577/34/94
f 471/44/95 80/45/96 79/27/97 480/27/98
f 351/36/86 349/39/99 76/37/90 74/35/70
f 57/26/77 55/24/53 60/28/58 64/32/75
f 370/46/100 352/23/101 73/23/102 323/47/103
f 369/3/104 342/3/1 21/3/4 325/3/105
f 326/4/104 324/3/104 58/3/106 63/4/106
f 546/34/107 560/40/83 69/27/65 70/34/85
f 557/4/104 559/4/106 72/4/108 327/4/109
f 372/36/110 373/48/111 66/49/112 65/50/112
f 470/51/113 480/27/98 79/27/97 81/34/114
f 483/4/115 479/4/116 82/52/117 329/4/118
f 1310/53/119 1309/15/120 1065/15/121 1067/54/121
f 1271/42/122 1242/42/123 1131/11/124 1130/11/125
f 1274/34/126 1246/27/127 1137/55/128 1136/34/126
f 83/56/129 84/6/130 85/57/131
f 86/58/132 87/59/132 88/2/132
f 89/60/133 90/61/131 91/23/134
f 92/62/132 93/3/132 94/63/132
f 95/64/135 96/65/136 97/2/137
f 98/56/138 99/66/139 100/6/140
f 101/23/141 102/67/142 103/60/143
f 104/68/144 105/3/145 106/62/146
f 107/62/132 108/62/147 109/3/148
f 110/60/149 111/60/150 112/23/151
f 113/2/148 114/58/147 115/65/132
f 116/6/152 117/56/153 118/56/154
f 85/57/131 87/59/155 86/58/155 83/56/129
f 89/60/133 92/62/155 94/63/155 90/61/131
f 84/6/130 91/23/134 90/61/131 85/57/131
f 93/3/132 88/2/132 87/59/132 94/63/132
f 109/3/148 93/3/132 92/62/132 107/62/132
f 115/65/132 86/58/132 88/2/132 113/2/148
f 118/56/154 98/56/138 100/6/140 116/6/152
f 95/64/156 99/66/157 98/56/138 96/65/158
f 112/23/151 101/23/141 103/60/143 110/60/149
f 102/67/159 104/68/160 106/62/161 103/60/143
f 105/3/145 109/3/148 108/62/147 106/62/146
f 91/23/134 112/23/151 111/60/150 89/60/133
f 110/60/149 108/62/162 107/62/163 111/60/150
f 96/65/136 114/58/147 113/2/148 97/2/137
f 83/56/129 117/56/153 116/6/152 84/6/130
f 114/58/164 118/56/154 117/56/153 115/65/165
f 119/66/166 121/58/167 122/69/168 120/70/169
f 302/71/170 100/6/140 99/66/139 303/66/171
f 304/72/172 122/69/173 121/58/173 305/73/174
f 125/62/175 123/74/176 124/75/177 126/76/178
f 330/77/179 105/3/145 104/68/144 331/78/180
f 332/79/181 124/75/177 123/74/176 333/74/182
f 374/80/183 375/81/184 91/23/185 84/6/186
f 83/56/129 86/58/155 115/65/165 117/56/153
f 87/59/155 85/57/131 90/61/131 94/63/155
f 376/6/187 374/80/183 84/6/186 116/6/188
f 377/2/189 378/2/189 113/2/190 88/2/190
f 379/3/189 377/2/189 88/2/190 93/3/190
f 92/62/155 89/60/133 111/60/150 107/62/163
f 375/81/184 380/82/191 112/23/192 91/23/185
f 381/3/189 379/3/189 93/3/190 109/3/190
f 391/83/193 383/84/194 122/69/195 304/72/196
f 118/56/154 114/58/164 96/65/158 98/56/138
f 378/2/189 382/2/197 97/2/198 113/2/190
f 303/66/199 305/73/200 121/58/201 119/66/201
f 384/6/202 376/6/187 116/6/188 100/6/203
f 390/85/204 384/6/202 100/6/203 302/71/170
f 380/82/191 386/23/205 101/23/206 112/23/192
f 108/62/162 110/60/149 103/60/143 106/62/161
f 393/86/207 387/87/208 124/75/177 332/79/181
f 331/78/209 333/74/210 123/74/211 125/62/211
f 392/88/212 389/3/213 105/3/214 330/77/215
f 389/3/213 381/3/189 109/3/190 105/3/214
f 371/89/216 41/7/8 40/6/7 385/71/217
f 1313/90/218 1330/91/219 1037/11/220 996/13/221
f 383/84/194 42/2/17 960/2/222 1023/84/223
f 372/36/224 65/50/225 124/75/177 387/87/226
f 65/50/225 66/49/227 126/76/178 124/75/177
f 373/48/228 78/38/74 77/3/73 388/77/229
f 133/92/230 134/93/231 135/23/232
f 140/23/233 141/23/234 142/23/235
f 353/94/236 136/95/237 137/6/238 354/6/239
f 355/23/240 139/23/241 138/46/241 356/23/242
f 142/23/235 135/23/232 134/93/231 140/23/233
f 139/23/243 142/23/235 141/23/234 138/46/244
f 564/11/245 284/11/246 127/11/247 548/90/248
f 365/23/249 287/81/250 139/23/243 355/23/240
f 289/82/251 288/23/252 135/23/232 142/23/235
f 287/81/250 289/82/251 142/23/235 139/23/243
f 145/96/253 146/97/254 147/98/255
f 148/80/256 149/99/257 150/100/258
f 151/101/259 152/102/260 153/103/261 154/104/262
f 155/105/263 156/106/264 157/107/265 158/108/266
f 159/109/267 160/110/268 161/111/269 162/112/270
f 163/113/271 164/114/272 165/115/273
f 166/116/274 167/117/275 168/118/276
f 169/119/277 170/120/278 171/121/279 172/122/280
f 175/123/281 176/124/282 177/125/283 178/126/284
f 179/127/285 180/128/286 181/129/287 182/130/288
f 183/131/289 184/132/290 185/12/291
f 186/133/292 187/134/293 188/135/294 189/136/295
f 190/137/296 191/138/297 192/139/298 193/140/299
f 196/141/300 197/142/301 198/143/302
f 199/144/303 200/145/304 201/141/305
f 204/146/306 205/147/307 206/148/308
f 207/149/309 208/148/310 209/150/311 210/151/312
f 211/152/313 212/153/314 213/154/315
f 216/23/316 217/155/317 218/155/318
f 219/156/319 220/154/320 221/157/321 222/156/322
f 224/11/323 225/132/324 226/132/325
f 227/158/326 228/159/327 229/128/328 230/158/329
f 231/160/330 232/159/331 233/161/332
f 234/162/333 235/163/334 236/101/335
f 237/164/336 238/164/337 239/165/338 240/101/339
f 241/166/340 242/167/341 243/166/342
f 155/105/343 145/96/253 147/98/255 156/106/344
f 146/97/254 148/80/256 150/100/258 147/98/255
f 149/99/257 151/101/345 154/104/346 150/100/258
f 153/103/261 157/107/265 156/106/264 154/104/262
f 169/119/277 159/109/267 162/112/270 170/120/278
f 161/111/269 163/113/347 165/115/348 162/112/349
f 164/114/272 166/116/274 168/118/276 165/115/273
f 167/117/275 171/121/350 170/120/351 168/118/276
f 173/168/352 175/123/281 178/126/284 174/169/353
f 177/125/283 179/127/285 182/130/288 178/126/284
f 181/129/287 184/132/290 183/131/289 182/130/288
f 196/141/300 186/133/292 189/136/295 197/142/301
f 188/135/294 190/137/296 193/140/299 189/136/295
f 192/139/298 194/170/354 195/171/355 193/140/299
f 207/149/309 199/144/303 201/141/305 208/148/310
f 200/145/304 202/172/356 203/173/357 201/141/305
f 202/172/356 204/146/306 206/148/308 203/173/357
f 205/147/307 209/150/311 208/148/310 206/148/308
f 219/156/319 211/152/313 213/154/358 220/154/320
f 212/153/314 214/174/359 215/155/360 213/154/358
f 214/174/359 216/23/316 218/155/318 215/155/360
f 217/155/317 221/157/321 220/154/320 218/155/318
f 225/132/361 227/158/326 230/158/329 226/132/362
f 229/128/328 232/159/331 231/160/363 230/158/329
f 245/175/364 234/162/333 236/101/335 244/176/365
f 235/163/334 237/164/336 240/101/339 236/101/335
f 239/165/366 241/166/367 243/166/368 240/101/369
f 242/167/341 245/175/370 244/176/371 243/166/342
f 172/122/280 191/138/297 190/137/296 169/119/277
f 187/134/293 160/110/268 159/109/267 188/135/294
f 158/108/266 172/122/280 171/121/279 155/105/263
f 166/116/274 146/97/254 145/96/253 167/117/275
f 191/138/297 176/124/282 175/123/281 192/139/298
f 176/124/282 158/108/266 157/107/265 177/125/283
f 152/102/260 180/128/286 179/127/285 153/103/261
f 210/151/312 187/134/293 186/133/292 207/149/309
f 198/143/302 200/145/304 199/144/303 196/141/300
f 160/110/268 222/156/322 221/157/321 161/111/269
f 216/23/316 164/114/272 163/113/271 217/155/317
f 204/146/306 212/153/314 211/152/313 205/147/307
f 222/156/322 210/151/312 209/150/311 219/156/319
f 180/128/286 228/159/327 227/158/326 181/129/287
f 224/11/323 185/12/291 184/132/290 225/132/324
f 148/80/256 242/167/341 241/166/340 149/99/257
f 238/164/337 152/102/260 151/101/259 239/165/338
f 234/162/333 233/161/332 232/159/331 235/163/334
f 228/159/327 238/164/337 237/164/336 229/128/328
f 155/105/343 171/121/350 167/117/275 145/96/253
f 147/98/255 150/100/258 154/104/346 156/106/344
f 357/97/372 358/92/373 133/92/230 132/97/374
f 357/97/372 132/97/374 131/9/375 359/6/376
f 360/6/377 359/6/376 131/9/375 144/6/378
f 149/99/257 241/166/367 239/165/366 151/101/345
f 177/125/283 157/107/265 153/103/261 179/127/285
f 180/128/286 152/102/260 238/164/337 228/159/327
f 158/108/266 176/124/282 191/138/297 172/122/280
f 169/119/277 190/137/296 188/135/294 159/109/267
f 162/112/349 165/115/348 168/118/276 170/120/351
f 160/110/268 187/134/293 210/151/312 222/156/322
f 161/111/269 221/157/321 217/155/317 163/113/347
f 358/92/373 166/116/379 164/114/272 361/46/380
f 361/46/380 362/177/381 140/23/233 134/93/231
f 174/169/353 178/126/284 182/130/288 183/131/289
f 192/139/298 175/123/281 173/168/352 194/170/354
f 181/129/287 227/158/326 225/132/361 184/132/290
f 207/149/309 186/133/292 196/141/300 199/144/303
f 189/136/295 193/140/299 195/171/355 197/142/301
f 201/141/305 203/173/357 206/148/308 208/148/310
f 205/147/307 211/152/313 219/156/319 209/150/311
f 213/154/358 215/155/360 218/155/318 220/154/320
f 363/178/382 356/23/242 138/46/244 141/23/234
f 363/178/382 141/23/234 140/23/233 362/177/381
f 223/179/383 226/132/362 230/158/329 231/160/363
f 235/163/334 232/159/331 229/128/328 237/164/336
f 236/101/384 240/101/369 243/166/368 244/176/384
f 360/6/377 144/6/378 143/6/385 364/180/386
f 353/94/236 364/180/386 143/6/385 136/95/237
f 246/6/387 247/6/388 248/181/389 249/182/390
f 250/6/391 251/6/392 252/6/393 253/6/394
f 246/6/387 251/6/392 250/6/391 247/6/388
f 247/6/388 250/6/391 144/6/378 131/9/375
f 15/6/395 32/6/396 251/6/392 246/6/387
f 131/9/375 132/97/374 248/181/389 247/6/388
f 135/23/232 249/182/390 248/181/389 132/97/374 133/92/230
f 16/23/397 15/6/395 246/6/387 249/182/390 135/23/232 288/23/252 615/114/398 585/23/399
f 253/6/394 252/6/393 137/6/238 136/95/237 143/6/385
f 32/6/396 20/6/11 583/6/400 613/6/401 285/6/402 137/6/238 252/6/393 251/6/392
f 143/6/385 144/6/378 250/6/391 253/6/394
f 254/183/403 255/184/404 256/185/405 257/186/406
f 258/187/407 259/188/408 260/189/409 261/190/410
f 254/183/403 259/188/408 258/187/407 255/184/404
f 185/12/291 257/186/406 256/185/405 174/169/411 183/131/289
f 256/185/405 255/184/404 173/168/412 174/169/411
f 255/184/404 258/187/407 194/170/413 173/168/412
f 194/170/413 258/187/407 261/190/410 195/171/414
f 261/190/410 260/189/409 198/143/302 197/142/301 195/171/414
f 262/153/415 263/191/416 264/192/417
f 265/145/418 266/193/419 267/145/420
f 269/194/421 266/193/419 265/145/418 268/195/422
f 262/153/415 269/194/421 268/195/422 263/191/416
f 212/153/314 262/153/415 264/192/417 128/23/423 214/174/359
f 128/23/423 264/192/417 263/191/416 129/23/424
f 212/153/314 204/146/306 269/194/421 262/153/415
f 269/194/421 204/146/306 202/172/425 266/193/419
f 549/21/426 272/196/427 273/145/428 561/197/429
f 410/198/430 274/199/431 275/200/432 411/201/433
f 587/202/434 270/202/435 271/203/436 591/204/437
f 588/145/438 273/145/428 272/196/427 592/145/439
f 415/205/440 290/145/441 274/199/431 410/198/430
f 556/206/442 561/197/429 273/145/428 335/207/443
f 291/208/444 286/23/445 129/23/424 275/200/432
f 322/23/446 334/209/447 61/145/448 54/23/449
f 482/210/450 481/198/451 48/143/452 328/207/453
f 265/145/454 267/145/455 130/198/455 277/145/456 550/211/457 451/212/458 411/201/455 275/200/432
f 275/200/432 129/23/424 263/191/416 268/195/459
f 265/145/454 275/200/432 268/195/459
f 548/90/248 127/11/247 280/11/460 551/213/461
f 552/214/462 563/215/463 279/216/464 281/217/465
f 233/161/332 283/218/466 223/179/467 231/160/468
f 283/218/466 224/11/323 226/132/325 223/179/467
f 603/219/469 614/23/470 286/23/445 291/208/444
f 608/198/471 617/145/472 290/145/441 415/205/440
f 277/145/456 292/198/473 293/143/474 276/145/475
f 274/199/431 290/145/441 291/208/444 275/200/432
f 602/220/476 616/23/477 289/82/251 287/81/250
f 616/23/477 615/114/398 288/23/252 289/82/251
f 606/23/478 602/220/476 287/81/250 365/23/249
f 612/221/479 601/222/480 284/11/246 564/11/245
f 385/71/217 390/85/204 302/71/170 120/70/169
f 99/66/157 95/64/156 305/73/200 303/66/199
f 382/2/197 391/83/193 304/72/196 97/2/198
f 97/2/137 304/72/172 305/73/174 95/64/135
f 120/70/169 302/71/170 303/66/171 119/66/166
f 478/1/481 472/14/33 300/1/34 52/1/482
f 468/223/483 473/11/27 301/11/30 45/11/484
f 1320/11/485 1310/53/486 1067/54/487 1068/11/487
f 1262/11/488 1271/42/122 1130/11/125 982/11/489
f 1311/224/490 1328/11/491 1060/11/492 1052/42/493
f 545/1/494 554/1/13 299/1/23 37/1/35
f 541/225/495 555/11/19 298/12/22 9/11/496
f 340/2/1 367/2/13 297/2/18 19/2/3
f 8/2/1 7/1/1 296/1/13 295/2/13
f 347/6/497 368/8/9 294/10/12 40/6/498
f 486/226/499 491/11/500 321/11/501 311/226/502
f 498/1/503 490/227/504 320/1/505 314/1/506
f 493/145/507 501/228/508 319/205/509 336/145/510
f 492/229/511 499/4/512 315/4/513 337/52/514
f 488/34/515 500/33/516 318/33/517 316/34/518
f 489/230/519 317/231/520 318/33/517 500/33/516
f 479/232/521 315/233/522 316/34/523 470/51/524
f 1312/11/525 1326/11/526 1064/11/527 1061/11/528
f 1339/16/42 1333/5/529 936/89/530 1066/17/43
f 485/4/1 496/234/531 310/4/532 309/4/1
f 490/227/504 497/1/533 313/1/534 320/1/505
f 497/1/533 495/1/1 308/1/1 313/1/534
f 491/11/500 487/11/535 312/11/536 321/11/501
f 484/4/1 485/4/1 309/4/1 307/4/1
f 495/1/1 494/1/1 306/1/1 308/1/1
f 494/1/1 484/4/1 307/4/1 306/1/1
f 1248/11/537 1256/11/490 1002/12/490 1123/11/537
f 496/234/531 492/229/511 337/52/514 310/4/532
f 489/145/538 493/145/507 336/145/510 317/145/539
f 471/145/540 482/210/450 328/207/453 80/235/96
f 11/23/541 271/203/436 334/209/447 322/23/446
f 547/145/542 556/206/442 335/207/443 67/145/543
f 388/77/544 392/88/212 330/77/215 126/76/545
f 104/68/160 102/67/159 333/74/210 331/78/209
f 386/23/205 393/86/207 332/79/181 101/23/206
f 101/23/141 332/79/181 333/74/182 102/67/142
f 126/76/546 330/77/179 331/78/180 125/62/546
f 1317/89/547 1340/236/548 957/7/549 956/5/550
f 1340/236/548 1325/5/551 1021/89/552 957/7/549
f 476/4/39 483/4/115 329/4/118 47/4/40
f 542/4/1 557/4/104 327/4/109 14/4/2
f 13/4/1 12/3/1 324/3/104 326/4/104
f 350/3/106 369/3/104 325/3/105 77/3/553
f 343/82/554 370/46/100 323/47/103 22/23/555
f 1316/11/537 1311/224/490 1052/42/493 1031/11/556
f 11/23/541 322/23/446 370/46/100 343/82/554
f 58/3/106 324/3/104 369/3/104 350/3/106
f 8/2/1 295/2/13 367/2/13 340/2/1
f 613/6/401 605/8/557 366/8/558 285/6/402
f 614/23/559 606/23/478 365/23/249 286/23/560
f 242/167/341 360/6/377 364/180/386 245/175/370
f 214/174/359 363/178/382 362/177/381 216/23/316
f 214/174/359 128/23/423 356/23/242 363/178/382
f 164/114/272 216/23/316 362/177/381 361/46/380
f 133/92/230 358/92/373 361/46/380 134/93/231
f 242/167/341 148/80/561 359/6/376 360/6/377
f 146/97/562 357/97/372 359/6/376 148/80/561
f 146/97/562 166/116/379 358/92/373 357/97/372
f 286/23/560 365/23/249 355/23/240 129/23/424
f 285/6/402 366/8/558 354/6/239 137/6/238
f 129/23/424 355/23/240 356/23/242 128/23/423
f 324/3/104 12/3/1 342/3/1 369/3/104
f 322/23/446 54/23/449 352/23/101 370/46/100
f 53/22/51 56/25/78 349/39/99 351/36/86
f 53/22/51 351/36/86 352/23/87 54/23/52
f 76/37/72 349/39/79 350/3/80 77/3/73
f 295/2/13 34/2/15 348/2/16 367/2/13
f 1341/145/563 1338/198/564 1062/145/565 1063/145/566
f 1314/237/567 1327/42/568 1056/11/569 953/11/570
f 39/5/6 346/5/571 347/6/497 40/6/7
f 1/2/1 29/2/1 345/2/1 338/2/1
f 12/3/1 23/3/1 344/3/1 342/3/1
f 23/3/1 2/3/1 339/3/1 344/3/1
f 2/3/1 1/2/1 338/2/1 339/3/1
f 29/2/1 8/2/1 340/2/1 345/2/1
f 22/23/555 323/47/103 393/86/207 386/23/205
f 77/3/553 325/3/105 392/88/212 388/77/544
f 19/2/3 297/2/18 391/83/193 382/2/197
f 40/6/498 294/10/12 390/85/204 385/71/217
f 66/49/572 373/48/228 388/77/229 126/76/572
f 75/36/71 372/36/224 387/87/226 73/23/69
f 314/1/506 478/1/481 1039/1/573 1013/1/574
f 36/5/575 371/89/216 385/71/217 120/70/169
f 21/3/4 27/3/1 381/3/189 389/3/213
f 325/3/105 21/3/4 389/3/213 392/88/212
f 323/47/103 73/23/102 387/87/208 393/86/207
f 26/23/576 22/23/555 386/23/205 380/82/191
f 294/10/12 20/6/11 384/6/202 390/85/204
f 20/6/11 32/6/396 376/6/187 384/6/202
f 31/2/1 19/2/3 382/2/197 378/2/189
f 297/2/18 42/2/17 383/84/194 391/83/193
f 27/3/1 17/3/1 379/3/189 381/3/189
f 16/23/397 26/23/576 380/82/191 375/81/184
f 17/3/1 18/2/1 377/2/189 379/3/189
f 18/2/1 31/2/1 378/2/189 377/2/189
f 32/6/396 15/6/395 374/80/183 376/6/187
f 15/6/395 16/23/397 375/81/184 374/80/183
f 75/36/89 78/38/88 373/48/111 372/36/110
f 1338/198/564 1312/11/525 1061/11/528 1062/145/565
f 13/4/1 326/4/104 420/4/104 398/4/1
f 61/145/448 334/209/447 419/238/577 405/145/578
f 35/1/14 296/1/13 417/1/13 401/1/579
f 609/145/580 608/198/471 415/205/440 454/21/581
f 282/239/582 278/240/583 412/241/584 414/242/585
f 464/243/586 412/241/584 413/244/587 452/245/588
f 334/209/447 271/203/436 409/246/589 419/238/577
f 454/21/581 415/205/440 410/198/430 463/247/590
f 463/247/590 410/198/430 411/201/433 451/212/458
f 270/202/435 408/145/591 409/246/589 271/203/436
f 326/4/104 63/4/106 403/4/106 420/4/104
f 62/30/76 59/27/57 406/27/592 404/34/593
f 61/29/59 405/29/594 406/27/592 59/27/57
f 460/31/595 403/31/81 404/34/81 447/34/596
f 296/1/13 7/1/1 396/1/1 417/1/13
f 50/1/25 43/1/25 965/1/597 992/1/598
f 1315/237/599 1313/90/218 996/13/221 1008/11/600
f 7/1/1 28/1/1 400/1/1 396/1/1
f 4/4/1 25/4/1 399/4/1 395/4/1
f 25/4/1 13/4/1 398/4/1 399/4/1
f 28/1/1 3/1/1 394/1/1 400/1/1
f 3/1/1 4/4/1 395/4/1 394/1/1
f 533/145/601 537/207/602 438/210/603 434/145/604
f 522/4/605 536/248/606 437/249/607 423/250/608
f 1318/11/91 1335/12/92 1042/11/609 1012/11/610
f 520/1/1 528/4/1 429/4/1 421/1/1
f 521/1/1 520/1/1 421/1/1 422/1/1
f 528/4/1 529/4/1 430/4/1 429/4/1
f 535/11/611 531/42/612 432/11/613 436/11/614
f 523/1/615 521/1/1 422/1/1 424/1/616
f 534/1/617 523/1/615 424/1/616 435/1/618
f 529/4/1 522/4/605 423/250/608 430/4/1
f 1327/42/568 1336/251/619 1035/11/620 1056/11/569
f 533/252/621 434/253/622 427/33/623 526/33/624
f 532/34/625 526/33/624 427/33/623 433/30/626
f 536/248/606 525/4/627 426/4/628 437/249/607
f 537/207/602 527/228/629 428/228/630 438/210/603
f 524/1/631 534/1/617 435/1/618 425/1/632
f 530/11/633 535/11/611 436/11/614 431/12/634
f 507/254/635 426/255/636 433/30/637 514/30/638
f 524/1/631 425/1/632 1029/1/639 1050/1/640
f 1336/251/619 1332/11/641 1027/11/642 1035/11/620
f 559/31/643 460/31/595 447/34/596 546/34/644
f 562/21/645 463/247/590 451/212/458 550/211/457
f 553/235/646 454/21/581 463/247/590 562/21/645
f 563/215/647 464/243/586 452/245/588 551/213/461
f 611/207/648 609/145/580 454/21/581 553/235/646
f 398/4/1 420/4/104 458/4/104 443/4/1
f 405/145/578 419/238/577 457/256/649 448/145/650
f 397/12/651 418/225/652 456/225/653 442/11/654
f 401/1/579 417/1/13 455/1/13 446/1/655
f 607/257/656 610/225/657 465/11/658 416/237/659
f 414/242/585 412/241/584 464/243/660 453/258/661
f 407/225/662 449/259/663 452/245/588 413/244/587
f 419/238/577 409/246/589 462/260/664 457/256/649
f 408/145/591 450/145/665 462/260/664 409/246/589
f 416/237/659 465/11/658 449/259/663 407/225/662
f 420/4/104 403/4/106 460/4/106 458/4/104
f 404/34/593 406/27/592 461/40/666 447/34/667
f 405/29/594 448/29/668 461/40/666 406/27/592
f 417/1/13 396/1/1 441/1/1 455/1/13
f 418/225/652 402/11/669 459/11/670 456/225/653
f 1335/12/92 1334/261/671 1048/41/672 1042/11/609
f 1328/11/491 1314/237/567 953/11/570 1060/11/492
f 396/1/1 400/1/1 445/1/1 441/1/1
f 395/4/1 399/4/1 444/4/1 440/4/1
f 399/4/1 398/4/1 443/4/1 444/4/1
f 400/1/1 394/1/1 439/1/1 445/1/1
f 394/1/1 395/4/1 440/4/1 439/1/1
f 310/4/532 337/52/514 483/4/115 476/4/39
f 317/145/539 336/145/510 482/210/450 471/145/540
f 300/1/34 46/1/32 977/1/673 1006/1/674
f 82/262/675 479/232/521 470/51/524 81/34/675
f 311/226/502 321/11/501 473/11/27 468/223/483
f 314/1/506 320/1/505 472/14/33 478/1/481
f 336/145/510 319/205/509 481/198/451 482/210/450
f 337/52/514 315/4/513 479/4/116 483/4/115
f 316/34/518 318/33/517 480/27/98 470/51/113
f 317/231/520 471/44/95 480/27/98 318/33/517
f 35/1/14 401/1/579 1025/1/676 945/1/677
f 309/4/1 310/4/532 476/4/39 467/4/24
f 320/1/505 313/1/534 477/1/31 472/14/33
f 313/1/534 308/1/1 475/1/24 477/1/31
f 321/11/501 312/11/536 469/11/28 473/11/27
f 307/4/1 309/4/1 467/4/24 466/4/24
f 308/1/1 306/1/1 474/1/24 475/1/24
f 306/1/1 307/4/1 466/4/24 474/1/24
f 1272/5/678 1249/89/679 1133/5/680 1132/89/681
f 1319/11/682 1315/237/599 1008/11/600 974/11/683
f 315/233/522 499/263/684 488/34/685 316/34/523
f 515/145/686 519/264/687 493/145/507 489/145/538
f 504/248/688 518/249/689 492/229/511 496/234/531
f 348/2/16 34/2/15 940/2/690 1019/2/691
f 502/1/1 510/4/1 484/4/1 494/1/1
f 503/1/1 502/1/1 494/1/1 495/1/1
f 510/4/1 511/4/1 485/4/1 484/4/1
f 517/11/692 513/41/693 487/11/535 491/11/500
f 505/1/694 503/1/1 495/1/1 497/1/533
f 516/265/695 505/1/694 497/1/533 490/227/504
f 511/4/1 504/248/688 496/234/531 485/4/1
f 1264/11/696 1253/11/697 979/42/698 980/42/699
f 515/266/700 489/230/519 500/33/516 508/33/701
f 514/30/702 508/33/701 500/33/516 488/34/515
f 518/249/689 507/4/703 499/4/512 492/229/511
f 519/264/687 509/205/704 501/228/508 493/145/507
f 506/1/705 516/265/695 490/227/504 498/1/503
f 512/13/706 517/11/692 491/11/500 486/226/499
f 431/12/634 436/11/614 517/11/692 512/13/706
f 425/1/632 435/1/618 516/265/695 506/1/705
f 438/210/603 428/228/630 509/205/704 519/264/687
f 437/249/607 426/4/628 507/4/703 518/249/689
f 433/30/626 427/33/623 508/33/701 514/30/702
f 434/253/622 515/266/700 508/33/701 427/33/623
f 478/1/481 52/1/482 998/1/707 1039/1/573
f 430/4/1 423/250/608 504/248/688 511/4/1
f 435/1/618 424/1/616 505/1/694 516/265/695
f 424/1/616 422/1/1 503/1/1 505/1/694
f 436/11/614 432/11/613 513/41/693 517/11/692
f 429/4/1 430/4/1 511/4/1 510/4/1
f 422/1/1 421/1/1 502/1/1 503/1/1
f 421/1/1 429/4/1 510/4/1 502/1/1
f 425/1/632 506/1/705 1046/1/639 1029/1/639
f 423/250/608 437/249/607 518/249/689 504/248/688
f 434/145/604 438/210/603 519/264/687 515/145/686
f 1273/207/708 1250/145/709 1135/145/710 1134/143/711
f 499/263/684 507/254/635 514/30/638 488/34/685
f 575/11/712 580/225/713 535/11/611 530/11/633
f 569/1/36 579/1/714 534/1/617 524/1/631
f 582/207/715 572/196/716 527/228/629 537/207/602
f 581/267/717 570/4/718 525/4/627 536/248/606
f 577/34/719 571/33/720 526/33/624 532/34/625
f 578/268/721 533/252/621 526/33/624 571/33/720
f 52/1/482 300/1/34 1006/1/674 998/1/707
f 574/4/1 567/4/722 522/4/605 529/4/1
f 579/1/714 568/1/723 523/1/615 534/1/617
f 568/1/723 566/1/1 521/1/1 523/1/615
f 580/225/713 576/11/724 531/42/612 535/11/611
f 573/4/1 574/4/1 529/4/1 528/4/1
f 566/1/1 565/1/1 520/1/1 521/1/1
f 565/1/1 573/4/1 528/4/1 520/1/1
f 1325/5/551 1337/5/725 946/5/726 1021/89/552
f 567/4/722 581/267/717 536/248/606 522/4/605
f 578/145/727 582/207/715 537/207/602 533/145/601
f 426/255/636 525/269/728 532/34/729 433/30/637
f 1337/5/730 1342/70/731 1003/70/732 946/5/732
f 604/145/733 611/207/648 553/235/646 293/143/734
f 279/216/464 563/215/647 551/213/461 280/11/460
f 293/143/734 553/235/646 562/21/645 276/145/735
f 276/145/475 562/21/645 550/211/457 277/145/456
f 72/31/68 559/31/643 546/34/644 70/34/66
f 1334/261/671 1316/11/537 1031/11/556 1048/41/672
f 443/4/1 458/4/104 557/4/104 542/4/1
f 448/145/650 457/256/649 556/206/442 547/145/542
f 442/11/654 456/225/653 555/11/19 541/225/495
f 446/1/655 455/1/13 554/1/13 545/1/494
f 610/225/657 612/221/479 564/11/245 465/11/658
f 453/258/661 464/243/660 563/215/463 552/214/462
f 449/259/663 548/90/248 551/213/461 452/245/588
f 457/256/649 462/260/664 561/197/429 556/206/442
f 450/145/665 549/21/426 561/197/429 462/260/664
f 465/11/658 564/11/245 548/90/248 449/259/663
f 458/4/104 460/4/106 559/4/106 557/4/104
f 447/34/667 461/40/666 560/40/83 546/34/107
f 448/29/668 547/29/82 560/40/83 461/40/666
f 455/1/13 441/1/1 540/1/1 554/1/13
f 456/225/653 459/11/670 558/11/20 555/11/19
f 42/2/17 348/2/16 1019/2/691 960/2/222
f 120/70/169 122/69/168 1005/69/736 1003/70/737 1342/70/738 1169/70/738 1292/70/738 1124/70/738 1268/270/738 1188/270/738 1218/271/738
f 441/1/1 445/1/1 544/1/1 540/1/1
f 440/4/1 444/4/1 543/4/1 539/4/1
f 444/4/1 443/4/1 542/4/1 543/4/1
f 445/1/1 439/1/1 538/1/1 544/1/1
f 439/1/1 440/4/1 539/4/1 538/1/1
f 67/145/543 335/207/443 582/207/715 578/145/727
f 14/4/2 327/4/109 581/267/717 567/4/722
f 1321/272/739 1317/89/547 956/5/550 1018/5/740
f 5/1/1 6/4/1 573/4/1 565/1/1
f 30/1/1 5/1/1 565/1/1 566/1/1
f 6/4/1 24/4/1 574/4/1 573/4/1
f 298/12/22 38/11/21 576/11/724 580/225/713
f 10/1/5 30/1/1 566/1/1 568/1/723
f 299/1/23 10/1/5 568/1/723 579/1/714
f 24/4/1 14/4/2 567/4/722 574/4/1
f 121/58/741 122/69/741 1005/69/741 1004/58/741
f 67/29/63 578/268/721 571/33/720 68/33/64
f 71/34/84 68/33/64 571/33/720 577/34/719
f 327/4/109 72/4/108 570/4/718 581/267/717
f 335/207/443 273/145/428 572/196/716 582/207/715
f 37/1/35 299/1/23 579/1/714 569/1/36
f 9/11/496 298/12/22 580/225/713 575/11/712
f 525/269/728 570/43/93 577/34/94 532/34/729
f 569/1/36 524/1/631 1050/1/640 1058/1/37
f 442/11/654 541/225/495 600/222/742 598/41/743
f 272/196/427 549/21/426 599/143/744 592/145/745
f 397/12/651 442/11/654 598/41/743 595/257/746
f 549/21/426 450/145/665 597/273/747 599/143/744
f 450/145/665 408/145/591 596/18/748 597/273/747
f 11/23/541 343/82/554 594/114/749 584/23/750
f 20/6/11 341/9/10 593/80/751 583/6/400
f 541/225/495 9/11/496 589/41/752 600/222/742
f 343/82/554 22/23/555 590/81/753 594/114/749
f 26/23/576 16/23/397 585/23/399 586/23/754
f 22/23/555 26/23/576 586/23/754 590/81/753
f 408/145/591 270/202/435 587/202/434 596/18/748
f 271/203/436 11/23/541 584/23/750 591/204/437
f 618/21/755 588/145/438 592/145/439 604/145/756
f 617/145/472 587/202/434 591/204/437 603/219/469
f 290/145/441 617/145/472 603/219/469 291/208/444
f 292/198/473 618/21/755 604/145/756 293/143/474
f 598/41/743 600/222/742 612/221/479 610/225/657
f 592/145/745 599/143/744 611/207/648 604/145/733
f 595/257/746 598/41/743 610/225/657 607/257/656
f 599/143/744 597/273/747 609/145/580 611/207/648
f 597/273/747 596/18/748 608/198/471 609/145/580
f 584/23/750 594/114/749 606/23/478 614/23/559
f 583/6/400 593/80/751 605/8/557 613/6/401
f 600/222/742 589/41/752 601/222/480 612/221/479
f 594/114/749 590/81/753 602/220/476 606/23/478
f 586/23/754 585/23/399 615/114/398 616/23/477
f 590/81/753 586/23/754 616/23/477 602/220/476
f 596/18/748 587/202/434 617/145/472 608/198/471
f 591/204/437 584/23/750 614/23/470 603/219/469
f 619/274/757 620/275/758 621/145/759 622/196/760
f 625/145/761 626/145/762 627/145/763
f 628/11/764 629/11/765 630/11/766
f 631/276/767 632/277/768 633/11/769
f 634/278/770 635/145/771 636/235/772
f 641/199/773 642/145/774 643/279/775
f 644/280/776 645/281/777 646/282/778
f 647/145/779 648/283/780 649/284/781 650/285/782 651/18/783
f 652/286/784 653/237/785 654/12/786 655/287/787
f 656/288/788 657/41/789 658/289/790 659/290/791 660/291/792
f 661/292/793 662/293/794 663/294/795
f 666/145/796 667/18/797 668/143/798
f 669/196/799 670/228/800 671/210/801 672/145/802
f 673/295/803 674/42/804 675/41/805 676/296/806
f 677/297/807 678/11/808 679/11/809 680/11/810
f 681/298/811 682/299/812 683/300/813
f 684/228/814 685/301/815 686/302/816 687/196/817
f 688/21/818 689/228/819 690/145/820
f 691/303/821 692/11/822 693/11/823 694/304/824
f 695/41/825 696/11/826 697/11/827
f 698/305/828 699/21/829 700/145/830 701/306/831
f 705/223/832 706/223/833 707/223/834
f 708/145/835 709/145/836 710/18/837
f 713/307/838 714/11/839 715/11/840
f 718/228/841 719/143/842 720/308/843 721/309/844
f 722/205/845 723/228/846 724/21/847
f 727/91/848 728/91/849 729/310/850
f 730/311/851 731/13/852 732/257/853
f 733/41/854 734/312/855 735/313/856 736/13/857
f 737/314/858 738/315/859 739/316/860
f 740/317/861 741/318/862 742/42/863 743/251/864
f 744/11/865 745/42/866 746/11/867
f 747/319/868 748/320/869 749/264/870 750/18/871
f 751/21/872 752/207/873 753/205/874
f 756/288/875 757/41/876 758/11/877
f 759/145/878 760/145/879 761/321/880 762/322/881
f 763/145/882 764/199/883 765/145/884
f 766/323/885 767/324/886 768/235/887 769/325/888
f 770/145/889 771/145/890 772/196/891
f 775/41/892 776/288/893 777/11/894
f 778/326/895 779/247/896 780/228/897 781/327/898
f 782/145/899 783/145/900 784/228/901
f 787/42/902 788/288/903 789/11/904
f 790/257/905 791/328/906 792/257/907
f 793/237/908 794/12/909 795/329/910 796/330/911
f 797/331/912 798/332/913 799/333/914
f 800/143/915 801/334/916 802/335/917 803/205/918
f 804/145/919 805/228/920 806/336/921
f 809/277/922 810/237/923 811/11/924
f 817/12/925 818/11/926 819/11/927
f 820/145/928 821/205/929 822/21/930
f 823/196/931 824/228/932 825/202/933
f 830/11/934 831/11/935 832/11/936
f 628/11/764 624/223/937 623/11/938 629/11/765
f 621/145/759 626/145/762 625/145/761 622/196/760
f 634/278/770 631/276/767 633/11/769 635/145/771
f 637/145/939 636/235/772 635/145/771 638/145/940
f 632/277/768 639/11/941 640/11/942 633/11/769
f 800/143/915 621/145/759 620/275/758 801/334/916
f 743/251/864 632/277/768 631/276/767 740/317/861
f 746/11/943 640/11/944 639/11/941 744/11/865
f 806/336/921 627/145/763 626/145/762 804/145/919
f 647/145/779 641/199/945 643/279/946 648/283/780
f 642/145/774 644/280/776 646/282/778 643/279/775
f 645/281/947 649/284/781 648/283/780 646/282/948
f 663/294/795 652/286/784 655/287/787 661/292/793
f 654/12/949 656/288/788 660/291/792 655/287/950
f 659/290/791 662/293/951 661/292/952 660/291/792
f 672/145/802 664/337/953 665/145/953 669/196/799
f 664/337/954 666/145/796 668/143/798 665/145/955
f 667/18/797 670/228/956 669/196/957 668/143/798
f 680/11/810 674/42/804 673/295/803 677/297/807
f 658/289/790 650/285/782 649/284/781 659/290/791
f 644/280/776 663/294/795 662/293/794 645/281/777
f 679/11/809 657/41/789 656/288/788 680/11/810
f 653/237/785 675/41/805 674/42/804 654/12/786
f 651/18/783 671/210/801 670/228/800 647/145/779
f 666/145/796 642/145/774 641/199/773 667/18/797
f 812/338/958 619/274/757 622/196/760 813/198/959
f 690/145/820 672/145/802 671/210/801 688/21/818
f 819/11/927 630/11/766 629/11/765 817/12/925
f 790/257/905 653/237/785 652/286/784 791/328/906
f 796/330/911 676/296/806 675/41/805 793/237/908
f 677/297/807 681/298/811 683/300/813 678/11/808
f 681/298/811 673/295/803 676/296/806 682/299/812
f 650/285/782 685/301/815 684/228/814 651/18/783
f 825/202/933 690/145/820 689/228/819 823/196/931
f 657/41/789 692/11/822 691/303/960 658/289/790
f 678/11/808 696/11/826 695/41/825 679/11/809
f 692/11/822 695/41/825 697/11/827 693/11/823
f 685/301/815 691/303/821 694/304/824 686/302/816
f 688/21/818 684/228/814 687/196/817 689/228/819
f 750/18/871 699/21/829 698/305/828 747/319/868
f 758/11/877 706/223/833 705/223/832 756/288/875
f 753/205/874 709/145/836 708/145/835 751/21/872
f 699/21/829 708/145/835 710/18/837 700/145/830
f 707/223/834 703/12/961 702/12/962 705/223/832
f 737/314/858 716/339/963 717/340/964 738/315/859
f 716/339/963 713/307/838 715/11/840 717/340/964
f 714/11/839 711/341/965 712/342/966 715/11/840
f 769/325/888 718/228/841 721/309/844 766/323/885
f 772/196/891 722/205/845 724/21/847 770/145/889
f 789/11/904 727/91/848 729/310/850 787/42/902
f 728/91/849 726/221/967 725/225/968 729/310/850
f 718/228/841 724/21/847 723/228/846 719/143/842
f 711/341/965 731/13/852 730/311/851 712/342/966
f 713/307/838 734/312/855 733/41/854 714/11/839
f 797/331/912 739/316/860 738/315/859 798/332/913
f 739/316/860 735/313/856 734/312/855 737/314/858
f 736/13/857 732/257/853 731/13/852 733/41/854
f 703/12/961 742/42/863 741/318/862 704/343/969
f 706/223/833 746/11/943 745/42/866 707/223/834
f 636/235/772 749/264/870 748/320/869 634/278/770
f 638/145/970 753/205/874 752/207/873 637/145/939
f 749/264/870 752/207/873 751/21/872 750/18/871
f 744/11/865 743/251/864 742/42/863 745/42/866
f 740/317/861 748/320/869 747/319/868 741/318/862
f 777/11/894 758/11/877 757/41/876 775/41/892
f 700/145/830 759/145/878 762/322/881 701/306/831
f 709/145/836 763/145/882 765/145/884 710/18/837
f 756/288/875 754/42/971 755/225/972 757/41/876
f 759/145/878 765/145/884 764/199/883 760/145/879
f 760/145/879 768/235/887 767/324/886 761/321/880
f 763/145/882 772/196/891 771/145/890 764/199/883
f 727/91/848 777/11/894 776/288/893 728/91/849
f 768/235/887 771/145/890 770/145/889 769/325/888
f 775/41/892 774/251/973 773/277/974 776/288/893
f 719/143/842 779/247/896 778/326/895 720/308/843
f 722/205/845 783/145/900 782/145/899 723/228/846
f 811/11/924 789/11/904 788/288/903 809/277/922
f 779/247/896 782/145/899 784/228/901 780/228/897
f 787/42/902 786/288/975 785/344/976 788/288/903
f 732/257/853 792/257/907 791/328/906 730/311/851
f 735/313/856 795/329/910 794/12/909 736/13/857
f 682/299/812 799/333/914 798/332/913 683/300/813
f 799/333/914 796/330/911 795/329/910 797/331/912
f 793/237/908 790/257/905 792/257/907 794/12/909
f 780/228/897 803/205/918 802/335/917 781/327/898
f 783/145/900 806/336/921 805/228/920 784/228/901
f 630/11/766 811/11/924 810/237/923 628/11/764
f 809/277/922 807/226/977 808/41/978 810/237/923
f 803/205/918 805/228/920 804/145/919 800/143/915
f 832/11/936 819/11/927 818/11/926 830/11/934
f 627/145/763 820/145/928 822/21/930 625/145/761
f 821/205/929 814/145/979 813/198/959 822/21/930
f 816/257/980 818/11/926 817/12/925 815/257/981
f 820/145/928 825/202/933 824/228/932 821/205/929
f 696/11/826 832/11/936 831/11/935 697/11/827
f 823/196/931 827/145/982 826/196/983 824/228/932
f 829/41/984 831/11/935 830/11/934 828/225/985
f 622/196/760 625/145/761 822/21/930 813/198/959
f 626/145/762 621/145/759 800/143/915 804/145/919
f 624/223/937 628/11/764 810/237/923 808/41/978
f 629/11/765 623/11/986 815/257/981 817/12/925
f 273/145/428 627/145/987 806/336/988 572/196/716
f 627/145/987 273/145/428 588/145/438 820/145/989
f 630/11/766 9/11/496 575/11/712 811/11/924
f 9/11/496 630/11/766 819/11/927 589/41/752
f 43/1/25 44/4/25 968/4/597 965/1/597
f 743/251/864 744/11/865 639/11/941 632/277/768
f 46/1/32 50/1/25 992/1/598 977/1/673
f 34/2/15 35/1/14 945/1/677 940/2/690
f 748/320/869 740/317/861 631/276/767 634/278/770
f 446/1/655 545/1/494 1053/1/990 1032/1/991
f 122/69/195 383/84/194 1023/84/223 1005/69/992
f 752/207/873 749/264/870 636/235/772 637/145/939
f 481/198/451 753/205/993 638/145/994 48/143/452
f 545/1/494 37/1/35 950/1/38 1053/1/990
f 506/1/705 498/1/503 1044/1/639 1046/1/639
f 1330/91/219 1318/11/91 1012/11/610 1037/11/220
f 746/11/943 468/223/483 45/11/484 640/11/944
f 1326/11/526 1319/11/682 974/11/683 1064/11/527
f 647/145/779 670/228/800 667/18/995 641/199/945
f 643/279/946 646/282/948 648/283/780
f 200/145/304 198/143/302 642/145/774 666/145/796
f 260/189/409 259/188/408 644/280/776 642/145/774 198/143/302
f 659/290/791 649/284/781 645/281/947 662/293/951
f 259/188/408 254/183/403 663/294/795 644/280/776
f 684/228/814 688/21/818 671/210/801 651/18/783
f 691/303/960 685/301/815 650/285/782 658/289/790
f 663/294/795 254/183/403 257/186/406 185/12/291 712/342/966 730/311/851 791/328/906 652/286/784
f 655/287/950 660/291/792 661/292/952
f 680/11/810 656/288/788 654/12/949 674/42/804
f 790/257/905 793/237/908 675/41/805 653/237/785
f 695/41/825 692/11/822 657/41/789 679/11/809
f 672/145/996 277/145/456 130/198/997 664/337/998
f 665/145/955 668/143/798 669/196/957
f 267/145/420 266/193/419 202/172/425 664/337/998 130/198/997
f 200/145/304 666/145/796 664/337/954 202/172/356
f 690/145/999 292/198/473 277/145/456 672/145/996
f 673/295/803 681/298/811 677/297/807
f 799/333/914 682/299/812 676/296/806 796/330/911
f 284/11/246 696/11/826 678/11/808 127/11/247
f 127/11/247 678/11/808 683/300/813 280/11/460
f 683/300/813 798/332/913 552/214/462 281/217/465
f 281/217/465 279/216/464 280/11/460 683/300/813
f 827/145/982 823/196/931 689/228/819 687/196/817
f 825/202/1000 618/21/755 292/198/473 690/145/999
f 831/11/935 829/41/984 693/11/823 697/11/827
f 601/222/480 832/11/936 696/11/826 284/11/246
f 698/305/828 704/343/969 741/318/862 747/319/868
f 708/145/835 699/21/829 750/18/871 751/21/872
f 765/145/884 759/145/878 700/145/830 710/18/837
f 754/42/971 756/288/875 705/223/832 702/12/962
f 703/12/961 707/223/834 745/42/866 742/42/863
f 758/11/877 486/226/499 311/226/502 706/223/833
f 706/223/833 311/226/502 468/223/483 746/11/943
f 319/205/509 709/145/1001 753/205/993 481/198/451
f 501/228/508 763/145/1002 709/145/1001 319/205/509
f 185/12/291 224/11/323 715/11/840 712/342/966
f 711/341/965 714/11/839 733/41/854 731/13/852
f 283/218/466 717/340/964 715/11/840 224/11/323
f 716/339/963 737/314/858 734/312/855 713/307/838
f 738/315/859 717/340/964 414/242/585 453/258/661
f 717/340/964 283/218/466 282/239/582 414/242/585
f 782/145/899 779/247/896 719/143/842 723/228/846
f 724/21/847 718/228/841 769/325/888 770/145/889
f 527/228/629 783/145/1003 722/205/1004 428/228/630
f 428/228/630 722/205/1004 772/196/1005 509/205/704
f 786/288/975 787/42/902 729/310/850 725/225/968
f 726/221/967 728/91/849 776/288/893 773/277/974
f 789/11/904 530/11/633 431/12/634 727/91/848
f 727/91/848 431/12/634 512/13/706 777/11/894
f 732/257/853 736/13/857 794/12/909 792/257/907
f 739/316/860 797/331/912 795/329/910 735/313/856
f 798/332/913 738/315/859 453/258/661 552/214/462
f 774/251/973 775/41/892 757/41/876 755/225/972
f 777/11/894 512/13/706 486/226/499 758/11/877
f 771/145/890 768/235/887 760/145/879 764/199/883
f 509/205/704 772/196/1005 763/145/1002 501/228/508
f 805/228/920 803/205/918 780/228/897 784/228/901
f 572/196/716 806/336/988 783/145/1003 527/228/629
f 807/226/977 809/277/922 788/288/903 785/344/976
f 811/11/924 575/11/712 530/11/633 789/11/904
f 814/145/979 821/205/929 824/228/932 826/196/983
f 818/11/926 816/257/980 828/225/985 830/11/934
f 589/41/752 819/11/927 832/11/936 601/222/480
f 820/145/989 588/145/438 618/21/755 825/202/1000
f 833/345/1006 834/346/1007 835/347/1008
f 836/348/1009 837/349/1010 838/350/1011 839/11/1012
f 842/6/1013 843/351/1014 844/352/1015 845/353/1016
f 846/354/1017 847/355/1018 848/356/1019
f 851/357/1020 852/358/1021 853/12/1022
f 854/94/1023 855/359/1024 856/360/1025
f 857/361/1026 858/11/1027 859/362/1028
f 860/363/1029 861/364/1030 862/6/1031
f 863/365/1032 864/226/1033 865/366/1034
f 866/367/1035 867/368/1036 868/6/1037
f 835/347/1008 837/349/1010 836/348/1009 833/345/1006
f 848/356/1019 840/369/1038 841/370/1038 846/354/1017
f 840/369/1039 842/6/1013 845/353/1016 841/370/1040
f 844/352/1015 847/355/1041 846/354/1042 845/353/1016
f 843/351/1043 838/350/1011 837/349/1010 844/352/1015
f 834/346/1044 848/356/1019 847/355/1018 835/347/1044
f 833/345/1045 849/371/1046 850/372/1047 834/346/1048
f 839/11/1012 850/372/1047 849/371/1046 836/348/1049
f 838/350/1011 851/357/1020 853/12/1022 839/11/1012
f 842/6/1013 854/94/1023 856/360/1025 843/351/1014
f 851/357/1020 856/360/1025 855/359/1024 852/358/1021
f 863/365/1032 859/362/1028 858/11/1027 864/226/1033
f 868/6/1037 862/6/1031 861/364/1030 866/367/1035
f 859/362/1028 861/364/1030 860/363/1029 857/361/1026
f 852/358/1021 865/366/1034 864/226/1033 853/12/1022
f 854/94/1023 868/6/1037 867/368/1036 855/359/1024
f 865/366/1034 867/368/1036 866/367/1035 863/365/1032
f 833/345/1045 836/348/1049 849/371/1046
f 844/352/1015 837/349/1010 835/347/1050 847/355/1041
f 233/161/332 234/162/333 848/356/1051 834/346/1048
f 233/161/332 834/346/1048 850/372/1047 283/218/466
f 853/12/1022 416/237/659 407/225/662 839/11/1012
f 839/11/1012 407/225/662 413/244/587 850/372/1047
f 856/360/1025 851/357/1020 838/350/1011 843/351/1043
f 245/175/364 840/369/1052 848/356/1051 234/162/333
f 841/370/1040 845/353/1016 846/354/1042
f 840/369/1039 245/175/370 364/180/386 353/94/236
f 840/369/1039 353/94/236 354/6/239 842/6/1013
f 366/8/558 854/94/1023 842/6/1013 354/6/239
f 278/240/583 282/239/582 283/218/466 850/372/1047
f 412/241/584 278/240/583 850/372/1047 413/244/587
f 864/226/1033 607/257/656 416/237/659 853/12/1022
f 867/368/1036 865/366/1034 852/358/1021 855/359/1024
f 605/8/557 868/6/1037 854/94/1023 366/8/558
f 861/364/1030 859/362/1028 863/365/1032 866/367/1035
f 858/11/1027 595/257/746 607/257/656 864/226/1033
f 593/80/751 862/6/1031 868/6/1037 605/8/557
f 873/11/1053 874/373/1054 875/374/1055
f 876/375/1056 877/376/1057 878/6/1058
f 881/377/1059 882/378/1060 883/379/1061
f 886/380/1062 887/381/1063 888/382/1064
f 1332/11/641 1320/11/1065 1068/11/1066 1027/11/642
f 878/6/1058 870/17/1067 869/15/1068 876/375/1056
f 872/11/1069 873/11/1053 875/374/1055 871/54/1070
f 876/375/1056 875/374/1055 874/373/1054 877/376/1057
f 885/383/1071 886/380/1062 888/382/1064 884/384/1072
f 887/381/1063 881/377/1059 883/379/1061 888/382/1064
f 882/378/1060 879/385/1073 880/386/1074 883/379/1061
f 879/385/1073 885/383/1071 884/384/1072 880/386/1074
f 873/11/1053 882/378/1060 881/377/1059 874/373/1054
f 886/380/1062 878/6/1058 877/376/1057 887/381/1063
f 346/5/571 33/89/1075 870/17/1067 347/6/497
f 44/4/25 49/4/26 989/4/1076 968/4/597
f 498/1/503 314/1/506 1013/1/574 1044/1/639
f 875/374/1055 876/375/1056 869/15/1077 871/54/1070
f 870/17/1067 878/6/1058 368/8/9 347/6/497
f 401/1/579 446/1/655 1032/1/991 1025/1/676
f 1333/5/1078 1321/272/739 1018/5/740 936/89/1079
f 873/11/1053 872/11/1069 402/11/669 418/225/652
f 882/378/1060 873/11/1053 418/225/652 397/12/651
f 881/377/1059 887/381/1063 877/376/1057 874/373/1054
f 878/6/1058 886/380/1062 341/9/10 368/8/9
f 857/361/1026 879/385/1073 882/378/1060 858/11/1027
f 888/382/1064 883/379/1061 880/386/1074 884/384/1072
f 885/383/1071 879/385/1073 857/361/1026 860/363/1029
f 882/378/1060 397/12/651 595/257/746 858/11/1027
f 862/6/1031 886/380/1062 885/383/1071 860/363/1029
f 341/9/10 886/380/1062 862/6/1031 593/80/751
f 893/387/1080 894/388/1081 895/389/1082
f 890/390/1083 891/391/1084 892/392/1085 889/393/1086
f 897/394/1087 898/395/1088 899/396/1089 896/397/1090
f 901/398/1091 902/399/1092 903/400/1093 900/401/1094
f 905/402/1095 906/403/1096 907/404/1097 904/405/1098
f 909/406/1099 910/407/1100 911/408/1101 908/409/1102
f 913/410/1103 914/411/1104 915/412/1105 912/413/1106
f 891/391/1084 917/414/1107 916/415/1108 892/392/1085
f 893/387/1080 901/398/1091 900/401/1094 894/388/1081
f 898/395/1088 909/406/1099 908/409/1102 899/396/1089
f 902/399/1092 905/402/1095 904/405/1098 903/400/1093
f 906/403/1096 897/394/1087 896/397/1090 907/404/1097
f 910/407/1100 913/410/1103 912/413/1106 911/408/1101
f 914/411/1104 890/390/1083 889/393/1086 915/412/1105
f 624/223/937 808/41/978 915/412/1105 889/393/1086
f 889/393/1086 892/392/1085 623/11/938 624/223/937
f 890/390/1083 620/275/758 619/274/757 891/391/1084
f 620/275/758 890/390/1083 914/411/1104 801/334/916
f 891/391/1084 619/274/757 812/338/958 917/414/1107
f 815/257/981 623/11/938 892/392/1085 916/415/1108
f 704/343/969 698/305/828 701/306/831 893/387/1080 895/389/1082
f 895/389/1082 894/388/1081 702/12/962 703/12/961 704/343/969
f 754/42/971 702/12/962 894/388/1081 900/401/1094
f 762/322/881 901/398/1091 893/387/1080 701/306/831
f 726/221/967 773/277/974 907/404/1097 896/397/1090
f 725/225/968 726/221/967 896/397/1090 899/396/1089
f 897/394/1087 721/309/844 720/308/843 898/395/1088
f 721/309/844 897/394/1087 906/403/1096 766/323/885
f 786/288/975 725/225/968 899/396/1089 908/409/1102
f 778/326/895 909/406/1099 898/395/1088 720/308/843
f 754/42/971 900/401/1094 903/400/1093 755/225/972
f 901/398/1091 762/322/881 761/321/880 902/399/1092
f 774/251/973 755/225/972 903/400/1093 904/405/1098
f 767/324/886 905/402/1095 902/399/1092 761/321/880
f 904/405/1098 907/404/1097 773/277/974 774/251/973
f 905/402/1095 767/324/886 766/323/885 906/403/1096
f 908/409/1102 911/408/1101 785/344/976 786/288/975
f 909/406/1099 778/326/895 781/327/898 910/407/1100
f 807/226/977 785/344/976 911/408/1101 912/413/1106
f 802/335/917 913/410/1103 910/407/1100 781/327/898
f 807/226/977 912/413/1106 915/412/1105 808/41/978
f 913/410/1103 802/335/917 801/334/916 914/411/1104
f 815/257/981 916/415/1108 918/416/1109 816/257/980
f 828/225/985 816/257/980 918/416/1109 919/417/1110
f 828/225/985 919/417/1110 920/418/1111 829/41/984
f 693/11/823 829/41/984 920/418/1111 921/304/1112 694/304/824
f 924/419/1113 925/420/1114 926/421/1115
f 931/422/1116 932/423/1117 933/424/1118
f 927/425/1119 924/419/1113 926/421/1115 928/426/1120
f 925/420/1114 922/427/1121 923/428/1122 926/421/1115
f 931/422/1116 934/429/1123 935/430/1124 932/423/1117
f 929/431/1125 933/424/1118 932/423/1117 930/432/1126
f 922/427/1121 929/431/1125 930/432/1126 923/428/1122
f 924/419/1113 931/422/1116 933/424/1118 925/420/1114
f 928/426/1120 935/430/1124 934/429/1123 927/425/1119
f 923/428/1122 930/432/1126 917/414/1107 812/338/958
f 812/338/958 813/198/959 814/145/979 923/428/1122
f 926/421/1115 923/428/1122 814/145/979 826/196/983
f 929/431/1125 922/427/1121 925/420/1114 933/424/1118
f 927/425/1119 934/429/1123 931/422/1116 924/419/1113
f 926/421/1115 826/196/983 827/145/982 928/426/1120
f 686/302/816 928/426/1120 827/145/982 687/196/817
f 921/304/1112 935/430/1124 928/426/1120 686/302/816 694/304/824
f 917/414/1107 930/432/1126 918/416/1109 916/415/1108
f 930/432/1126 932/423/1117 919/417/1110 918/416/1109
f 932/423/1117 935/430/1124 920/418/1111 919/417/1110
f 920/418/1111 935/430/1124 921/304/1112
f 938/433/1127 939/434/1128 940/2/690
f 943/435/1129 944/436/1130 945/437/677
f 950/437/1131 951/438/1132 952/439/1133
f 953/440/1134 954/441/1135 955/441/1136
f 958/442/1137 959/442/1138 960/2/1139
f 1024/443/1140 943/435/1129 945/437/677 1025/437/1141
f 940/2/690 945/437/677 944/436/1130 938/433/1127
f 936/89/530 939/434/1142 938/433/1143 937/444/1144
f 942/445/1145 944/436/1146 943/435/1147 941/441/1148
f 1019/2/1149 940/2/690 939/434/1128 1020/442/1150
f 1054/441/1151 954/441/1135 953/440/1134 1056/446/1152
f 951/438/1153 955/441/1153 954/441/1153 952/439/1153
f 957/7/1154 959/442/1155 958/442/1156 956/5/1157
f 1020/442/1158 1018/5/1158 956/5/1157 958/442/1156
f 944/436/1146 942/445/1145 937/444/1144 938/433/1143
f 1054/441/1153 1055/435/1153 952/439/1153 954/441/1153
f 1022/442/1159 1021/89/1160 946/5/1161 947/434/1161
f 1036/441/1162 1038/447/1162 949/439/1163 948/441/1163
f 963/448/1164 964/449/1164 965/437/1164
f 968/450/1164 969/451/1164 970/452/1164
f 973/453/1165 974/440/1166 975/454/1167
f 976/449/1168 977/437/1169 978/455/1170
f 1263/11/92 1267/13/671 1122/41/671 981/41/92
f 1261/237/1171 1262/11/488 982/11/489 983/41/1172
f 987/451/1173 988/451/1174 989/450/1175
f 990/455/1164 991/449/1176 992/437/1177
f 965/437/1164 968/450/1164 970/452/1164 963/448/1164
f 969/451/1178 966/456/1179 967/457/1180 970/452/1178
f 961/458/1181 964/449/1182 963/448/1178 962/459/1183
f 992/437/1177 965/437/1164 964/449/1164 990/455/1164
f 975/454/1184 976/449/1185 978/455/1186 973/453/1165
f 1250/145/709 1259/18/45 1001/21/48 1135/145/710
f 1246/27/127 1245/45/1187 1138/45/1188 1137/55/128
f 968/450/1164 989/450/1175 988/451/1174 969/451/1164
f 987/451/1189 986/456/1190 985/456/1191 988/451/1192
f 977/437/1169 992/437/1177 991/449/1176 978/455/1170
f 993/458/1193 991/449/1194 990/455/1195 994/458/1196
f 997/455/1197 995/460/1197 996/461/1198 998/462/1199
f 1006/463/1200 977/437/1169 976/449/1168 1007/449/1201
f 1008/464/1202 996/461/1203 995/460/1203 1009/458/1204
f 964/449/1182 961/458/1181 994/458/1196 990/455/1195
f 970/452/1178 967/457/1180 962/459/1183 963/448/1178
f 966/456/1179 969/451/1178 988/451/1192 985/456/1191
f 1254/223/1205 1252/226/1206 972/11/1207 1129/11/1208
f 991/449/1194 993/458/1193 973/453/1165 978/455/1186
f 1007/449/1209 1009/458/1209 995/460/1210 997/455/1210
f 1265/5/1211 1266/5/1212 1121/5/1213 971/89/1214
f 1036/441/1215 948/441/1216 996/461/1216 1037/465/1217
f 948/441/1218 949/439/1218 998/462/1199 996/461/1198
f 1057/447/1219 951/438/1132 950/437/1131 1058/466/1220
f 1249/89/679 1255/5/1221 1125/89/1222 1133/5/680
f 1245/199/1187 1273/207/1223 1134/143/1224 1138/235/1188
f 1253/11/697 1261/237/1171 983/41/1172 979/42/698
f 1252/226/1206 1251/257/1225 984/257/1226 972/11/1207
f 1003/70/737 1005/69/736 947/434/1227 946/5/1227
f 1023/84/1228 960/2/1139 959/442/1138 1022/442/1229
f 976/449/1185 975/454/1184 1009/458/1209 1007/449/1209
f 974/440/1166 1008/464/1202 1009/458/1204 975/454/1167
f 998/462/1230 1006/463/1200 1007/449/1201 997/455/1230
f 1038/447/1231 1011/447/1232 1013/463/1233 1039/467/1234
f 1041/441/1235 1010/468/1236 1012/464/1237 1042/469/1238
f 1041/441/1239 1043/439/1239 1011/447/1239 1010/468/1239
f 1266/5/1240 1268/270/1241 1124/70/1242 1121/5/1243
f 1267/13/671 1248/11/537 1123/11/537 1122/41/671
f 1269/11/1244 1247/41/91 1127/42/91 1126/41/1245
f 939/434/1246 936/89/1246 1018/5/1246 1020/442/1246
f 960/2/1139 1019/2/1149 1020/442/1150 958/442/1137
f 1005/69/1247 1023/84/1228 1022/442/1229 947/434/1247
f 959/442/1155 957/7/1154 1021/89/1160 1022/442/1159
f 941/441/1148 943/435/1147 1024/443/1248 1026/470/1249
f 1034/443/1250 1024/443/1140 1025/437/1141 1032/437/1250
f 1051/441/1251 1049/447/1251 1028/447/1251 1030/441/1251
f 1051/441/1252 1030/441/1253 1031/471/1254 1052/472/1255
f 1045/439/1256 1028/447/1257 1029/473/1258 1046/474/1259
f 1055/435/1260 1034/443/1250 1032/437/1250 1053/475/1261
f 1026/470/1249 1024/443/1248 1034/443/1262 1033/441/1262
f 1026/470/1263 1033/441/1264 1035/440/1265 1027/440/1263
f 949/439/1266 1038/447/1231 1039/467/1234 998/462/1266
f 1010/468/1236 1036/441/1215 1037/465/1217 1012/464/1237
f 1010/468/1239 1011/447/1239 1038/447/1162 1036/441/1162
f 1011/447/1232 1043/439/1267 1044/476/1268 1013/463/1233
f 1047/441/1239 1045/439/1239 1043/439/1239 1041/441/1239
f 1047/441/1269 1041/441/1235 1042/469/1238 1048/477/1270
f 1030/441/1253 1047/441/1269 1048/477/1270 1031/471/1254
f 1030/441/1251 1028/447/1251 1045/439/1239 1047/441/1239
f 1043/439/1267 1045/439/1256 1046/474/1259 1044/476/1268
f 1059/441/1271 1051/441/1252 1052/472/1255 1060/478/1272
f 1059/441/1251 1057/447/1251 1049/447/1251 1051/441/1251
f 1028/447/1257 1049/447/1273 1050/479/1274 1029/473/1258
f 952/439/1133 1055/435/1260 1053/475/1261 950/437/1131
f 1033/441/1262 1034/443/1262 1055/435/1153 1054/441/1153
f 1033/441/1264 1054/441/1151 1056/446/1152 1035/440/1265
f 955/441/1153 951/438/1153 1057/447/1251 1059/441/1251
f 955/441/1136 1059/441/1271 1060/478/1272 953/440/1134
f 1049/447/1273 1057/447/1219 1058/466/1220 1050/479/1274
f 1061/480/1275 1064/481/1276 994/458/1196 961/458/1181
f 961/458/1181 962/459/1183 1061/480/1275
f 1062/482/1277 1061/480/1275 962/459/1183 967/457/1180
f 1063/483/1278 1062/482/1277 966/456/1179 985/456/1191
f 966/456/1179 1062/482/1277 967/457/1180
f 985/456/1191 986/456/1190 1063/483/1278
f 1270/257/1279 1254/223/1205 1129/11/1208 1128/237/1280
f 1064/481/1276 974/440/1166 973/453/1165 993/458/1193
f 993/458/1193 994/458/1196 1064/481/1276
f 1067/54/1281 1065/15/1281 1066/17/1282 1068/11/1283
f 936/89/530 937/444/1144 1066/17/43
f 1068/484/1283 1066/17/1282 937/444/1284 942/445/1285
f 941/441/1286 1026/470/1263 1027/440/1263 1068/484/1283
f 941/441/1286 1068/484/1283 942/445/1285
f 1069/485/1287 1070/486/1288 1071/487/1289
f 1072/488/1290 1073/489/1291 1074/490/1292
f 1075/491/1293 1076/492/1294 1077/493/1295 1078/494/1296
f 1079/495/1297 1080/496/1298 1081/497/1299
f 1082/498/1300 1083/499/1301 1084/500/1302
f 1085/501/1303 1086/502/1304 1087/503/1305
f 1088/504/1306 1089/505/1307 1090/506/1308
f 1091/507/1309 1092/506/1310 1093/508/1311 1094/509/1312
f 1097/510/1313 1098/511/1314 1099/512/1315 1100/513/1316
f 1103/514/1317 1104/515/1318 1105/516/1319 1106/517/1317
f 1107/518/1320 1108/519/1321 1109/520/1322 1110/521/1323
f 1111/522/1324 1112/523/1325 1113/524/1326 1114/525/1327
f 1115/526/1328 1116/527/1329 1117/528/1330
f 1118/529/1331 1119/530/1332 1120/531/1333
f 1082/498/1334 1075/491/1335 1078/494/1336 1083/499/1337
f 1077/493/1295 1079/495/1297 1081/497/1299 1078/494/1296
f 1080/496/1338 1084/500/1338 1083/499/1338 1081/497/1338
f 1091/507/1309 1085/501/1339 1087/503/1340 1092/506/1310
f 1086/502/1304 1088/504/1341 1090/506/1341 1087/503/1305
f 1089/505/1307 1093/508/1311 1092/506/1310 1090/506/1308
f 1071/487/1289 1072/488/1290 1074/490/1292 1069/485/1287
f 1107/518/1320 1076/492/1294 1075/491/1293 1108/519/1321
f 1111/522/1324 1071/487/1289 1070/486/1288 1112/523/1325
f 1076/492/1294 1094/509/1312 1093/508/1311 1077/493/1295
f 1088/504/1306 1080/496/1298 1079/495/1297 1089/505/1307
f 1106/532/1342 1102/532/1342 1101/532/1342 1103/532/1342
f 1102/30/1343 1096/27/1344 1095/533/1345 1101/534/1346
f 1096/27/1344 1098/45/1314 1097/535/1313 1095/533/1345
f 1100/513/1316 1104/515/1347 1103/514/1348 1097/510/1313
f 1115/526/1328 1099/512/1315 1098/511/1314 1116/527/1329
f 1118/529/1331 1082/498/1300 1084/500/1302 1119/530/1332
f 1073/489/1349 1105/516/1319 1104/515/1318 1074/490/1349
f 1099/512/1315 1070/486/1288 1069/485/1287 1100/513/1316
f 1072/488/1290 1110/521/1323 1109/520/1322 1073/489/1291
f 1094/509/1312 1114/525/1327 1113/524/1326 1091/507/1309
f 1085/501/1303 1117/528/1330 1116/527/1329 1086/502/1304
f 1105/516/1350 1120/531/1333 1119/530/1332 1106/517/1351
f 1120/531/1352 1109/520/1353 1108/519/1354 1118/529/1355
f 1117/528/1356 1113/524/1326 1112/523/1325 1115/526/1357
f 1110/521/1323 1111/522/1324 1114/525/1327 1107/518/1320
f 1104/515/1347 1100/513/1316 1069/485/1287 1074/490/1292
f 1111/522/1324 1110/521/1323 1072/488/1290 1071/487/1289
f 1099/512/1315 1115/526/1357 1112/523/1325 1070/486/1288
f 1120/531/1352 1105/516/1358 1073/489/1358 1109/520/1353
f 1082/498/1334 1118/529/1355 1108/519/1354 1075/491/1335
f 1078/494/1336 1081/497/1359 1083/499/1337
f 1094/509/1312 1076/492/1294 1107/518/1320 1114/525/1327
f 1077/493/1295 1093/508/1311 1089/505/1307 1079/495/1297
f 989/450/1175 1084/500/1360 1080/496/1360 987/451/1173
f 986/456/1190 987/451/1189 1080/496/1298 1088/504/1306
f 47/4/40 329/4/118 1119/4/1332 1084/234/1302
f 49/4/26 47/4/40 1084/234/1302 989/4/1076
f 1329/143/1361 1322/18/1362 1086/145/1304 1116/207/1329
f 1086/502/1363 1063/483/1278 986/456/1190 1088/504/1363
f 1322/18/1362 1341/145/563 1063/145/566 1086/145/1304
f 1117/528/1356 1085/501/1339 1091/507/1309 1113/524/1326
f 1087/503/1340 1090/506/1308 1092/506/1310
f 1331/536/1364 1323/27/1365 1096/27/1344 1102/30/1343
f 1101/534/1346 1095/533/1345 1097/535/1313 1103/537/1348
f 1323/27/1365 1324/45/1366 1098/45/1314 1096/27/1344
f 1324/538/1366 1329/143/1367 1116/207/1329 1098/235/1314
f 82/262/1368 81/34/1368 1224/34/1368 1206/34/1368 1274/34/1368 1136/34/1368 1281/34/1368 1158/30/1368 1331/536/1368 1102/30/1368 1106/539/1368
f 479/4/1369 82/52/1369 1106/540/1369 1040/4/1369
f 329/4/118 82/52/117 1106/540/1351 1119/4/1332
f 1258/236/1370 1265/5/1211 971/89/1214 1014/89/1371
f 1255/5/1221 1258/236/1370 1014/89/1371 1125/89/1222
f 1257/16/1372 1272/5/1373 1132/89/1374 1015/16/1375
f 1241/11/49 1270/257/1279 1128/237/1280 999/11/50
f 1256/11/490 1264/11/696 980/42/699 1002/12/490
f 1242/42/1376 1244/541/1377 1016/541/1378 1131/11/1379
f 1251/257/1225 1269/11/1244 1126/41/1245 984/257/1226
f 1244/541/1380 1243/542/1381 1017/542/1382 1016/541/1383
f 1243/542/1384 1257/16/1372 1015/16/1375 1017/542/1385
f 1308/264/1386 1279/325/1387 1156/207/1388 1172/264/1389
f 1307/27/1390 1308/543/1386 1172/543/1389 1171/27/1391
f 1281/34/126 1307/27/1390 1171/27/1391 1158/30/1364
f 1306/21/1392 1291/145/1393 1168/228/1394 1170/145/1395
f 1279/325/1396 1306/21/1392 1170/145/1395 1156/207/1397
f 1283/5/1398 1305/5/1399 1155/5/1400 1160/544/1401
f 1282/11/1402 1304/42/1403 1154/11/1404 1159/12/1405
f 1276/237/1406 1303/11/1407 1153/42/1408 1141/41/1409
f 1280/11/1410 1302/42/91 1152/277/91 1157/11/1411
f 1305/5/1399 1301/544/1412 1151/5/1412 1155/5/1400
f 1284/223/671 1300/11/537 1150/11/537 1161/223/671
f 1287/545/1413 1292/70/1414 1169/70/1415 1164/5/1416
f 1275/5/1417 1287/545/1418 1164/5/1419 1140/5/1420
f 1303/11/1407 1299/11/1421 1148/11/1422 1153/42/1408
f 1278/226/1423 1298/11/1424 1147/11/1425 1149/11/1426
f 1285/42/92 1284/223/671 1161/223/671 1162/11/92
f 1286/11/1427 1282/11/1402 1159/12/1405 1163/225/1428
f 1277/41/1429 1286/11/1427 1163/225/1428 1143/12/1430
f 1302/42/91 1285/42/92 1162/11/92 1152/277/91
f 1299/11/1421 1297/546/1431 1146/90/1432 1148/11/1422
f 1288/20/1433 1296/41/50 1145/11/1434 1165/199/1435
f 1298/11/1424 1277/41/1429 1143/12/1430 1147/11/1425
f 1291/145/1393 1288/20/1433 1165/199/1435 1168/228/1394
f 1300/11/537 1295/11/490 1144/251/490 1150/11/537
f 1290/236/1436 1275/5/1417 1140/5/1420 1167/236/548
f 1301/544/1412 1290/236/1436 1167/236/548 1151/5/1412
f 1289/16/1437 1283/5/1438 1160/544/1439 1166/547/1440
f 1296/41/50 1276/237/1406 1141/41/1409 1145/11/1434
f 1295/11/490 1278/226/1423 1149/11/1426 1144/251/490
f 1304/42/1441 1294/548/1442 1142/541/1443 1154/11/1444
f 1297/546/1431 1280/11/1410 1157/11/1411 1146/90/1432
f 1294/548/1445 1293/15/1446 1139/15/1447 1142/541/1448
f 1293/15/1449 1289/16/1437 1166/547/1440 1139/15/1450
f 1227/549/1451 1207/16/1452 1173/550/1453 1183/549/1454
f 1228/551/1455 1227/549/1456 1183/549/1457 1184/541/1458
f 1235/223/1459 1219/42/1460 1189/91/1461 1199/13/1462
f 1226/223/1463 1228/551/1464 1184/541/1465 1182/11/1466
f 1240/91/490 1214/42/1467 1180/41/1468 1204/11/490
f 1225/222/1469 1220/41/1470 1190/12/1471 1181/11/1472
f 1207/16/1452 1222/272/1473 1192/272/1474 1173/550/1453
f 1239/544/1221 1208/552/1475 1174/236/1476 1203/5/1221
f 1208/552/1475 1215/89/1477 1185/553/1478 1174/236/1476
f 1220/41/1470 1238/41/1479 1202/277/1480 1190/12/1471
f 1219/42/1460 1231/237/91 1195/11/91 1189/91/1461
f 1217/261/671 1232/226/537 1196/11/537 1187/257/671
f 1216/554/1481 1218/271/1482 1188/270/1483 1186/5/1484
f 1236/11/1485 1235/223/1459 1199/13/1462 1200/41/1486
f 1237/11/1487 1211/225/1488 1177/11/1489 1201/42/1490
f 1229/264/1491 1223/235/1492 1205/207/1493 1193/198/1494
f 1233/555/1495 1239/544/1221 1203/5/1221 1197/5/1496
f 1215/89/1477 1216/554/1497 1186/5/1498 1185/553/1478
f 1238/41/1479 1236/11/1485 1200/41/1486 1202/277/1480
f 1230/27/1499 1229/45/1491 1193/45/1494 1194/556/1500
f 1234/21/1501 1209/145/1502 1175/199/1503 1198/145/1504
f 1211/225/1488 1212/41/1505 1178/11/1506 1177/11/1489
f 1213/11/92 1217/261/671 1187/257/671 1179/12/92
f 1223/235/1507 1234/21/1501 1198/145/1504 1205/207/1508
f 1214/42/1467 1237/11/1487 1201/42/1490 1180/41/1468
f 1222/272/1509 1233/555/1495 1197/5/1496 1192/272/1510
f 1232/226/537 1240/91/490 1204/11/490 1196/11/537
f 1212/41/1505 1221/42/1511 1191/288/1512 1178/11/1506
f 1224/34/1513 1230/27/1499 1194/556/1500 1206/34/126
f 1221/42/1511 1226/223/1514 1182/11/1515 1191/288/1512
f 1231/237/91 1213/11/92 1179/12/92 1195/11/91
f 1210/196/1516 1225/222/1469 1181/11/1472 1176/18/1517
f 1209/145/1502 1210/196/1516 1176/18/1517 1175/199/1503
f 638/145/1518 635/145/1519 1210/196/1516 1209/145/1502
f 635/145/1519 633/11/1520 1225/222/1469 1210/196/1516
f 312/11/536 487/11/535 1213/11/92 1231/237/91
f 402/11/669 872/11/1521 1226/223/1514 1221/42/1511
f 81/34/1513 79/27/97 1230/27/1499 1224/34/1513
f 459/11/670 402/11/669 1221/42/1511 1212/41/1505
f 432/11/613 531/42/612 1240/91/490 1232/226/537
f 33/89/1522 346/5/1523 1233/555/1495 1222/272/1509
f 576/11/724 38/11/21 1237/11/1487 1214/42/1467
f 328/207/1524 48/143/1525 1234/21/1501 1223/235/1507
f 487/11/535 513/41/693 1217/261/671 1213/11/92
f 558/11/20 459/11/670 1212/41/1505 1211/225/1488
f 48/143/1525 638/145/1518 1209/145/1502 1234/21/1501
f 79/27/97 80/45/96 1229/45/1491 1230/27/1499
f 45/11/484 301/11/30 1236/11/1485 1238/41/1479
f 371/89/216 36/5/575 1216/554/1497 1215/89/1477
f 346/5/1523 39/5/1526 1239/544/1221 1233/555/1495
f 80/235/96 328/207/453 1223/235/1492 1229/264/1491
f 38/11/21 558/11/20 1211/225/1488 1237/11/1487
f 301/11/30 51/13/29 1235/223/1459 1236/11/1485
f 36/5/1527 120/70/1527 1218/271/1482 1216/554/1481
f 513/41/693 432/11/613 1232/226/537 1217/261/671
f 469/11/28 312/11/536 1231/237/91 1219/42/1460
f 640/11/944 45/11/484 1238/41/1479 1220/41/1470
f 41/7/1528 371/89/216 1215/89/1477 1208/552/1475
f 39/5/1526 41/7/1528 1208/552/1475 1239/544/1221
f 870/17/1067 33/89/1529 1222/272/1473 1207/16/1452
f 633/11/1520 640/11/944 1220/41/1470 1225/222/1469
f 531/42/612 576/11/724 1214/42/1467 1240/91/490
f 872/11/1530 871/54/1530 1228/551/1464 1226/223/1463
f 51/13/29 469/11/28 1219/42/1460 1235/223/1459
f 871/54/1531 869/15/1531 1227/549/1456 1228/551/1455
f 869/15/1068 870/17/1067 1207/16/1452 1227/549/1451
f 1183/549/1454 1173/550/1453 1257/16/1372 1243/542/1384
f 1184/541/1458 1183/549/1457 1243/542/1381 1244/541/1380
f 1199/13/1462 1189/91/1461 1269/11/1244 1251/257/1225
f 1182/11/1466 1184/541/1465 1244/541/1377 1242/42/1376
f 1204/11/490 1180/41/1468 1264/11/696 1256/11/490
f 1181/11/1472 1190/12/1471 1270/257/1279 1241/11/49
f 1173/550/1453 1192/272/1474 1272/5/1373 1257/16/1372
f 1203/5/1221 1174/236/1476 1258/236/1370 1255/5/1221
f 1174/236/1476 1185/553/1478 1265/5/1211 1258/236/1370
f 1190/12/1471 1202/277/1480 1254/223/1205 1270/257/1279
f 1189/91/1461 1195/11/91 1247/41/91 1269/11/1244
f 1187/257/671 1196/11/537 1248/11/537 1267/13/671
f 1186/5/1484 1188/270/1483 1268/270/1241 1266/5/1240
f 1200/41/1486 1199/13/1462 1251/257/1225 1252/226/1206
f 1201/42/1490 1177/11/1489 1261/237/1171 1253/11/697
f 1193/198/1494 1205/207/1493 1273/207/1223 1245/199/1187
f 1197/5/1496 1203/5/1221 1255/5/1221 1249/89/679
f 1185/553/1478 1186/5/1498 1266/5/1212 1265/5/1211
f 1202/277/1480 1200/41/1486 1252/226/1206 1254/223/1205
f 1194/556/1500 1193/45/1494 1245/45/1187 1246/27/127
f 1198/145/1504 1175/199/1503 1259/18/45 1250/145/709
f 1177/11/1489 1178/11/1506 1262/11/488 1261/237/1171
f 1179/12/92 1187/257/671 1267/13/671 1263/11/92
f 1205/207/1508 1198/145/1504 1250/145/709 1273/207/708
f 1180/41/1468 1201/42/1490 1253/11/697 1264/11/696
f 1192/272/1510 1197/5/1496 1249/89/679 1272/5/678
f 1196/11/537 1204/11/490 1256/11/490 1248/11/537
f 1178/11/1506 1191/288/1512 1271/42/122 1262/11/488
f 1206/34/126 1194/556/1500 1246/27/127 1274/34/126
f 1191/288/1512 1182/11/1515 1242/42/123 1271/42/122
f 1195/11/91 1179/12/92 1263/11/92 1247/41/91
f 1176/18/1517 1181/11/1472 1241/11/49 1260/19/46
f 1175/199/1503 1176/18/1517 1260/19/46 1259/18/45
f 1017/542/1385 1015/16/1375 1289/16/1437 1293/15/1449
f 1016/541/1383 1017/542/1382 1293/15/1446 1294/548/1445
f 984/257/1226 1126/41/1245 1280/11/1410 1297/546/1431
f 1131/11/1379 1016/541/1378 1294/548/1442 1304/42/1441
f 1002/12/490 980/42/699 1278/226/1423 1295/11/490
f 999/11/50 1128/237/1280 1276/237/1406 1296/41/50
f 1015/16/1375 1132/89/1374 1283/5/1438 1289/16/1437
f 1125/89/1222 1014/89/1371 1290/236/1436 1301/544/1412
f 1014/89/1371 971/89/1214 1275/5/1417 1290/236/1436
f 1123/11/537 1002/12/490 1295/11/490 1300/11/537
f 1001/21/48 1000/20/47 1288/20/1433 1291/145/1393
f 979/42/698 983/41/1172 1277/41/1429 1298/11/1424
f 1000/20/47 999/11/50 1296/41/50 1288/20/1433
f 972/11/1207 984/257/1226 1297/546/1431 1299/11/1421
f 1127/42/91 981/41/92 1285/42/92 1302/42/91
f 983/41/1172 982/11/489 1286/11/1427 1277/41/1429
f 982/11/489 1130/11/125 1282/11/1402 1286/11/1427
f 981/41/92 1122/41/671 1284/223/671 1285/42/92
f 980/42/699 979/42/698 1298/11/1424 1278/226/1423
f 1129/11/1208 972/11/1207 1299/11/1421 1303/11/1407
f 971/89/1214 1121/5/1213 1287/545/1418 1275/5/1417
f 1121/5/1243 1124/70/1242 1292/70/1414 1287/545/1413
f 1122/41/671 1123/11/537 1300/11/537 1284/223/671
f 1133/5/680 1125/89/1222 1301/544/1412 1305/5/1399
f 1126/41/1245 1127/42/91 1302/42/91 1280/11/1410
f 1128/237/1280 1129/11/1208 1303/11/1407 1276/237/1406
f 1130/11/125 1131/11/124 1304/42/1403 1282/11/1402
f 1132/89/681 1133/5/680 1305/5/1399 1283/5/1398
f 1134/143/711 1135/145/710 1306/21/1392 1279/325/1396
f 1135/145/710 1001/21/48 1291/145/1393 1306/21/1392
f 1136/34/126 1137/55/128 1307/27/1390 1281/34/126
f 1137/55/128 1138/45/1188 1308/543/1386 1307/27/1390
f 1138/235/1188 1134/143/1224 1279/325/1387 1308/264/1386
f 1172/264/1389 1156/207/1388 1329/143/1367 1324/538/1366
f 1171/27/1391 1172/543/1389 1324/45/1366 1323/27/1365
f 1158/30/1364 1171/27/1391 1323/27/1365 1331/536/1364
f 1170/145/1395 1168/228/1394 1341/145/563 1322/18/1362
f 1156/207/1397 1170/145/1395 1322/18/1362 1329/143/1361
f 1160/544/1401 1155/5/1400 1321/272/739 1333/5/1078
f 1159/12/1405 1154/11/1404 1320/11/1065 1332/11/641
f 1141/41/1409 1153/42/1408 1319/11/682 1326/11/526
f 1157/11/1411 1152/277/91 1318/11/91 1330/91/219
f 1155/5/1400 1151/5/1412 1317/89/547 1321/272/739
f 1161/223/671 1150/11/537 1316/11/537 1334/261/671
f 1164/5/1416 1169/70/1415 1342/70/731 1337/5/730
f 1140/5/1420 1164/5/1419 1337/5/725 1325/5/551
f 1153/42/1408 1148/11/1422 1315/237/599 1319/11/682
f 1149/11/1426 1147/11/1425 1314/237/567 1328/11/491
f 1162/11/92 1161/223/671 1334/261/671 1335/12/92
f 1163/225/1428 1159/12/1405 1332/11/641 1336/251/619
f 1143/12/1430 1163/225/1428 1336/251/619 1327/42/568
f 1152/277/91 1162/11/92 1335/12/92 1318/11/91
f 1148/11/1422 1146/90/1432 1313/90/218 1315/237/599
f 1165/199/1435 1145/11/1434 1312/11/525 1338/198/564
f 1147/11/1425 1143/12/1430 1327/42/568 1314/237/567
f 1168/228/1394 1165/199/1435 1338/198/564 1341/145/563
f 1150/11/537 1144/251/490 1311/224/490 1316/11/537
f 1167/236/548 1140/5/1420 1325/5/551 1340/236/548
f 1151/5/1412 1167/236/548 1340/236/548 1317/89/547
f 1166/547/1440 1160/544/1439 1333/5/529 1339/16/42
f 1145/11/1434 1141/41/1409 1326/11/526 1312/11/525
f 1144/251/490 1149/11/1426 1328/11/491 1311/224/490
f 1154/11/1444 1142/541/1443 1310/53/486 1320/11/485
f 1146/90/1432 1157/11/1411 1330/91/219 1313/90/218
f 1142/541/1448 1139/15/1447 1309/15/120 1310/53/119
f 1139/15/1450 1166/547/1440 1339/16/42 1309/15/41
